timestamp,open,high,low,close,volume,datetime,regime
1790509251630,43500,43640.52,41901.04,42609.87,650.1,2026-09-27T11:40:51.630Z,Dual Liquidation Whipsaw Storm
1790509311630,42609.87,42677.45,41428.31,42118.66,637.8,2026-09-27T11:41:51.630Z,Dual Liquidation Whipsaw Storm
1790509371630,42118.66,42155.42,41744.14,41772.99,521.1,2026-09-27T11:42:51.630Z,Dual Liquidation Whipsaw Storm
1790509431630,41772.99,41790.14,40947.84,41447.88,640,2026-09-27T11:43:51.630Z,Dual Liquidation Whipsaw Storm
1790509491630,41447.88,41858.15,40369.79,41001.44,388.5,2026-09-27T11:44:51.630Z,Dual Liquidation Whipsaw Storm
1790509551630,41001.44,41195.66,40354.62,40568.7,417.1,2026-09-27T11:45:51.630Z,Dual Liquidation Whipsaw Storm
1790509611630,40568.7,40744.11,39721.82,40471.47,355.6,2026-09-27T11:46:51.630Z,Dual Liquidation Whipsaw Storm
1790509671630,40471.47,40584.16,39884.26,40374.85,379.9,2026-09-27T11:47:51.630Z,Dual Liquidation Whipsaw Storm
1790509731630,40374.85,40472.36,40306.63,40309.34,460.3,2026-09-27T11:48:51.630Z,Dual Liquidation Whipsaw Storm
1790509791630,40309.34,40448.74,39552.94,40308.16,525.7,2026-09-27T11:49:51.630Z,Dual Liquidation Whipsaw Storm
1790509851630,40308.16,40377.57,39834.86,40181.54,513.7,2026-09-27T11:50:51.630Z,Dual Liquidation Whipsaw Storm
1790509911630,40181.54,40238.36,39615,39926.64,443.4,2026-09-27T11:51:51.630Z,Dual Liquidation Whipsaw Storm
1790509971630,39926.64,40588.86,38979.79,39696.65,320.1,2026-09-27T11:52:51.630Z,Dual Liquidation Whipsaw Storm
1790510031630,39696.65,39759.62,39504.13,39558.86,156.6,2026-09-27T11:53:51.630Z,Dual Liquidation Whipsaw Storm
1790510091630,39558.86,40148.68,39175.88,39393.32,369.7,2026-09-27T11:54:51.630Z,Dual Liquidation Whipsaw Storm
1790510151630,39393.32,41337.11,39010.77,40739.91,840.5,2026-09-27T11:55:51.630Z,Dual Liquidation Whipsaw Storm
1790510211630,40739.91,40921.45,40480.09,40903.06,379.1,2026-09-27T11:56:51.630Z,Dual Liquidation Whipsaw Storm
1790510271630,40903.06,41315.29,40409.13,40927.13,553.5,2026-09-27T11:57:51.630Z,Dual Liquidation Whipsaw Storm
1790510331630,40927.13,41284.99,40645.86,41111.11,586.5,2026-09-27T11:58:51.630Z,Dual Liquidation Whipsaw Storm
1790510391630,41111.11,41422.92,40691.96,41006.07,273.4,2026-09-27T11:59:51.630Z,Dual Liquidation Whipsaw Storm
1790510451630,41006.07,41791.38,39991.71,41010.27,199.1,2026-09-27T12:00:51.630Z,Dual Liquidation Whipsaw Storm
1790510511630,41010.27,41787.37,39986.85,40882.83,466.6,2026-09-27T12:01:51.630Z,Dual Liquidation Whipsaw Storm
1790510571630,40882.83,41193.09,40664.6,40677.52,358.2,2026-09-27T12:02:51.630Z,Dual Liquidation Whipsaw Storm
1790510631630,40677.52,40826.4,39462.94,39866.6,467.8,2026-09-27T12:03:51.630Z,Dual Liquidation Whipsaw Storm
1790510691630,39866.6,40723.7,39382.37,40038.21,472.7,2026-09-27T12:04:51.630Z,Dual Liquidation Whipsaw Storm
1790510751630,40038.21,42522.51,40022.52,41788.61,1157.6,2026-09-27T12:05:51.630Z,Dual Liquidation Whipsaw Storm
1790510811630,41788.61,42427.59,41237,41928.45,163.4,2026-09-27T12:06:51.630Z,Dual Liquidation Whipsaw Storm
1790510871630,41928.45,42282.3,41791.64,41912.56,382.5,2026-09-27T12:07:51.630Z,Dual Liquidation Whipsaw Storm
1790510931630,41912.56,42715.25,41308.08,41915.8,144.4,2026-09-27T12:08:51.630Z,Dual Liquidation Whipsaw Storm
1790510991630,41915.8,43917.5,41751.81,43822.52,1211.7,2026-09-27T12:09:51.630Z,Dual Liquidation Whipsaw Storm
1790511051630,43822.52,44179.1,43567.57,43804.41,107.6,2026-09-27T12:10:51.630Z,Dual Liquidation Whipsaw Storm
1790511111630,43804.41,44220.59,43632.85,43679.01,437.8,2026-09-27T12:11:51.630Z,Dual Liquidation Whipsaw Storm
1790511171630,43679.01,44368.28,42424.72,42643.97,879.9,2026-09-27T12:12:51.630Z,Dual Liquidation Whipsaw Storm
1790511231630,42643.97,42734.19,41342.81,41766.86,441.2,2026-09-27T12:13:51.630Z,Dual Liquidation Whipsaw Storm
1790511291630,41766.86,41886.42,40986.63,41352.87,332.6,2026-09-27T12:14:51.630Z,Dual Liquidation Whipsaw Storm
1790511351630,41352.87,41394.21,39122.76,39604.37,1045.1,2026-09-27T12:15:51.630Z,Dual Liquidation Whipsaw Storm
1790511411630,39604.37,39956.4,38612.76,38777.2,496.8,2026-09-27T12:16:51.630Z,Dual Liquidation Whipsaw Storm
1790511471630,38777.2,38844.23,38173.83,38243.32,590.5,2026-09-27T12:17:51.630Z,Dual Liquidation Whipsaw Storm
1790511531630,38243.32,38388.38,37419.4,37591.45,631.8,2026-09-27T12:18:51.630Z,Dual Liquidation Whipsaw Storm
1790511591630,37591.45,38934.32,37440.02,38926.74,939.7,2026-09-27T12:19:51.630Z,Dual Liquidation Whipsaw Storm
1790511651630,38926.74,38983.75,38578.81,38647.43,325.3,2026-09-27T12:20:51.630Z,Dual Liquidation Whipsaw Storm
1790511711630,38647.43,38844.16,37912.31,38184.51,702.7,2026-09-27T12:21:51.630Z,Dual Liquidation Whipsaw Storm
1790511771630,38184.51,38309.57,37340.61,37748.31,373.5,2026-09-27T12:22:51.630Z,Dual Liquidation Whipsaw Storm
1790511831630,37748.31,37837.57,37261.04,37369.51,385.2,2026-09-27T12:23:51.630Z,Dual Liquidation Whipsaw Storm
1790511891630,37369.51,37841.82,36924.27,36982.17,425.5,2026-09-27T12:24:51.630Z,Dual Liquidation Whipsaw Storm
1790511951630,36982.17,37702.97,36782.39,37604.74,404.4,2026-09-27T12:25:51.630Z,Dual Liquidation Whipsaw Storm
1790512011630,37604.74,38605.7,37299.64,38103.15,710.6,2026-09-27T12:26:51.630Z,Dual Liquidation Whipsaw Storm
1790512071630,38103.15,38832,37740.03,38244.89,415.1,2026-09-27T12:27:51.630Z,Dual Liquidation Whipsaw Storm
1790512131630,38244.89,38674.49,37484.58,37589.65,523.4,2026-09-27T12:28:51.630Z,Dual Liquidation Whipsaw Storm
1790512191630,37589.65,38079.74,37016.24,37055,365.9,2026-09-27T12:29:51.630Z,Dual Liquidation Whipsaw Storm
1790512251630,37055,37147.31,36439.52,36842.53,421.7,2026-09-27T12:30:51.630Z,Dual Liquidation Whipsaw Storm
1790512311630,36842.53,37400.05,35946.74,36396.81,486.4,2026-09-27T12:31:51.630Z,Dual Liquidation Whipsaw Storm
1790512371630,36396.81,37108.51,36207.69,36316.37,224.4,2026-09-27T12:32:51.630Z,Dual Liquidation Whipsaw Storm
1790512431630,36316.37,36332.11,35789.01,36243.6,358.2,2026-09-27T12:33:51.630Z,Dual Liquidation Whipsaw Storm
1790512491630,36243.6,36319.68,35294.69,36087.51,215.9,2026-09-27T12:34:51.630Z,Dual Liquidation Whipsaw Storm
1790512551630,36087.51,36289.15,36055.24,36104.67,490.4,2026-09-27T12:35:51.630Z,Dual Liquidation Whipsaw Storm
1790512611630,36104.67,38509.65,35807.31,38103.93,1315.3,2026-09-27T12:36:51.630Z,Dual Liquidation Whipsaw Storm
1790512671630,38103.93,39179.43,37346.64,38804.74,762.1,2026-09-27T12:37:51.630Z,Dual Liquidation Whipsaw Storm
1790512731630,38804.74,39897.73,38312.89,39492.21,749,2026-09-27T12:38:51.630Z,Dual Liquidation Whipsaw Storm
1790512791630,39492.21,40928.49,39214.02,40086.34,737.3,2026-09-27T12:39:51.630Z,Dual Liquidation Whipsaw Storm
1790512851630,40086.34,41896.69,40065.71,41326.71,625.6,2026-09-27T12:40:51.630Z,Dual Liquidation Whipsaw Storm
1790512911630,41326.71,41928.09,40556.6,40755.29,799.3,2026-09-27T12:41:51.630Z,Dual Liquidation Whipsaw Storm
1790512971630,40755.29,41554.18,39987.4,40124.71,696.4,2026-09-27T12:42:51.630Z,Dual Liquidation Whipsaw Storm
1790513031630,40124.71,42446.92,39913.13,41985.53,958.8,2026-09-27T12:43:51.630Z,Dual Liquidation Whipsaw Storm
1790513091630,41985.53,42811.47,41778.48,42379.72,443.5,2026-09-27T12:44:51.630Z,Dual Liquidation Whipsaw Storm
1790513151630,42379.72,43362.33,41820.78,42955.3,787.4,2026-09-27T12:45:51.630Z,Dual Liquidation Whipsaw Storm
1790513211630,42955.3,43535.69,42852.32,43483.03,343.9,2026-09-27T12:46:51.630Z,Dual Liquidation Whipsaw Storm
1790513271630,43483.03,44536.92,43308.16,43804.64,503.9,2026-09-27T12:47:51.630Z,Dual Liquidation Whipsaw Storm
1790513331630,43804.64,44237.67,43517.94,44196.04,597.1,2026-09-27T12:48:51.630Z,Dual Liquidation Whipsaw Storm
1790513391630,44196.04,44425.02,44150.26,44258.87,166.3,2026-09-27T12:49:51.630Z,Dual Liquidation Whipsaw Storm
1790513451630,44258.87,45628.52,43812.14,44674.43,417.9,2026-09-27T12:50:51.630Z,Dual Liquidation Whipsaw Storm
1790513511630,44674.43,45614.08,44663.54,45060.64,647.6,2026-09-27T12:51:51.630Z,Dual Liquidation Whipsaw Storm
1790513571630,45060.64,46039.29,44245.53,45469.08,308,2026-09-27T12:52:51.630Z,Dual Liquidation Whipsaw Storm
1790513631630,45469.08,45809.15,44851.57,45808.22,376.1,2026-09-27T12:53:51.630Z,Dual Liquidation Whipsaw Storm
1790513691630,45808.22,45890.34,45652.81,45856.7,171.2,2026-09-27T12:54:51.630Z,Dual Liquidation Whipsaw Storm
1790513751630,45856.7,46543.37,45663.83,45959.69,591.7,2026-09-27T12:55:51.630Z,Dual Liquidation Whipsaw Storm
1790513811630,45959.69,46185.44,43628.31,44421.09,1081.5,2026-09-27T12:56:51.630Z,Dual Liquidation Whipsaw Storm
1790513871630,44421.09,44875.22,44094.89,44701.05,396,2026-09-27T12:57:51.630Z,Dual Liquidation Whipsaw Storm
1790513931630,44701.05,45820.06,44273.03,44968.56,204.2,2026-09-27T12:58:51.630Z,Dual Liquidation Whipsaw Storm
1790513991630,44968.56,45357.28,44660.32,44907.15,364.7,2026-09-27T12:59:51.630Z,Dual Liquidation Whipsaw Storm
1790514051630,44907.15,45504.84,44881.37,45219.96,505.6,2026-09-27T13:00:51.630Z,Dual Liquidation Whipsaw Storm
1790514111630,45219.96,46020.18,44695.41,45436.93,493.4,2026-09-27T13:01:51.630Z,Dual Liquidation Whipsaw Storm
1790514171630,45436.93,45903.77,45262.33,45512.96,489,2026-09-27T13:02:51.630Z,Dual Liquidation Whipsaw Storm
1790514231630,45512.96,45722.24,45056.45,45588.07,570.2,2026-09-27T13:03:51.630Z,Dual Liquidation Whipsaw Storm
1790514291630,45588.07,45744.99,44330.76,44642.78,576.7,2026-09-27T13:04:51.630Z,Dual Liquidation Whipsaw Storm
1790514351630,44642.78,46836.18,44557.67,46146.2,1045.3,2026-09-27T13:05:51.630Z,Dual Liquidation Whipsaw Storm
1790514411630,46146.2,46727.53,44936.66,45470.16,705.9,2026-09-27T13:06:51.630Z,Dual Liquidation Whipsaw Storm
1790514471630,45470.16,46167.44,44407.38,44948.19,520.1,2026-09-27T13:07:51.630Z,Dual Liquidation Whipsaw Storm
1790514531630,44948.19,45312.1,43196.48,43487.64,598.9,2026-09-27T13:08:51.630Z,Dual Liquidation Whipsaw Storm
1790514591630,43487.64,44224.33,42595.02,43322.14,363.6,2026-09-27T13:09:51.630Z,Dual Liquidation Whipsaw Storm
1790514651630,43322.14,43721.09,42458.02,43000.45,683.6,2026-09-27T13:10:51.630Z,Dual Liquidation Whipsaw Storm
1790514711630,43000.45,43319.76,42128.56,42346.62,420.4,2026-09-27T13:11:51.630Z,Dual Liquidation Whipsaw Storm
1790514771630,42346.62,43084.42,41563.57,41863.36,734.2,2026-09-27T13:12:51.630Z,Dual Liquidation Whipsaw Storm
1790514831630,41863.36,42155,40769.59,41549.37,597.8,2026-09-27T13:13:51.630Z,Dual Liquidation Whipsaw Storm
1790514891630,41549.37,41625.42,40746.08,41160.54,645.7,2026-09-27T13:14:51.630Z,Dual Liquidation Whipsaw Storm
1790514951630,41160.54,41440.83,40742,41173.2,344,2026-09-27T13:15:51.630Z,Dual Liquidation Whipsaw Storm
1790515011630,41173.2,41614.54,40769.07,41215.43,571,2026-09-27T13:16:51.630Z,Dual Liquidation Whipsaw Storm
1790515071630,41215.43,41856.86,40541.59,41308.84,452.1,2026-09-27T13:17:51.630Z,Dual Liquidation Whipsaw Storm
1790515131630,41308.84,42781.86,41002.07,42491.49,756.7,2026-09-27T13:18:51.630Z,Dual Liquidation Whipsaw Storm
1790515191630,42491.49,42663.19,40215.17,40798.4,715.6,2026-09-27T13:19:51.630Z,Dual Liquidation Whipsaw Storm
1790515251630,40798.4,41735.02,40753.67,41554.2,675.6,2026-09-27T13:20:51.630Z,Dual Liquidation Whipsaw Storm
1790515311630,41554.2,41886.51,40503.42,40691.82,898.5,2026-09-27T13:21:51.630Z,Dual Liquidation Whipsaw Storm
1790515371630,40691.82,40856.16,39721.02,40094.06,576.9,2026-09-27T13:22:51.630Z,Dual Liquidation Whipsaw Storm
1790515431630,40094.06,40503.21,39608.83,39665.61,290.5,2026-09-27T13:23:51.630Z,Dual Liquidation Whipsaw Storm
1790515491630,39665.61,39826.1,38752.17,39271.31,645.1,2026-09-27T13:24:51.630Z,Dual Liquidation Whipsaw Storm
1790515551630,39271.31,39927.74,38521.35,38924.46,524.5,2026-09-27T13:25:51.630Z,Dual Liquidation Whipsaw Storm
1790515611630,38924.46,39125.79,38639.93,38706.45,566.5,2026-09-27T13:26:51.630Z,Dual Liquidation Whipsaw Storm
1790515671630,38706.45,39172.44,36866.86,37362.56,882.7,2026-09-27T13:27:51.630Z,Dual Liquidation Whipsaw Storm
1790515731630,37362.56,37578.26,35415.38,35790.05,923,2026-09-27T13:28:51.630Z,Dual Liquidation Whipsaw Storm
1790515791630,35790.05,35972.59,35014.55,35778.79,374.4,2026-09-27T13:29:51.630Z,Dual Liquidation Whipsaw Storm
1790515851630,35778.79,36182.83,35260.76,35783.97,350.3,2026-09-27T13:30:51.630Z,Dual Liquidation Whipsaw Storm
1790515911630,35783.97,36281.6,35577.15,35634.37,492.7,2026-09-27T13:31:51.630Z,Dual Liquidation Whipsaw Storm
1790515971630,35634.37,36379.74,35488.39,35717.63,454.9,2026-09-27T13:32:51.630Z,Dual Liquidation Whipsaw Storm
1790516031630,35717.63,36417.89,35428.75,35468.6,420.2,2026-09-27T13:33:51.630Z,Dual Liquidation Whipsaw Storm
1790516091630,35468.6,36035.76,34814.81,35527.12,145.3,2026-09-27T13:34:51.630Z,Dual Liquidation Whipsaw Storm
1790516151630,35527.12,35551.82,35291.59,35540.67,480.2,2026-09-27T13:35:51.630Z,Dual Liquidation Whipsaw Storm
1790516211630,35540.67,35718.23,35239.41,35297.5,590.7,2026-09-27T13:36:51.630Z,Dual Liquidation Whipsaw Storm
1790516271630,35297.5,35948.88,34903.58,35316.98,156.5,2026-09-27T13:37:51.630Z,Dual Liquidation Whipsaw Storm
1790516331630,35316.98,35322.32,35045.04,35133.43,641.6,2026-09-27T13:38:51.630Z,Dual Liquidation Whipsaw Storm
1790516391630,35133.43,36714.94,34952.71,36291.41,679.6,2026-09-27T13:39:51.630Z,Dual Liquidation Whipsaw Storm
1790516451630,36291.41,36346.5,34413.05,34731.24,767.9,2026-09-27T13:40:51.630Z,Dual Liquidation Whipsaw Storm
1790516511630,34731.24,35959.57,34652.43,35302.89,366.5,2026-09-27T13:41:51.630Z,Dual Liquidation Whipsaw Storm
1790516571630,35302.89,35700.03,34027.36,34750.27,768,2026-09-27T13:42:51.630Z,Dual Liquidation Whipsaw Storm
1790516631630,34750.27,36155.56,34689.91,35904.78,1076.4,2026-09-27T13:43:51.630Z,Dual Liquidation Whipsaw Storm
1790516691630,35904.78,36646.59,35381.81,35646.05,562.2,2026-09-27T13:44:51.630Z,Dual Liquidation Whipsaw Storm
1790516751630,35646.05,36107.86,33779.5,33901.24,1105.8,2026-09-27T13:45:51.630Z,Dual Liquidation Whipsaw Storm
1790516811630,33901.24,34703.38,33797.96,34523.79,723.2,2026-09-27T13:46:51.630Z,Dual Liquidation Whipsaw Storm
1790516871630,34523.79,34660.4,34351.79,34464.99,558,2026-09-27T13:47:51.630Z,Dual Liquidation Whipsaw Storm
1790516931630,34464.99,34467.4,33153.54,33288.67,661.7,2026-09-27T13:48:51.630Z,Dual Liquidation Whipsaw Storm
1790516991630,33288.67,33891.32,32344.34,32360.16,714.5,2026-09-27T13:49:51.630Z,Dual Liquidation Whipsaw Storm
1790517051630,32360.16,32684.05,32247.45,32346.27,488.4,2026-09-27T13:50:51.630Z,Dual Liquidation Whipsaw Storm
1790517111630,32346.27,33632.07,32070.17,33259.15,688.1,2026-09-27T13:51:51.630Z,Dual Liquidation Whipsaw Storm
1790517171630,33259.15,33601.75,32573.86,32912.47,324.7,2026-09-27T13:52:51.630Z,Dual Liquidation Whipsaw Storm
1790517231630,32912.47,33107.56,32215.66,32419.76,365.6,2026-09-27T13:53:51.630Z,Dual Liquidation Whipsaw Storm
1790517291630,32419.76,33667.69,32263.99,33185.15,778.7,2026-09-27T13:54:51.630Z,Dual Liquidation Whipsaw Storm
1790517351630,33185.15,33918.57,32632.04,33783.79,851.4,2026-09-27T13:55:51.630Z,Dual Liquidation Whipsaw Storm
1790517411630,33783.79,34515.41,33048.36,34233.78,617.5,2026-09-27T13:56:51.630Z,Dual Liquidation Whipsaw Storm
1790517471630,34233.78,35249.52,33845.15,34520.16,501.7,2026-09-27T13:57:51.630Z,Dual Liquidation Whipsaw Storm
1790517531630,34520.16,34879.81,34165.92,34800.46,601.8,2026-09-27T13:58:51.630Z,Dual Liquidation Whipsaw Storm
1790517591630,34800.46,35594.36,34771.25,35215.95,713.6,2026-09-27T13:59:51.630Z,Dual Liquidation Whipsaw Storm
1790517651630,35215.95,35901.19,34220.41,34421.21,709.2,2026-09-27T14:00:51.630Z,Dual Liquidation Whipsaw Storm
1790517711630,34421.21,35007.6,34313.97,34632.23,199.6,2026-09-27T14:01:51.630Z,Dual Liquidation Whipsaw Storm
1790517771630,34632.23,34985.72,34330.03,34650.96,505,2026-09-27T14:02:51.630Z,Dual Liquidation Whipsaw Storm
1790517831630,34650.96,35605.08,34299.43,35018.91,745.1,2026-09-27T14:03:51.630Z,Dual Liquidation Whipsaw Storm
1790517891630,35018.91,35705.02,34115.17,34346.91,640.2,2026-09-27T14:04:51.630Z,Dual Liquidation Whipsaw Storm
1790517951630,34346.91,34604.79,33503.21,33786.71,743.9,2026-09-27T14:05:51.630Z,Dual Liquidation Whipsaw Storm
1790518011630,33786.71,34229.93,33114.75,33440.17,484.6,2026-09-27T14:06:51.630Z,Dual Liquidation Whipsaw Storm
1790518071630,33440.17,33502.87,32797.01,33002.49,590.6,2026-09-27T14:07:51.630Z,Dual Liquidation Whipsaw Storm
1790518131630,33002.49,33266.1,32250.56,32629.44,392.6,2026-09-27T14:08:51.630Z,Dual Liquidation Whipsaw Storm
1790518191630,32629.44,32983.81,32070.74,32299.19,288.5,2026-09-27T14:09:51.630Z,Dual Liquidation Whipsaw Storm
1790518251630,32299.19,32599.49,31713.12,31972.56,716.3,2026-09-27T14:10:51.630Z,Dual Liquidation Whipsaw Storm
1790518311630,31972.56,31995.11,31726.65,31874.4,310.4,2026-09-27T14:11:51.630Z,Dual Liquidation Whipsaw Storm
1790518371630,31874.4,31914.52,31534.85,31753.46,351,2026-09-27T14:12:51.630Z,Dual Liquidation Whipsaw Storm
1790518431630,31753.46,32262.01,31199.72,31448.39,365.8,2026-09-27T14:13:51.630Z,Dual Liquidation Whipsaw Storm
1790518491630,31448.39,31910.33,31170.01,31433.08,562.5,2026-09-27T14:14:51.630Z,Dual Liquidation Whipsaw Storm
1790518551630,31433.08,31662.82,31042.1,31295.01,318.5,2026-09-27T14:15:51.630Z,Dual Liquidation Whipsaw Storm
1790518611630,31295.01,31425.42,31151.37,31239.11,372.2,2026-09-27T14:16:51.630Z,Dual Liquidation Whipsaw Storm
1790518671630,31239.11,31889.58,30806.41,31316.08,205.9,2026-09-27T14:17:51.630Z,Dual Liquidation Whipsaw Storm
1790518731630,31316.08,31782.03,30818.11,31250.86,328.5,2026-09-27T14:18:51.630Z,Dual Liquidation Whipsaw Storm
1790518791630,31250.86,31481.94,29598.83,29679.49,1106.4,2026-09-27T14:19:51.630Z,Dual Liquidation Whipsaw Storm
1790518851630,29679.49,30066.31,28678.77,28886.39,919.3,2026-09-27T14:20:51.630Z,Dual Liquidation Whipsaw Storm
1790518911630,28886.39,29533.73,28398.05,29316.3,476.6,2026-09-27T14:21:51.630Z,Dual Liquidation Whipsaw Storm
1790518971630,29316.3,29996.23,29288.14,29963.83,541,2026-09-27T14:22:51.630Z,Dual Liquidation Whipsaw Storm
1790519031630,29963.83,31659.95,29917.86,31222.84,834.3,2026-09-27T14:23:51.630Z,Dual Liquidation Whipsaw Storm
1790519091630,31222.84,32120.13,31112,31916.18,619.3,2026-09-27T14:24:51.630Z,Dual Liquidation Whipsaw Storm
1790519151630,31916.18,32794.55,31501.62,32368,400,2026-09-27T14:25:51.630Z,Dual Liquidation Whipsaw Storm
1790519211630,32368,32720.9,32155.06,32663.33,462,2026-09-27T14:26:51.630Z,Dual Liquidation Whipsaw Storm
1790519271630,32663.33,32974.67,31983.84,32963.38,429,2026-09-27T14:27:51.630Z,Dual Liquidation Whipsaw Storm
1790519331630,32963.38,33574.69,32905.88,33332.88,493.8,2026-09-27T14:28:51.630Z,Dual Liquidation Whipsaw Storm
1790519391630,33332.88,34270.62,33009.38,33805.58,552.5,2026-09-27T14:29:51.630Z,Dual Liquidation Whipsaw Storm
1790519451630,33805.58,34467.89,33716.65,34137.34,356.5,2026-09-27T14:30:51.630Z,Dual Liquidation Whipsaw Storm
1790519511630,34137.34,35382.22,34004.32,34867.45,633.5,2026-09-27T14:31:51.630Z,Dual Liquidation Whipsaw Storm
1790519571630,34867.45,36556.7,34477.54,35807.07,684,2026-09-27T14:32:51.630Z,Dual Liquidation Whipsaw Storm
1790519631630,35807.07,36775.89,35359.53,36288.21,467.7,2026-09-27T14:33:51.630Z,Dual Liquidation Whipsaw Storm
1790519691630,36288.21,37008.9,35455.71,36877.14,344.5,2026-09-27T14:34:51.630Z,Dual Liquidation Whipsaw Storm
1790519751630,36877.14,37639.54,36582.9,37380.01,516.1,2026-09-27T14:35:51.630Z,Dual Liquidation Whipsaw Storm
1790519811630,37380.01,38135.32,37373.03,37994.35,423,2026-09-27T14:36:51.630Z,Dual Liquidation Whipsaw Storm
1790519871630,37994.35,38999.52,37738.42,38200.78,563.6,2026-09-27T14:37:51.630Z,Dual Liquidation Whipsaw Storm
1790519931630,38200.78,39889.03,37444.96,39558.41,918.8,2026-09-27T14:38:51.630Z,Dual Liquidation Whipsaw Storm
1790519991630,39558.41,40738.33,39544.53,39964.13,470.7,2026-09-27T14:39:51.630Z,Dual Liquidation Whipsaw Storm
1790520051630,39964.13,40229.92,39247.42,40101.52,651.5,2026-09-27T14:40:51.630Z,Dual Liquidation Whipsaw Storm
1790520111630,40101.52,40586.32,39671.82,40149.75,242,2026-09-27T14:41:51.630Z,Dual Liquidation Whipsaw Storm
1790520171630,40149.75,40751.36,40077.84,40347.42,602.5,2026-09-27T14:42:51.630Z,Dual Liquidation Whipsaw Storm
1790520231630,40347.42,40996.47,39731.81,40492.07,532.9,2026-09-27T14:43:51.630Z,Dual Liquidation Whipsaw Storm
1790520291630,40492.07,40753.17,40268.13,40493.3,190.9,2026-09-27T14:44:51.630Z,Dual Liquidation Whipsaw Storm
1790520351630,40493.3,40842.37,40260.34,40566.56,552,2026-09-27T14:45:51.630Z,Dual Liquidation Whipsaw Storm
1790520411630,40566.56,40708.51,40191.9,40607.49,522.2,2026-09-27T14:46:51.630Z,Dual Liquidation Whipsaw Storm
1790520471630,40607.49,40819.06,40418.25,40626.75,418.4,2026-09-27T14:47:51.630Z,Dual Liquidation Whipsaw Storm
1790520531630,40626.75,41935.64,40030.91,41896.2,802,2026-09-27T14:48:51.630Z,Dual Liquidation Whipsaw Storm
1790520591630,41896.2,41992.5,41236.65,41806.49,370.9,2026-09-27T14:49:51.630Z,Dual Liquidation Whipsaw Storm
1790520651630,41806.49,41945.55,41178.36,41928.24,370.8,2026-09-27T14:50:51.630Z,Dual Liquidation Whipsaw Storm
1790520711630,41928.24,42270.3,41234.96,42053.63,599.5,2026-09-27T14:51:51.630Z,Dual Liquidation Whipsaw Storm
1790520771630,42053.63,42065.3,41806.8,41885.69,551.3,2026-09-27T14:52:51.630Z,Dual Liquidation Whipsaw Storm
1790520831630,41885.69,42330.75,41539.37,41752.07,395.2,2026-09-27T14:53:51.630Z,Dual Liquidation Whipsaw Storm
1790520891630,41752.07,43729.67,41148.8,43589.08,1115.5,2026-09-27T14:54:51.630Z,Dual Liquidation Whipsaw Storm
1790520951630,43589.08,44409.83,43057.9,43373.85,309,2026-09-27T14:55:51.630Z,Dual Liquidation Whipsaw Storm
1790521011630,43373.85,43852.74,43059.24,43503.96,442.2,2026-09-27T14:56:51.630Z,Dual Liquidation Whipsaw Storm
1790521071630,43503.96,44247.1,43086.78,43620.58,268.6,2026-09-27T14:57:51.630Z,Dual Liquidation Whipsaw Storm
1790521131630,43620.58,43926.8,43505.65,43645.78,301,2026-09-27T14:58:51.630Z,Dual Liquidation Whipsaw Storm
1790521191630,43645.78,43839.46,42276.24,42666.43,507,2026-09-27T14:59:51.630Z,Dual Liquidation Whipsaw Storm
1790521251630,42666.43,43501.86,42448.95,42759.58,619.2,2026-09-27T15:00:51.630Z,Dual Liquidation Whipsaw Storm
1790521311630,42759.58,43031.63,40709.17,40732.12,899.7,2026-09-27T15:01:51.630Z,Dual Liquidation Whipsaw Storm
1790521371630,40732.12,40973.59,39952.84,40682.59,524,2026-09-27T15:02:51.630Z,Dual Liquidation Whipsaw Storm
1790521431630,40682.59,41652.23,40193.18,40841.4,370.7,2026-09-27T15:03:51.630Z,Dual Liquidation Whipsaw Storm
1790521491630,40841.4,41441.77,39824.06,40027.96,640.9,2026-09-27T15:04:51.630Z,Dual Liquidation Whipsaw Storm
1790521551630,40027.96,40542.02,39007.9,39529.15,328.5,2026-09-27T15:05:51.630Z,Dual Liquidation Whipsaw Storm
1790521611630,39529.15,40154.98,38658.52,38896.87,786,2026-09-27T15:06:51.630Z,Dual Liquidation Whipsaw Storm
1790521671630,38896.87,40508.16,38397.39,40060.8,1000.3,2026-09-27T15:07:51.630Z,Dual Liquidation Whipsaw Storm
1790521731630,40060.8,40228.98,38638.85,39040.84,603.9,2026-09-27T15:08:51.630Z,Dual Liquidation Whipsaw Storm
1790521791630,39040.84,40086.63,38879.57,39922.95,687.7,2026-09-27T15:09:51.630Z,Dual Liquidation Whipsaw Storm
1790521851630,39922.95,40677.73,39788.63,40636.22,841.2,2026-09-27T15:10:51.630Z,Dual Liquidation Whipsaw Storm
1790521911630,40636.22,41660.97,40404.2,41255.72,432.5,2026-09-27T15:11:51.630Z,Dual Liquidation Whipsaw Storm
1790521971630,41255.72,41688.57,40498.96,41607.73,569.9,2026-09-27T15:12:51.630Z,Dual Liquidation Whipsaw Storm
1790522031630,41607.73,41934.75,40027.29,40289.52,935.4,2026-09-27T15:13:51.630Z,Dual Liquidation Whipsaw Storm
1790522091630,40289.52,40596.97,40111.86,40462.4,236.1,2026-09-27T15:14:51.630Z,Dual Liquidation Whipsaw Storm
1790522151630,40462.4,41663.12,40291.81,40974.17,526.2,2026-09-27T15:15:51.630Z,Dual Liquidation Whipsaw Storm
1790522211630,40974.17,41605.07,40586.63,41381.37,305.7,2026-09-27T15:16:51.630Z,Dual Liquidation Whipsaw Storm
1790522271630,41381.37,42073.98,40948.21,41418.73,428.2,2026-09-27T15:17:51.630Z,Dual Liquidation Whipsaw Storm
1790522331630,41418.73,41938.78,41043.57,41421.64,571.1,2026-09-27T15:18:51.630Z,Dual Liquidation Whipsaw Storm
1790522391630,41421.64,41728.67,40537.43,41451.92,400.4,2026-09-27T15:19:51.630Z,Dual Liquidation Whipsaw Storm
1790522451630,41451.92,42613.42,40868.13,42208.32,560,2026-09-27T15:20:51.630Z,Dual Liquidation Whipsaw Storm
1790522511630,42208.32,43465.11,41951.36,42916.29,376.7,2026-09-27T15:21:51.630Z,Dual Liquidation Whipsaw Storm
1790522571630,42916.29,43538.3,42732.23,43529.73,368.7,2026-09-27T15:22:51.630Z,Dual Liquidation Whipsaw Storm
1790522631630,43529.73,44250.87,43498.13,44043.02,530.9,2026-09-27T15:23:51.630Z,Dual Liquidation Whipsaw Storm
1790522691630,44043.02,45003.96,43953.87,44371.85,260.1,2026-09-27T15:24:51.630Z,Dual Liquidation Whipsaw Storm
1790522751630,44371.85,45205.19,44243.3,45011.42,448.3,2026-09-27T15:25:51.630Z,Dual Liquidation Whipsaw Storm
1790522811630,45011.42,45358.72,44652.89,45232.19,420,2026-09-27T15:26:51.630Z,Dual Liquidation Whipsaw Storm
1790522871630,45232.19,46016.73,44827.11,45773.73,741.6,2026-09-27T15:27:51.630Z,Dual Liquidation Whipsaw Storm
1790522931630,45773.73,46154.34,45151.82,45838.56,510.7,2026-09-27T15:28:51.630Z,Dual Liquidation Whipsaw Storm
1790522991630,45838.56,46637.66,45582.12,46139.12,331.5,2026-09-27T15:29:51.630Z,Dual Liquidation Whipsaw Storm
1790523051630,46139.12,46673.5,45174.04,46303.37,480.3,2026-09-27T15:30:51.630Z,Dual Liquidation Whipsaw Storm
1790523111630,46303.37,47157.16,45983.78,46412.59,398.2,2026-09-27T15:31:51.630Z,Dual Liquidation Whipsaw Storm
1790523171630,46412.59,47528.08,46371.45,46803.14,558.1,2026-09-27T15:32:51.630Z,Dual Liquidation Whipsaw Storm
1790523231630,46803.14,48976.85,46320.51,48745.37,821,2026-09-27T15:33:51.630Z,Dual Liquidation Whipsaw Storm
1790523291630,48745.37,48976.09,48340.73,48591.08,259.9,2026-09-27T15:34:51.630Z,Dual Liquidation Whipsaw Storm
1790523351630,48591.08,48902.13,48459.87,48500.69,253.6,2026-09-27T15:35:51.630Z,Dual Liquidation Whipsaw Storm
1790523411630,48500.69,48679.74,46577.4,47361.15,547.1,2026-09-27T15:36:51.630Z,Dual Liquidation Whipsaw Storm
1790523471630,47361.15,47912.6,47090.08,47584.34,489.1,2026-09-27T15:37:51.630Z,Dual Liquidation Whipsaw Storm
1790523531630,47584.34,47774.63,47068.75,47642.29,190,2026-09-27T15:38:51.630Z,Dual Liquidation Whipsaw Storm
1790523591630,47642.29,48541.88,46965.59,47427.87,282.5,2026-09-27T15:39:51.630Z,Dual Liquidation Whipsaw Storm
1790523651630,47427.87,50225.16,47392.5,49719.81,1075.5,2026-09-27T15:40:51.630Z,Dual Liquidation Whipsaw Storm
1790523711630,49719.81,50528.25,49460.24,50385.32,641.9,2026-09-27T15:41:51.630Z,Dual Liquidation Whipsaw Storm
1790523771630,50385.32,51020.86,50147.52,50661.62,459.9,2026-09-27T15:42:51.630Z,Dual Liquidation Whipsaw Storm
1790523831630,50661.62,51617.74,50485.76,51266.63,625.7,2026-09-27T15:43:51.630Z,Dual Liquidation Whipsaw Storm
1790523891630,51266.63,53125.16,50214.96,52767.74,794.2,2026-09-27T15:44:51.630Z,Dual Liquidation Whipsaw Storm
1790523951630,52767.74,55406.85,52754.32,54697.92,864.4,2026-09-27T15:45:51.630Z,Dual Liquidation Whipsaw Storm
1790524011630,54697.92,55771.04,54287.5,55219.57,415.6,2026-09-27T15:46:51.630Z,Dual Liquidation Whipsaw Storm
1790524071630,55219.57,55594.26,53683.3,53868.51,722.6,2026-09-27T15:47:51.630Z,Dual Liquidation Whipsaw Storm
1790524131630,53868.51,54439.5,52654.39,52966.69,439.4,2026-09-27T15:48:51.630Z,Dual Liquidation Whipsaw Storm
1790524191630,52966.69,53046.79,51458.82,51831.6,465.3,2026-09-27T15:49:51.630Z,Dual Liquidation Whipsaw Storm
1790524251630,51831.6,53977.04,51817.91,53112.54,714,2026-09-27T15:50:51.630Z,Dual Liquidation Whipsaw Storm
1790524311630,53112.54,53990.8,52665.32,52696.7,598.9,2026-09-27T15:51:51.630Z,Dual Liquidation Whipsaw Storm
1790524371630,52696.7,53235.61,51982.27,52144.29,396.2,2026-09-27T15:52:51.630Z,Dual Liquidation Whipsaw Storm
1790524431630,52144.29,52254.69,51241.93,51510.51,694,2026-09-27T15:53:51.630Z,Dual Liquidation Whipsaw Storm
1790524491630,51510.51,52391.28,50577.03,51075.28,545.8,2026-09-27T15:54:51.630Z,Dual Liquidation Whipsaw Storm
1790524551630,51075.28,51434.69,50159.03,50736.41,424.1,2026-09-27T15:55:51.630Z,Dual Liquidation Whipsaw Storm
1790524611630,50736.41,50910.73,50043.32,50720.97,330.5,2026-09-27T15:56:51.630Z,Dual Liquidation Whipsaw Storm
1790524671630,50720.97,50995.02,50318.16,50435.55,597.3,2026-09-27T15:57:51.630Z,Dual Liquidation Whipsaw Storm
1790524731630,50435.55,50613.74,49839.56,50217.73,455.9,2026-09-27T15:58:51.630Z,Dual Liquidation Whipsaw Storm
1790524791630,50217.73,50494.02,49403.04,49975.82,301.6,2026-09-27T15:59:51.630Z,Dual Liquidation Whipsaw Storm
1790524851630,49975.82,50339.97,49308.12,49971.75,431.3,2026-09-27T16:00:51.630Z,Dual Liquidation Whipsaw Storm
1790524911630,49971.75,50976.5,49551.09,50626.18,655.5,2026-09-27T16:01:51.630Z,Dual Liquidation Whipsaw Storm
1790524971630,50626.18,51463.24,50106.42,50973.47,677.3,2026-09-27T16:02:51.630Z,Dual Liquidation Whipsaw Storm
1790525031630,50973.47,51337.5,50927.49,51146.6,534.6,2026-09-27T16:03:51.630Z,Dual Liquidation Whipsaw Storm
1790525091630,51146.6,51669.39,50557.31,51336.85,429.6,2026-09-27T16:04:51.630Z,Dual Liquidation Whipsaw Storm
1790525151630,51336.85,52660.27,49361.91,49589.95,868.2,2026-09-27T16:05:51.630Z,Dual Liquidation Whipsaw Storm
1790525211630,49589.95,50574.11,48692.24,49679.88,431.3,2026-09-27T16:06:51.630Z,Dual Liquidation Whipsaw Storm
1790525271630,49679.88,50293.76,49558.29,49710.98,428,2026-09-27T16:07:51.630Z,Dual Liquidation Whipsaw Storm
1790525331630,49710.98,50776.11,49178.55,50143.58,515.1,2026-09-27T16:08:51.630Z,Dual Liquidation Whipsaw Storm
1790525391630,50143.58,50506.65,49841.04,50492.11,647.4,2026-09-27T16:09:51.630Z,Dual Liquidation Whipsaw Storm
1790525451630,50492.11,50691,50201.14,50669.04,218.5,2026-09-27T16:10:51.630Z,Dual Liquidation Whipsaw Storm
1790525511630,50669.04,53450.32,49615.64,52869.88,911.7,2026-09-27T16:11:51.630Z,Dual Liquidation Whipsaw Storm
1790525571630,52869.88,55033.17,52621.92,54618.98,694.5,2026-09-27T16:12:51.630Z,Dual Liquidation Whipsaw Storm
1790525631630,54618.98,55793.51,54353.2,54465.97,340,2026-09-27T16:13:51.630Z,Dual Liquidation Whipsaw Storm
1790525691630,54465.97,54862.54,53872.44,54431.13,250.5,2026-09-27T16:14:51.630Z,Dual Liquidation Whipsaw Storm
1790525751630,54431.13,55062.55,54295.29,54785.68,517.4,2026-09-27T16:15:51.630Z,Dual Liquidation Whipsaw Storm
1790525811630,54785.68,55293.88,54366.32,55023.89,489.1,2026-09-27T16:16:51.630Z,Dual Liquidation Whipsaw Storm
1790525871630,55023.89,57962.33,54569.58,56910.34,1062.6,2026-09-27T16:17:51.630Z,Dual Liquidation Whipsaw Storm
1790525931630,56910.34,57530.62,56386.99,56838.59,299.1,2026-09-27T16:18:51.630Z,Dual Liquidation Whipsaw Storm
1790525991630,56838.59,57453.95,55995.18,56772.66,603.4,2026-09-27T16:19:51.630Z,Dual Liquidation Whipsaw Storm
1790526051630,56772.66,57315.44,56409.24,56900.08,442.7,2026-09-27T16:20:51.630Z,Dual Liquidation Whipsaw Storm
1790526111630,56900.08,56955.31,56095.07,56681.61,232.5,2026-09-27T16:21:51.630Z,Dual Liquidation Whipsaw Storm
1790526171630,56681.61,58861.03,56470.9,58195.15,536.8,2026-09-27T16:22:51.630Z,Dual Liquidation Whipsaw Storm
1790526231630,58195.15,58700.28,57355.61,58526.03,316.2,2026-09-27T16:23:51.630Z,Dual Liquidation Whipsaw Storm
1790526291630,58526.03,58877.44,58058.15,58447.67,186.2,2026-09-27T16:24:51.630Z,Dual Liquidation Whipsaw Storm
1790526351630,58447.67,59082.59,57798.29,58247.71,558.1,2026-09-27T16:25:51.630Z,Dual Liquidation Whipsaw Storm
1790526411630,58247.71,59140.39,57226.71,58979.07,663.8,2026-09-27T16:26:51.630Z,Dual Liquidation Whipsaw Storm
1790526471630,58979.07,60056.88,57743.66,59420.96,357.9,2026-09-27T16:27:51.630Z,Dual Liquidation Whipsaw Storm
1790526531630,59420.96,60588.96,57408.83,57599.59,916.7,2026-09-27T16:28:51.630Z,Dual Liquidation Whipsaw Storm
1790526591630,57599.59,58171.19,56471.39,57756.81,518.6,2026-09-27T16:29:51.630Z,Dual Liquidation Whipsaw Storm
1790526651630,57756.81,61318.22,57636.49,60853.27,984.7,2026-09-27T16:30:51.630Z,Dual Liquidation Whipsaw Storm
1790526711630,60853.27,61453.78,59861.88,61316.86,263.5,2026-09-27T16:31:51.630Z,Dual Liquidation Whipsaw Storm
1790526771630,61316.86,61643.42,60151.44,60704.69,313.5,2026-09-27T16:32:51.630Z,Dual Liquidation Whipsaw Storm
1790526831630,60704.69,61112.3,60420.5,60716.37,516.2,2026-09-27T16:33:51.630Z,Dual Liquidation Whipsaw Storm
1790526891630,60716.37,62112.51,60648.08,61230.87,512.9,2026-09-27T16:34:51.630Z,Dual Liquidation Whipsaw Storm
1790526951630,61230.87,61647.19,60931.58,61492.22,248.7,2026-09-27T16:35:51.630Z,Dual Liquidation Whipsaw Storm
1790527011630,61492.22,62888.18,61458.05,61846.65,369.1,2026-09-27T16:36:51.630Z,Dual Liquidation Whipsaw Storm
1790527071630,61846.65,63661.02,61372.03,62264.22,257.2,2026-09-27T16:37:51.630Z,Dual Liquidation Whipsaw Storm
1790527131630,62264.22,63456.45,61850.51,62734.03,642.3,2026-09-27T16:38:51.630Z,Dual Liquidation Whipsaw Storm
1790527191630,62734.03,64173.31,62614.2,63163.05,676.5,2026-09-27T16:39:51.630Z,Dual Liquidation Whipsaw Storm
1790527251630,63163.05,64900.33,62947.06,64382.14,803.2,2026-09-27T16:40:51.630Z,Dual Liquidation Whipsaw Storm
1790527311630,64382.14,66111.92,63366.83,65544.75,442.6,2026-09-27T16:41:51.630Z,Dual Liquidation Whipsaw Storm
1790527371630,65544.75,66983.5,65534.76,66466.48,655.1,2026-09-27T16:42:51.630Z,Dual Liquidation Whipsaw Storm
1790527431630,66466.48,67861.16,65542.75,66920.48,474.5,2026-09-27T16:43:51.630Z,Dual Liquidation Whipsaw Storm
1790527491630,66920.48,67464.91,66599.85,67456.09,458.6,2026-09-27T16:44:51.630Z,Dual Liquidation Whipsaw Storm
1790527551630,67456.09,68591.11,66199,67662.9,282.7,2026-09-27T16:45:51.630Z,Dual Liquidation Whipsaw Storm
1790527611630,67662.9,68867.96,66929.56,68242.5,611.8,2026-09-27T16:46:51.630Z,Dual Liquidation Whipsaw Storm
1790527671630,68242.5,68631.22,65926.63,66358.84,670.6,2026-09-27T16:47:51.630Z,Dual Liquidation Whipsaw Storm
1790527731630,66358.84,67299.86,65725.63,66409.96,338.2,2026-09-27T16:48:51.630Z,Dual Liquidation Whipsaw Storm
1790527791630,66409.96,67985.65,65738.63,66639.88,350.3,2026-09-27T16:49:51.630Z,Dual Liquidation Whipsaw Storm
1790527851630,66639.88,67758.55,66558.93,67033.21,225.9,2026-09-27T16:50:51.630Z,Dual Liquidation Whipsaw Storm
1790527911630,67033.21,68027.77,66530.28,67542.19,672.1,2026-09-27T16:51:51.630Z,Dual Liquidation Whipsaw Storm
1790527971630,67542.19,67774.6,65766.56,65970.81,634.5,2026-09-27T16:52:51.630Z,Dual Liquidation Whipsaw Storm
1790528031630,65970.81,66384.19,63878.63,64797.7,763.1,2026-09-27T16:53:51.630Z,Dual Liquidation Whipsaw Storm
1790528091630,64797.7,65476.83,63155.88,63523.44,708.6,2026-09-27T16:54:51.630Z,Dual Liquidation Whipsaw Storm
1790528151630,63523.44,64502.49,62127.68,62353.81,545.4,2026-09-27T16:55:51.630Z,Dual Liquidation Whipsaw Storm
1790528211630,62353.81,65105.32,62114.27,63983.77,781.3,2026-09-27T16:56:51.630Z,Dual Liquidation Whipsaw Storm
1790528271630,63983.77,64299.77,61295.44,61779.73,693.9,2026-09-27T16:57:51.630Z,Dual Liquidation Whipsaw Storm
1790528331630,61779.73,61939.1,60725.29,61391.51,352.3,2026-09-27T16:58:51.630Z,Dual Liquidation Whipsaw Storm
1790528391630,61391.51,61610.41,60727.63,60787.85,348.2,2026-09-27T16:59:51.630Z,Dual Liquidation Whipsaw Storm
1790528451630,60787.85,61059.35,59224.13,60694.18,289.3,2026-09-27T17:00:51.630Z,Dual Liquidation Whipsaw Storm
1790528511630,60694.18,61503.28,60039.13,60228.19,555.7,2026-09-27T17:01:51.630Z,Dual Liquidation Whipsaw Storm
1790528571630,60228.19,61216.89,59598.12,59793.83,549.1,2026-09-27T17:02:51.630Z,Dual Liquidation Whipsaw Storm
1790528631630,59793.83,60366.01,57656.47,57876.08,826,2026-09-27T17:03:51.630Z,Dual Liquidation Whipsaw Storm
1790528691630,57876.08,58536.74,57177.78,57383.98,504.3,2026-09-27T17:04:51.630Z,Dual Liquidation Whipsaw Storm
1790528751630,57383.98,57707.63,56397.31,57562.93,632.4,2026-09-27T17:05:51.630Z,Dual Liquidation Whipsaw Storm
1790528811630,57562.93,58146.05,56235.83,57107.18,672.1,2026-09-27T17:06:51.630Z,Dual Liquidation Whipsaw Storm
1790528871630,57107.18,57320.09,56451.76,56988.02,205.3,2026-09-27T17:07:51.630Z,Dual Liquidation Whipsaw Storm
1790528931630,56988.02,57645.21,56114.69,56998.55,356.5,2026-09-27T17:08:51.630Z,Dual Liquidation Whipsaw Storm
1790528991630,56998.55,57894.86,54390.53,55201.27,630.2,2026-09-27T17:09:51.630Z,Dual Liquidation Whipsaw Storm
1790529051630,55201.27,56989.62,54836.49,56387.65,665.6,2026-09-27T17:10:51.630Z,Dual Liquidation Whipsaw Storm
1790529111630,56387.65,56699.47,55857.05,56344.46,381.8,2026-09-27T17:11:51.630Z,Dual Liquidation Whipsaw Storm
1790529171630,56344.46,56497.53,55431.85,55971.77,372,2026-09-27T17:12:51.630Z,Dual Liquidation Whipsaw Storm
1790529231630,55971.77,56706.4,55445.87,55981.56,170.5,2026-09-27T17:13:51.630Z,Dual Liquidation Whipsaw Storm
1790529291630,55981.56,56604.78,55207.63,56280.69,199.8,2026-09-27T17:14:51.630Z,Dual Liquidation Whipsaw Storm
1790529351630,56280.69,56583.58,55386.1,56462.68,168.6,2026-09-27T17:15:51.630Z,Dual Liquidation Whipsaw Storm
1790529411630,56462.68,56548.18,56014.78,56545.93,242.2,2026-09-27T17:16:51.630Z,Dual Liquidation Whipsaw Storm
1790529471630,56545.93,58515.62,56282.29,58447.61,997,2026-09-27T17:17:51.630Z,Dual Liquidation Whipsaw Storm
1790529531630,58447.61,59111.24,54384.36,55354.83,1331.1,2026-09-27T17:18:51.630Z,Dual Liquidation Whipsaw Storm
1790529591630,55354.83,55469.2,54755.15,54871.68,640.5,2026-09-27T17:19:51.630Z,Dual Liquidation Whipsaw Storm
1790529651630,54871.68,55315,53950.1,54507.59,300.1,2026-09-27T17:20:51.630Z,Dual Liquidation Whipsaw Storm
1790529711630,54507.59,54678.06,52968.95,54124.15,439.9,2026-09-27T17:21:51.630Z,Dual Liquidation Whipsaw Storm
1790529771630,54124.15,54761.86,53673.77,53956.58,347.4,2026-09-27T17:22:51.630Z,Dual Liquidation Whipsaw Storm
1790529831630,53956.58,53979.92,52077.85,53365.12,270.4,2026-09-27T17:23:51.630Z,Dual Liquidation Whipsaw Storm
1790529891630,53365.12,55876.8,53161.17,55021.7,789.4,2026-09-27T17:24:51.630Z,Dual Liquidation Whipsaw Storm
1790529951630,55021.7,56061.23,54621.94,54955.19,304,2026-09-27T17:25:51.630Z,Dual Liquidation Whipsaw Storm
1790530011630,54955.19,55116.85,54215.88,54938.2,404.2,2026-09-27T17:26:51.630Z,Dual Liquidation Whipsaw Storm
1790530071630,54938.2,55600.94,53986.07,54431.97,580.1,2026-09-27T17:27:51.630Z,Dual Liquidation Whipsaw Storm
1790530131630,54431.97,54589.52,53105.24,53961.99,680.9,2026-09-27T17:28:51.630Z,Dual Liquidation Whipsaw Storm
1790530191630,53961.99,54081.45,51007.32,51869.91,1011.5,2026-09-27T17:29:51.630Z,Dual Liquidation Whipsaw Storm
1790530251630,51869.91,52177.5,50785.62,51540.46,558.2,2026-09-27T17:30:51.630Z,Dual Liquidation Whipsaw Storm
1790530311630,51540.46,52805.9,50838.9,52385.59,447.8,2026-09-27T17:31:51.630Z,Dual Liquidation Whipsaw Storm
1790530371630,52385.59,52720.15,51037.09,51554.82,532.8,2026-09-27T17:32:51.630Z,Dual Liquidation Whipsaw Storm
1790530431630,51554.82,53586.35,51517.16,52408.23,730.9,2026-09-27T17:33:51.630Z,Dual Liquidation Whipsaw Storm
1790530491630,52408.23,53584.22,52086.63,52919.32,247.5,2026-09-27T17:34:51.630Z,Dual Liquidation Whipsaw Storm
1790530551630,52919.32,54015.79,52515.66,53214.04,555.4,2026-09-27T17:35:51.630Z,Dual Liquidation Whipsaw Storm
1790530611630,53214.04,54186.05,52981.32,53659.77,710.4,2026-09-27T17:36:51.630Z,Dual Liquidation Whipsaw Storm
1790530671630,53659.77,54298.08,53237.61,54160.55,367.8,2026-09-27T17:37:51.630Z,Dual Liquidation Whipsaw Storm
1790530731630,54160.55,55535.64,53237.76,54728.87,421.5,2026-09-27T17:38:51.630Z,Dual Liquidation Whipsaw Storm
1790530791630,54728.87,56009.68,53098.58,53186.2,652.2,2026-09-27T17:39:51.630Z,Dual Liquidation Whipsaw Storm
1790530851630,53186.2,54286.76,51494.82,52221.35,696.7,2026-09-27T17:40:51.630Z,Dual Liquidation Whipsaw Storm
1790530911630,52221.35,52929.94,51499.94,52290.48,413.8,2026-09-27T17:41:51.630Z,Dual Liquidation Whipsaw Storm
1790530971630,52290.48,52682.87,50151.3,50521.86,1060.4,2026-09-27T17:42:51.630Z,Dual Liquidation Whipsaw Storm
1790531031630,50521.86,50970.3,49711.83,49991.97,354.5,2026-09-27T17:43:51.630Z,Dual Liquidation Whipsaw Storm
1790531091630,49991.97,50363.5,49067.13,49512.47,437,2026-09-27T17:44:51.630Z,Dual Liquidation Whipsaw Storm
1790531151630,49512.47,50020.45,48541.01,48777.69,331,2026-09-27T17:45:51.630Z,Dual Liquidation Whipsaw Storm
1790531211630,48777.69,49034.76,48380.94,48680.86,396.9,2026-09-27T17:46:51.630Z,Dual Liquidation Whipsaw Storm
1790531271630,48680.86,48982.51,48231.45,48452.83,267,2026-09-27T17:47:51.630Z,Dual Liquidation Whipsaw Storm
1790531331630,48452.83,48623.46,47463.85,48143.85,349.9,2026-09-27T17:48:51.630Z,Dual Liquidation Whipsaw Storm
1790531391630,48143.85,48638.88,47332.81,47932.14,389.9,2026-09-27T17:49:51.630Z,Dual Liquidation Whipsaw Storm
1790531451630,47932.14,48232.24,47149.87,47582.85,621.6,2026-09-27T17:50:51.630Z,Dual Liquidation Whipsaw Storm
1790531511630,47582.85,47660.01,47240.76,47377.58,452.5,2026-09-27T17:51:51.630Z,Dual Liquidation Whipsaw Storm
1790531571630,47377.58,47839.69,46559.63,47038.73,680.2,2026-09-27T17:52:51.630Z,Dual Liquidation Whipsaw Storm
1790531631630,47038.73,47588.24,46719.61,47194.29,550.8,2026-09-27T17:53:51.630Z,Dual Liquidation Whipsaw Storm
1790531691630,47194.29,47531.29,46544.02,46912.24,680.8,2026-09-27T17:54:51.630Z,Dual Liquidation Whipsaw Storm
1790531751630,46912.24,48628.41,46230.52,48076.05,839.9,2026-09-27T17:55:51.630Z,Dual Liquidation Whipsaw Storm
1790531811630,48076.05,48807.7,47856.75,47866.2,402.6,2026-09-27T17:56:51.630Z,Dual Liquidation Whipsaw Storm
1790531871630,47866.2,48388.41,45931.19,46462.71,1011.1,2026-09-27T17:57:51.630Z,Dual Liquidation Whipsaw Storm
1790531931630,46462.71,47121.96,46183.01,46691.41,336.7,2026-09-27T17:58:51.630Z,Dual Liquidation Whipsaw Storm
1790531991630,46691.41,46798.21,44878.98,45008.42,1112.9,2026-09-27T17:59:51.630Z,Dual Liquidation Whipsaw Storm
1790532051630,45008.42,45718.74,44315.93,45199.32,262.4,2026-09-27T18:00:51.630Z,Dual Liquidation Whipsaw Storm
1790532111630,45199.32,45478.84,45097.35,45131.39,265.3,2026-09-27T18:01:51.630Z,Dual Liquidation Whipsaw Storm
1790532171630,45131.39,45732.84,44446.9,44937.86,423.2,2026-09-27T18:02:51.630Z,Dual Liquidation Whipsaw Storm
1790532231630,44937.86,44987.51,44540.44,44734.08,595,2026-09-27T18:03:51.630Z,Dual Liquidation Whipsaw Storm
1790532291630,44734.08,45158.06,44098.46,44470.97,687.2,2026-09-27T18:04:51.630Z,Dual Liquidation Whipsaw Storm
1790532351630,44470.97,44943.3,42984.58,43478.75,632.3,2026-09-27T18:05:51.630Z,Dual Liquidation Whipsaw Storm
1790532411630,43478.75,43543.29,42663.01,42737.78,540.4,2026-09-27T18:06:51.630Z,Dual Liquidation Whipsaw Storm
1790532471630,42737.78,43040.64,41509.27,41700.63,917.7,2026-09-27T18:07:51.630Z,Dual Liquidation Whipsaw Storm
1790532531630,41700.63,41709.96,40167.28,40588.4,742,2026-09-27T18:08:51.630Z,Dual Liquidation Whipsaw Storm
1790532591630,40588.4,40784.74,39198.4,39979.47,330.2,2026-09-27T18:09:51.630Z,Dual Liquidation Whipsaw Storm
1790532651630,39979.47,41380.5,39441.9,40982.58,693.8,2026-09-27T18:10:51.630Z,Dual Liquidation Whipsaw Storm
1790532711630,40982.58,42791.43,40907.9,42277.54,918.6,2026-09-27T18:11:51.630Z,Dual Liquidation Whipsaw Storm
1790532771630,42277.54,42537.74,39188.26,39887.91,1312,2026-09-27T18:12:51.630Z,Dual Liquidation Whipsaw Storm
1790532831630,39887.91,40192.51,38752.65,39093.44,418.2,2026-09-27T18:13:51.630Z,Dual Liquidation Whipsaw Storm
1790532891630,39093.44,39440.09,37993.45,38169.23,562.7,2026-09-27T18:14:51.630Z,Dual Liquidation Whipsaw Storm
1790532951630,38169.23,38392.65,37512.82,37656.78,502.6,2026-09-27T18:15:51.630Z,Dual Liquidation Whipsaw Storm
1790533011630,37656.78,39409.64,36855.75,38865.19,1000,2026-09-27T18:16:51.630Z,Dual Liquidation Whipsaw Storm
1790533071630,38865.19,39736.07,38674.25,39684.93,768.3,2026-09-27T18:17:51.630Z,Dual Liquidation Whipsaw Storm
1790533131630,39684.93,40601.82,39454.3,40246.68,364.5,2026-09-27T18:18:51.630Z,Dual Liquidation Whipsaw Storm
1790533191630,40246.68,41092.66,39795.99,40709.62,312.1,2026-09-27T18:19:51.630Z,Dual Liquidation Whipsaw Storm
1790533251630,40709.62,41750.49,40551.28,41080.16,403.7,2026-09-27T18:20:51.630Z,Dual Liquidation Whipsaw Storm
1790533311630,41080.16,42283.96,40827.97,41689.41,734.4,2026-09-27T18:21:51.630Z,Dual Liquidation Whipsaw Storm
1790533371630,41689.41,42735.31,41481.95,42325.88,396.3,2026-09-27T18:22:51.630Z,Dual Liquidation Whipsaw Storm
1790533431630,42325.88,43166.62,42141.4,42926.75,581.9,2026-09-27T18:23:51.630Z,Dual Liquidation Whipsaw Storm
1790533491630,42926.75,43701.91,42740.55,43344.5,359.9,2026-09-27T18:24:51.630Z,Dual Liquidation Whipsaw Storm
1790533551630,43344.5,44040.59,41903.49,42095.58,983.9,2026-09-27T18:25:51.630Z,Dual Liquidation Whipsaw Storm
1790533611630,42095.58,42112.73,41207.07,41397.58,411.8,2026-09-27T18:26:51.630Z,Dual Liquidation Whipsaw Storm
1790533671630,41397.58,41701.2,40267.87,40558.69,408.7,2026-09-27T18:27:51.630Z,Dual Liquidation Whipsaw Storm
1790533731630,40558.69,40672.54,38231.28,38804.11,1140.4,2026-09-27T18:28:51.630Z,Dual Liquidation Whipsaw Storm
1790533791630,38804.11,38966,38298,38325.39,619.7,2026-09-27T18:29:51.630Z,Dual Liquidation Whipsaw Storm
1790533851630,38325.39,38562.14,38059.16,38093,259.4,2026-09-27T18:30:51.630Z,Dual Liquidation Whipsaw Storm
1790533911630,38093,38255.54,37288.01,37806.96,366.3,2026-09-27T18:31:51.630Z,Dual Liquidation Whipsaw Storm
1790533971630,37806.96,38271.58,37333.05,37474.13,273,2026-09-27T18:32:51.630Z,Dual Liquidation Whipsaw Storm
1790534031630,37474.13,37647.3,36965.23,37377.16,352.9,2026-09-27T18:33:51.630Z,Dual Liquidation Whipsaw Storm
1790534091630,37377.16,37705.18,37302.44,37383.69,446.4,2026-09-27T18:34:51.630Z,Dual Liquidation Whipsaw Storm
1790534151630,37383.69,37476.09,36889.69,37187.66,476.7,2026-09-27T18:35:51.630Z,Dual Liquidation Whipsaw Storm
1790534211630,37187.66,37587.44,36605.99,37012.52,468.9,2026-09-27T18:36:51.630Z,Dual Liquidation Whipsaw Storm
1790534271630,37012.52,37184.96,36841.14,37085.75,331.4,2026-09-27T18:37:51.630Z,Dual Liquidation Whipsaw Storm
1790534331630,37085.75,37417.3,36265.19,36922.57,322.8,2026-09-27T18:38:51.630Z,Dual Liquidation Whipsaw Storm
1790534391630,36922.57,37449.85,36349.53,36919.51,565.6,2026-09-27T18:39:51.630Z,Dual Liquidation Whipsaw Storm
1790534451630,36919.51,37124.92,35240.39,36038.11,927.1,2026-09-27T18:40:51.630Z,Dual Liquidation Whipsaw Storm
1790534511630,36038.11,36738.34,35375.41,35451.17,584.6,2026-09-27T18:41:51.630Z,Dual Liquidation Whipsaw Storm
1790534571630,35451.17,35500.43,34798.77,34862.83,606.3,2026-09-27T18:42:51.630Z,Dual Liquidation Whipsaw Storm
1790534631630,34862.83,35292.4,34324.47,34510.78,699.2,2026-09-27T18:43:51.630Z,Dual Liquidation Whipsaw Storm
1790534691630,34510.78,35131.08,33792.17,34084.28,715.4,2026-09-27T18:44:51.630Z,Dual Liquidation Whipsaw Storm
1790534751630,34084.28,34173.39,33447.31,33883.29,400.7,2026-09-27T18:45:51.630Z,Dual Liquidation Whipsaw Storm
1790534811630,33883.29,33911.26,33414.86,33431.36,409.4,2026-09-27T18:46:51.630Z,Dual Liquidation Whipsaw Storm
1790534871630,33431.36,33616.48,33109.57,33219.08,542,2026-09-27T18:47:51.630Z,Dual Liquidation Whipsaw Storm
1790534931630,33219.08,33225.59,32669.93,32980.43,444.8,2026-09-27T18:48:51.630Z,Dual Liquidation Whipsaw Storm
1790534991630,32980.43,33735.16,32416.96,32794.73,287.6,2026-09-27T18:49:51.630Z,Dual Liquidation Whipsaw Storm
1790535051630,32794.73,33043.43,32134.09,32767.86,520.9,2026-09-27T18:50:51.630Z,Dual Liquidation Whipsaw Storm
1790535111630,32767.86,33027.65,32084.44,32504.11,602.6,2026-09-27T18:51:51.630Z,Dual Liquidation Whipsaw Storm
1790535171630,32504.11,32775.51,32305.89,32572.71,398.2,2026-09-27T18:52:51.630Z,Dual Liquidation Whipsaw Storm
1790535231630,32572.71,32887.82,32003.29,32297.14,650.4,2026-09-27T18:53:51.630Z,Dual Liquidation Whipsaw Storm
1790535291630,32297.14,32886.02,32116.04,32329.8,583.6,2026-09-27T18:54:51.630Z,Dual Liquidation Whipsaw Storm
1790535351630,32329.8,32392.64,32150.61,32282.93,308.3,2026-09-27T18:55:51.630Z,Dual Liquidation Whipsaw Storm
1790535411630,32282.93,32584.78,31923.19,32231.38,250.7,2026-09-27T18:56:51.630Z,Dual Liquidation Whipsaw Storm
1790535471630,32231.38,32565.59,32031.13,32081.37,528.2,2026-09-27T18:57:51.630Z,Dual Liquidation Whipsaw Storm
1790535531630,32081.37,33732.87,32010.85,33151.56,896.4,2026-09-27T18:58:51.630Z,Dual Liquidation Whipsaw Storm
1790535591630,33151.56,33683.07,32677.33,33316.63,567.6,2026-09-27T18:59:51.630Z,Dual Liquidation Whipsaw Storm
1790535651630,33316.63,33477.44,33057.21,33323.55,206.3,2026-09-27T19:00:51.630Z,Dual Liquidation Whipsaw Storm
1790535711630,33323.55,33659.76,32696.26,33358.99,269.3,2026-09-27T19:01:51.630Z,Dual Liquidation Whipsaw Storm
1790535771630,33358.99,33785.19,32771.67,33509.7,551.3,2026-09-27T19:02:51.630Z,Dual Liquidation Whipsaw Storm
1790535831630,33509.7,34108.21,33154.38,33371.03,392.8,2026-09-27T19:03:51.630Z,Dual Liquidation Whipsaw Storm
1790535891630,33371.03,34759.34,32921.82,34511.66,630.7,2026-09-27T19:04:51.630Z,Dual Liquidation Whipsaw Storm
1790535951630,34511.66,35005.6,34315.09,34643.83,253.8,2026-09-27T19:05:51.630Z,Dual Liquidation Whipsaw Storm
1790536011630,34643.83,34840.51,34393.04,34522.72,263.3,2026-09-27T19:06:51.630Z,Dual Liquidation Whipsaw Storm
1790536071630,34522.72,35008.25,33938.46,34356.41,220.2,2026-09-27T19:07:51.630Z,Dual Liquidation Whipsaw Storm
1790536131630,34356.41,34734.81,33937.54,34501.07,215.2,2026-09-27T19:08:51.630Z,Dual Liquidation Whipsaw Storm
1790536191630,34501.07,34606.16,33973.83,34298.41,369.9,2026-09-27T19:09:51.630Z,Dual Liquidation Whipsaw Storm
1790536251630,34298.41,34321.73,33970.97,34149.35,174.1,2026-09-27T19:10:51.630Z,Dual Liquidation Whipsaw Storm
1790536311630,34149.35,34443.4,33859.77,34031.4,632.2,2026-09-27T19:11:51.630Z,Dual Liquidation Whipsaw Storm
1790536371630,34031.4,34134.63,33711.02,33946.66,623.1,2026-09-27T19:12:51.630Z,Dual Liquidation Whipsaw Storm
1790536431630,33946.66,34263.55,33677.25,34114.43,615.6,2026-09-27T19:13:51.630Z,Dual Liquidation Whipsaw Storm
1790536491630,34114.43,34140.02,33655.57,33919.9,677.7,2026-09-27T19:14:51.630Z,Dual Liquidation Whipsaw Storm
1790536551630,33919.9,34190.98,33738.05,34031.5,283,2026-09-27T19:15:51.630Z,Dual Liquidation Whipsaw Storm
1790536611630,34031.5,34321.02,33598.28,33871.93,427.3,2026-09-27T19:16:51.630Z,Dual Liquidation Whipsaw Storm
1790536671630,33871.93,34050.44,33700.82,33940.62,221.1,2026-09-27T19:17:51.630Z,Dual Liquidation Whipsaw Storm
1790536731630,33940.62,35580.52,33816.59,35220.6,850.5,2026-09-27T19:18:51.630Z,Dual Liquidation Whipsaw Storm
1790536791630,35220.6,35517.37,34555.83,35208.08,283,2026-09-27T19:19:51.630Z,Dual Liquidation Whipsaw Storm
1790536851630,35208.08,35679.74,34557.07,35376.99,610,2026-09-27T19:20:51.630Z,Dual Liquidation Whipsaw Storm
1790536911630,35376.99,35572.19,35218.68,35410.37,145.3,2026-09-27T19:21:51.630Z,Dual Liquidation Whipsaw Storm
1790536971630,35410.37,35480.29,35010.65,35359.84,374.5,2026-09-27T19:22:51.630Z,Dual Liquidation Whipsaw Storm
1790537031630,35359.84,36959.61,35214.13,36519.48,1065.3,2026-09-27T19:23:51.630Z,Dual Liquidation Whipsaw Storm
1790537091630,36519.48,36521.27,36206.72,36390.05,600,2026-09-27T19:24:51.630Z,Dual Liquidation Whipsaw Storm
1790537151630,36390.05,36633.62,35886.9,36181.67,401.8,2026-09-27T19:25:51.630Z,Dual Liquidation Whipsaw Storm
1790537211630,36181.67,37260.81,35854.47,36987.4,686.9,2026-09-27T19:26:51.630Z,Dual Liquidation Whipsaw Storm
1790537271630,36987.4,38007.42,36982.78,37789.65,888.3,2026-09-27T19:27:51.630Z,Dual Liquidation Whipsaw Storm
1790537331630,37789.65,38222.66,37394.31,37629.4,355.4,2026-09-27T19:28:51.630Z,Dual Liquidation Whipsaw Storm
1790537391630,37629.4,37672.99,36957.42,37429,634.3,2026-09-27T19:29:51.630Z,Dual Liquidation Whipsaw Storm
1790537451630,37429,37771,37286.24,37650.04,620.2,2026-09-27T19:30:51.630Z,Dual Liquidation Whipsaw Storm
1790537511630,37650.04,38364.22,37150.64,37536.51,599.2,2026-09-27T19:31:51.630Z,Dual Liquidation Whipsaw Storm
1790537571630,37536.51,38533.64,37404.45,37706.86,379.5,2026-09-27T19:32:51.630Z,Dual Liquidation Whipsaw Storm
1790537631630,37706.86,37898.95,37615.98,37687.86,283.3,2026-09-27T19:33:51.630Z,Dual Liquidation Whipsaw Storm
1790537691630,37687.86,38707.82,37598.43,37897.91,553.2,2026-09-27T19:34:51.630Z,Dual Liquidation Whipsaw Storm
1790537751630,37897.91,38645.83,36025.13,36245.58,1146.4,2026-09-27T19:35:51.630Z,Dual Liquidation Whipsaw Storm
1790537811630,36245.58,36576.41,35647.74,36368.21,177.6,2026-09-27T19:36:51.630Z,Dual Liquidation Whipsaw Storm
1790537871630,36368.21,36567.3,35671.54,36429.94,296.4,2026-09-27T19:37:51.630Z,Dual Liquidation Whipsaw Storm
1790537931630,36429.94,36867.46,36284.65,36457.93,569.9,2026-09-27T19:38:51.630Z,Dual Liquidation Whipsaw Storm
1790537991630,36457.93,36736.34,36233.38,36462.49,146,2026-09-27T19:39:51.630Z,Dual Liquidation Whipsaw Storm
1790538051630,36462.49,37044.75,35979.6,36465.97,231.5,2026-09-27T19:40:51.630Z,Dual Liquidation Whipsaw Storm
1790538111630,36465.97,36759.48,35286.37,35743.61,761.5,2026-09-27T19:41:51.630Z,Dual Liquidation Whipsaw Storm
1790538171630,35743.61,35878.59,34571.85,35282.43,565,2026-09-27T19:42:51.630Z,Dual Liquidation Whipsaw Storm
1790538231630,35282.43,35722.25,34989.66,34990.33,714.5,2026-09-27T19:43:51.630Z,Dual Liquidation Whipsaw Storm
1790538291630,34990.33,35605.51,34061.54,34592.49,699.2,2026-09-27T19:44:51.630Z,Dual Liquidation Whipsaw Storm
1790538351630,34592.49,34780.36,34291.2,34361.9,543.3,2026-09-27T19:45:51.630Z,Dual Liquidation Whipsaw Storm
1790538411630,34361.9,34587.9,33516.79,34022.21,403,2026-09-27T19:46:51.630Z,Dual Liquidation Whipsaw Storm
1790538471630,34022.21,34641.61,33818.1,33885.82,634.4,2026-09-27T19:47:51.630Z,Dual Liquidation Whipsaw Storm
1790538531630,33885.82,34304.23,33436.68,33749.18,200.9,2026-09-27T19:48:51.630Z,Dual Liquidation Whipsaw Storm
1790538591630,33749.18,33921.82,33005.84,33476.24,483.8,2026-09-27T19:49:51.630Z,Dual Liquidation Whipsaw Storm
1790538651630,33476.24,33976.86,33138.91,33421.59,352.8,2026-09-27T19:50:51.630Z,Dual Liquidation Whipsaw Storm
1790538711630,33421.59,33896.5,33373.4,33491.26,426.8,2026-09-27T19:51:51.630Z,Dual Liquidation Whipsaw Storm
1790538771630,33491.26,33797.6,32909.18,33216.68,632.2,2026-09-27T19:52:51.630Z,Dual Liquidation Whipsaw Storm
1790538831630,33216.68,33506.1,32822.7,33045.14,453.6,2026-09-27T19:53:51.630Z,Dual Liquidation Whipsaw Storm
1790538891630,33045.14,33815.37,32466.26,32466.37,589.4,2026-09-27T19:54:51.630Z,Dual Liquidation Whipsaw Storm
1790538951630,32466.37,32739.99,31259.31,31838.66,857.7,2026-09-27T19:55:51.630Z,Dual Liquidation Whipsaw Storm
1790539011630,31838.66,31957.2,30383.7,31049.6,665,2026-09-27T19:56:51.630Z,Dual Liquidation Whipsaw Storm
1790539071630,31049.6,31129.91,30287.49,31003.57,620.2,2026-09-27T19:57:51.630Z,Dual Liquidation Whipsaw Storm
1790539131630,31003.57,31021.61,30516.66,30933.24,200.5,2026-09-27T19:58:51.630Z,Dual Liquidation Whipsaw Storm
1790539191630,30933.24,31195.66,30094.47,30489.7,372.3,2026-09-27T19:59:51.630Z,Dual Liquidation Whipsaw Storm
1790539251630,30489.7,30835.26,28736.49,28908.04,1320.8,2026-09-27T20:00:51.630Z,Dual Liquidation Whipsaw Storm
1790539311630,28908.04,29431.66,28315.81,28671.25,337.7,2026-09-27T20:01:51.630Z,Dual Liquidation Whipsaw Storm
1790539371630,28671.25,29299.58,27828.78,28221.46,354.4,2026-09-27T20:02:51.630Z,Dual Liquidation Whipsaw Storm
1790539431630,28221.46,29166.69,27703.45,28793.22,410.7,2026-09-27T20:03:51.630Z,Dual Liquidation Whipsaw Storm
1790539491630,28793.22,29123.91,28493.27,29000.71,443.2,2026-09-27T20:04:51.630Z,Dual Liquidation Whipsaw Storm
1790539551630,29000.71,29219.69,28068.8,28388.39,627.5,2026-09-27T20:05:51.630Z,Dual Liquidation Whipsaw Storm
1790539611630,28388.39,28817.11,27585.48,27653.03,503.2,2026-09-27T20:06:51.630Z,Dual Liquidation Whipsaw Storm
1790539671630,27653.03,27844.41,26484.32,26990.17,757.3,2026-09-27T20:07:51.630Z,Dual Liquidation Whipsaw Storm
1790539731630,26990.17,27242.51,26365.28,26595.14,686.4,2026-09-27T20:08:51.630Z,Dual Liquidation Whipsaw Storm
1790539791630,26595.14,27076.83,25778.57,26185.66,733,2026-09-27T20:09:51.630Z,Dual Liquidation Whipsaw Storm
1790539851630,26185.66,26252.66,25890.39,25960.05,533.3,2026-09-27T20:10:51.630Z,Dual Liquidation Whipsaw Storm
1790539911630,25960.05,26025.56,25658.06,25845.09,614.6,2026-09-27T20:11:51.630Z,Dual Liquidation Whipsaw Storm
1790539971630,25845.09,26138.66,25293.18,25762.35,153.8,2026-09-27T20:12:51.630Z,Dual Liquidation Whipsaw Storm
1790540031630,25762.35,25869.63,25520.28,25660.3,195.5,2026-09-27T20:13:51.630Z,Dual Liquidation Whipsaw Storm
1790540091630,25660.3,26229.65,25330.02,25537.64,602.1,2026-09-27T20:14:51.630Z,Dual Liquidation Whipsaw Storm
1790540151630,25537.64,25742.87,25229.61,25560.38,529.8,2026-09-27T20:15:51.630Z,Dual Liquidation Whipsaw Storm
1790540211630,25560.38,25679.3,25081.12,25329.06,251.1,2026-09-27T20:16:51.630Z,Dual Liquidation Whipsaw Storm
1790540271630,25329.06,25566.88,25250.28,25327.31,264.1,2026-09-27T20:17:51.630Z,Dual Liquidation Whipsaw Storm
1790540331630,25327.31,25578.19,24925.17,25213.05,219,2026-09-27T20:18:51.630Z,Dual Liquidation Whipsaw Storm
1790540391630,25213.05,25303.33,24834.98,25042.98,246.5,2026-09-27T20:19:51.630Z,Dual Liquidation Whipsaw Storm
1790540451630,25042.98,25236.82,24797.7,25035.31,191.3,2026-09-27T20:20:51.630Z,Dual Liquidation Whipsaw Storm
1790540511630,25035.31,26505.09,24823.33,26037.38,812,2026-09-27T20:21:51.630Z,Dual Liquidation Whipsaw Storm
1790540571630,26037.38,26519.56,25880.65,25931.57,440.6,2026-09-27T20:22:51.630Z,Dual Liquidation Whipsaw Storm
1790540631630,25931.57,26259.06,25765.97,26041.84,518.8,2026-09-27T20:23:51.630Z,Dual Liquidation Whipsaw Storm
1790540691630,26041.84,26105.23,25802.12,26065.1,498,2026-09-27T20:24:51.630Z,Dual Liquidation Whipsaw Storm
1790540751630,26065.1,26325.19,25578.35,25933.24,277.2,2026-09-27T20:25:51.630Z,Dual Liquidation Whipsaw Storm
1790540811630,25933.24,26442.09,25012.18,25095.56,723.2,2026-09-27T20:26:51.630Z,Dual Liquidation Whipsaw Storm
1790540871630,25095.56,25225,24673.99,25037.04,435.8,2026-09-27T20:27:51.630Z,Dual Liquidation Whipsaw Storm
1790540931630,25037.04,25117.8,24130.21,24177.52,802.7,2026-09-27T20:28:51.630Z,Dual Liquidation Whipsaw Storm
1790540991630,24177.52,24532.45,23958.5,24032.18,415.6,2026-09-27T20:29:51.630Z,Dual Liquidation Whipsaw Storm
1790541051630,24032.18,24294.56,23714.63,24041.16,589.9,2026-09-27T20:30:51.630Z,Dual Liquidation Whipsaw Storm
1790541111630,24041.16,24265.21,23728.64,24168.93,216.6,2026-09-27T20:31:51.630Z,Dual Liquidation Whipsaw Storm
1790541171630,24168.93,24402.25,24100.97,24210.55,615,2026-09-27T20:32:51.630Z,Dual Liquidation Whipsaw Storm
1790541231630,24210.55,24581.63,23694.41,24236.77,147.7,2026-09-27T20:33:51.630Z,Dual Liquidation Whipsaw Storm
1790541291630,24236.77,24366.8,23942.61,24144.74,489.9,2026-09-27T20:34:51.630Z,Dual Liquidation Whipsaw Storm
1790541351630,24144.74,24721.4,23997.18,24227.43,273.7,2026-09-27T20:35:51.630Z,Dual Liquidation Whipsaw Storm
1790541411630,24227.43,24421.08,23944.79,24302.48,505,2026-09-27T20:36:51.630Z,Dual Liquidation Whipsaw Storm
1790541471630,24302.48,24497.76,23822.37,24367.61,294,2026-09-27T20:37:51.630Z,Dual Liquidation Whipsaw Storm
1790541531630,24367.61,24776.12,23909.02,24365.76,497.8,2026-09-27T20:38:51.630Z,Dual Liquidation Whipsaw Storm
1790541591630,24365.76,24708.2,24340.07,24373.37,132.7,2026-09-27T20:39:51.630Z,Dual Liquidation Whipsaw Storm
1790541651630,24373.37,24644.46,24064.35,24103.48,482,2026-09-27T20:40:51.630Z,Dual Liquidation Whipsaw Storm
1790541711630,24103.48,24197.05,23846.88,24009.59,343.1,2026-09-27T20:41:51.630Z,Dual Liquidation Whipsaw Storm
1790541771630,24009.59,24478.33,23736.02,24416.46,414.1,2026-09-27T20:42:51.630Z,Dual Liquidation Whipsaw Storm
1790541831630,24416.46,24699.77,22791.53,23118.13,996.2,2026-09-27T20:43:51.630Z,Dual Liquidation Whipsaw Storm
1790541891630,23118.13,23211.18,22944.64,23113.39,423,2026-09-27T20:44:51.630Z,Dual Liquidation Whipsaw Storm
1790541951630,23113.39,23192.45,22595.63,22930.37,453.9,2026-09-27T20:45:51.630Z,Dual Liquidation Whipsaw Storm
1790542011630,22930.37,23074.01,22650.47,22711.69,588.9,2026-09-27T20:46:51.630Z,Dual Liquidation Whipsaw Storm
1790542071630,22711.69,23253.08,22509.07,23097.83,822.5,2026-09-27T20:47:51.630Z,Dual Liquidation Whipsaw Storm
1790542131630,23097.83,23299.61,22988.54,23155.55,554.2,2026-09-27T20:48:51.630Z,Dual Liquidation Whipsaw Storm
1790542191630,23155.55,23325.96,22855.45,23046.57,255.2,2026-09-27T20:49:51.630Z,Dual Liquidation Whipsaw Storm
1790542251630,23046.57,23226.4,22968.56,23002.5,601.4,2026-09-27T20:50:51.630Z,Dual Liquidation Whipsaw Storm
1790542311630,23002.5,23735.87,22776.72,23608.67,923.1,2026-09-27T20:51:51.630Z,Dual Liquidation Whipsaw Storm
1790542371630,23608.67,23738.6,23244.04,23259.51,357.6,2026-09-27T20:52:51.630Z,Dual Liquidation Whipsaw Storm
1790542431630,23259.51,24182.58,23174.17,24058.05,977.1,2026-09-27T20:53:51.630Z,Dual Liquidation Whipsaw Storm
1790542491630,24058.05,24240.58,23764.7,23776.89,380.5,2026-09-27T20:54:51.630Z,Dual Liquidation Whipsaw Storm
1790542551630,23776.89,24145.3,23463.43,23998.86,315.4,2026-09-27T20:55:51.630Z,Dual Liquidation Whipsaw Storm
1790542611630,23998.86,24611.74,23696.04,24400.51,616.9,2026-09-27T20:56:51.630Z,Dual Liquidation Whipsaw Storm
1790542671630,24400.51,25183.21,24285.42,24751.95,684.4,2026-09-27T20:57:51.630Z,Dual Liquidation Whipsaw Storm
1790542731630,24751.95,25483.17,24595.4,25054.69,356.7,2026-09-27T20:58:51.630Z,Dual Liquidation Whipsaw Storm
1790542791630,25054.69,25632.28,24822.24,25283.59,499.6,2026-09-27T20:59:51.630Z,Dual Liquidation Whipsaw Storm
1790542851630,25283.59,25586.55,24914.31,25530.49,559.6,2026-09-27T21:00:51.630Z,Dual Liquidation Whipsaw Storm
1790542911630,25530.49,26171.61,24933.61,25765.98,708,2026-09-27T21:01:51.630Z,Dual Liquidation Whipsaw Storm
1790542971630,25765.98,27417.7,25735.95,27145.62,1112.8,2026-09-27T21:02:51.630Z,Dual Liquidation Whipsaw Storm
1790543031630,27145.62,27383.19,26564.29,27307.97,306.9,2026-09-27T21:03:51.630Z,Dual Liquidation Whipsaw Storm
1790543091630,27307.97,27430.53,27157.03,27389.4,237.9,2026-09-27T21:04:51.630Z,Dual Liquidation Whipsaw Storm
1790543151630,27389.4,27796.88,27168.92,27438.39,167.2,2026-09-27T21:05:51.630Z,Dual Liquidation Whipsaw Storm
1790543211630,27438.39,27691.28,27151.83,27576.31,615.5,2026-09-27T21:06:51.630Z,Dual Liquidation Whipsaw Storm
1790543271630,27576.31,27820.85,27367.81,27811.84,274.1,2026-09-27T21:07:51.630Z,Dual Liquidation Whipsaw Storm
1790543331630,27811.84,27851.17,27355.73,27833.48,227.9,2026-09-27T21:08:51.630Z,Dual Liquidation Whipsaw Storm
1790543391630,27833.48,27940.55,27827.28,27851.37,609.3,2026-09-27T21:09:51.630Z,Dual Liquidation Whipsaw Storm
1790543451630,27851.37,28279.6,27779.87,28204.65,664.2,2026-09-27T21:10:51.630Z,Dual Liquidation Whipsaw Storm
1790543511630,28204.65,28700.92,28038.82,28530.91,338.2,2026-09-27T21:11:51.630Z,Dual Liquidation Whipsaw Storm
1790543571630,28530.91,29114.14,28467.96,29032.45,416.1,2026-09-27T21:12:51.630Z,Dual Liquidation Whipsaw Storm
1790543631630,29032.45,30006.76,29028.12,29481.77,560.5,2026-09-27T21:13:51.630Z,Dual Liquidation Whipsaw Storm
1790543691630,29481.77,30344.84,28954.19,30322.26,967.4,2026-09-27T21:14:51.630Z,Dual Liquidation Whipsaw Storm
1790543751630,30322.26,30660.67,30231.42,30470.71,592.3,2026-09-27T21:15:51.630Z,Dual Liquidation Whipsaw Storm
1790543811630,30470.71,30524.99,29452.29,29824.05,663.5,2026-09-27T21:16:51.630Z,Dual Liquidation Whipsaw Storm
1790543871630,29824.05,30453.56,28960.62,28996.02,552.8,2026-09-27T21:17:51.630Z,Dual Liquidation Whipsaw Storm
1790543931630,28996.02,29176.06,28137.41,28438.06,883,2026-09-27T21:18:51.630Z,Dual Liquidation Whipsaw Storm
1790543991630,28438.06,28968.92,27487.04,28009.11,392.2,2026-09-27T21:19:51.630Z,Dual Liquidation Whipsaw Storm
1790544051630,28009.11,28024.86,27343,27553.95,382.3,2026-09-27T21:20:51.630Z,Dual Liquidation Whipsaw Storm
1790544111630,27553.95,27829.99,27174.29,27219.5,516.7,2026-09-27T21:21:51.630Z,Dual Liquidation Whipsaw Storm
1790544171630,27219.5,27322.73,26640.81,26858.93,342.8,2026-09-27T21:22:51.630Z,Dual Liquidation Whipsaw Storm
1790544231630,26858.93,26933.76,25930.83,26593.11,428.9,2026-09-27T21:23:51.630Z,Dual Liquidation Whipsaw Storm
1790544291630,26593.11,26760.03,25917.54,26393.73,566.9,2026-09-27T21:24:51.630Z,Dual Liquidation Whipsaw Storm
1790544351630,26393.73,26753.71,26169.82,26373.26,226.7,2026-09-27T21:25:51.630Z,Dual Liquidation Whipsaw Storm
1790544411630,26373.26,26668.61,25848.25,26121.06,709.8,2026-09-27T21:26:51.630Z,Dual Liquidation Whipsaw Storm
1790544471630,26121.06,26245.21,25789.93,25943.06,379.1,2026-09-27T21:27:51.630Z,Dual Liquidation Whipsaw Storm
1790544531630,25943.06,26804.64,25636.84,26541.68,511.7,2026-09-27T21:28:51.630Z,Dual Liquidation Whipsaw Storm
1790544591630,26541.68,27246.19,26125.26,26882.46,393.6,2026-09-27T21:29:51.630Z,Dual Liquidation Whipsaw Storm
1790544651630,26882.46,27440.89,26851.32,27250.78,488.7,2026-09-27T21:30:51.630Z,Dual Liquidation Whipsaw Storm
1790544711630,27250.78,28090.2,27152.42,27736.24,511.9,2026-09-27T21:31:51.630Z,Dual Liquidation Whipsaw Storm
1790544771630,27736.24,29319.25,27463.11,29249.47,1272.5,2026-09-27T21:32:51.630Z,Dual Liquidation Whipsaw Storm
1790544831630,29249.47,29977.68,29237.38,29381.13,420.8,2026-09-27T21:33:51.630Z,Dual Liquidation Whipsaw Storm
1790544891630,29381.13,29815.93,29087.83,29680.2,619.5,2026-09-27T21:34:51.630Z,Dual Liquidation Whipsaw Storm
1790544951630,29680.2,30451.41,29547.6,29945.16,249.9,2026-09-27T21:35:51.630Z,Dual Liquidation Whipsaw Storm
1790545011630,29945.16,30794.75,29632.81,30211.53,357.9,2026-09-27T21:36:51.630Z,Dual Liquidation Whipsaw Storm
1790545071630,30211.53,30728.71,29927.34,30435.45,472.9,2026-09-27T21:37:51.630Z,Dual Liquidation Whipsaw Storm
1790545131630,30435.45,30915.08,30063.79,30692.45,714,2026-09-27T21:38:51.630Z,Dual Liquidation Whipsaw Storm
1790545191630,30692.45,30765.59,30537.82,30731.23,205.7,2026-09-27T21:39:51.630Z,Dual Liquidation Whipsaw Storm
1790545251630,30731.23,31509.15,30509.24,31401.06,676.6,2026-09-27T21:40:51.630Z,Dual Liquidation Whipsaw Storm
1790545311630,31401.06,32373.42,31049.19,31818.05,462.3,2026-09-27T21:41:51.630Z,Dual Liquidation Whipsaw Storm
1790545371630,31818.05,32879.6,31417.35,32164.61,672.9,2026-09-27T21:42:51.630Z,Dual Liquidation Whipsaw Storm
1790545431630,32164.61,32866.29,32077.83,32728.89,453,2026-09-27T21:43:51.630Z,Dual Liquidation Whipsaw Storm
1790545491630,32728.89,33259.81,32697.41,33118.64,348.4,2026-09-27T21:44:51.630Z,Dual Liquidation Whipsaw Storm
1790545551630,33118.64,33667.76,32714.09,33391.16,401.3,2026-09-27T21:45:51.630Z,Dual Liquidation Whipsaw Storm
1790545611630,33391.16,34133.86,33104.98,33799.95,345.1,2026-09-27T21:46:51.630Z,Dual Liquidation Whipsaw Storm
1790545671630,33799.95,34018.6,32817.93,33384.64,551.2,2026-09-27T21:47:51.630Z,Dual Liquidation Whipsaw Storm
1790545731630,33384.64,34271.31,33184.76,33651.59,695,2026-09-27T21:48:51.630Z,Dual Liquidation Whipsaw Storm
1790545791630,33651.59,33871.52,33193.44,33653.34,223.4,2026-09-27T21:49:51.630Z,Dual Liquidation Whipsaw Storm
1790545851630,33653.34,35408.2,33318.55,35128.08,1101.3,2026-09-27T21:50:51.630Z,Dual Liquidation Whipsaw Storm
1790545911630,35128.08,36933.99,34778.76,36873.38,849.2,2026-09-27T21:51:51.630Z,Dual Liquidation Whipsaw Storm
1790545971630,36873.38,37132.11,36526.39,37063.63,209.8,2026-09-27T21:52:51.630Z,Dual Liquidation Whipsaw Storm
1790546031630,37063.63,37822.27,37016.81,37282.03,281.4,2026-09-27T21:53:51.630Z,Dual Liquidation Whipsaw Storm
1790546091630,37282.03,37793.98,37180.72,37412.72,248.1,2026-09-27T21:54:51.630Z,Dual Liquidation Whipsaw Storm
1790546151630,37412.72,37527.06,37353.87,37511.81,533,2026-09-27T21:55:51.630Z,Dual Liquidation Whipsaw Storm
1790546211630,37511.81,37915.88,36935.86,36965.29,810.7,2026-09-27T21:56:51.630Z,Dual Liquidation Whipsaw Storm
1790546271630,36965.29,38494.22,36590.09,38095.94,859.5,2026-09-27T21:57:51.630Z,Dual Liquidation Whipsaw Storm
1790546331630,38095.94,38536.85,37661.7,37894.75,595.5,2026-09-27T21:58:51.630Z,Dual Liquidation Whipsaw Storm
1790546391630,37894.75,39701.35,37369.52,38804.55,560.4,2026-09-27T21:59:51.630Z,Dual Liquidation Whipsaw Storm
1790546451630,38804.55,39060.03,38338.72,38715.22,164,2026-09-27T22:00:51.630Z,Dual Liquidation Whipsaw Storm
1790546511630,38715.22,39433.78,38118.02,38287.09,267.7,2026-09-27T22:01:51.630Z,Dual Liquidation Whipsaw Storm
1790546571630,38287.09,38500.32,37997.69,38178.64,472.6,2026-09-27T22:02:51.630Z,Dual Liquidation Whipsaw Storm
1790546631630,38178.64,38439.7,37287.2,38043.7,567.4,2026-09-27T22:03:51.630Z,Dual Liquidation Whipsaw Storm
1790546691630,38043.7,39080.16,37783.98,38750.42,852.1,2026-09-27T22:04:51.630Z,Dual Liquidation Whipsaw Storm
1790546751630,38750.42,39386.07,37855.1,39346.92,474.1,2026-09-27T22:05:51.630Z,Dual Liquidation Whipsaw Storm
1790546811630,39346.92,40428.94,39033.14,39972.72,826.1,2026-09-27T22:06:51.630Z,Dual Liquidation Whipsaw Storm
1790546871630,39972.72,40635.02,39870.01,40450.35,429.9,2026-09-27T22:07:51.630Z,Dual Liquidation Whipsaw Storm
1790546931630,40450.35,41312.13,39690.02,40840.61,351.6,2026-09-27T22:08:51.630Z,Dual Liquidation Whipsaw Storm
1790546991630,40840.61,40912.97,38980.09,39423.49,771,2026-09-27T22:09:51.630Z,Dual Liquidation Whipsaw Storm
1790547051630,39423.49,39821.18,38692.55,38952.08,729.9,2026-09-27T22:10:51.630Z,Dual Liquidation Whipsaw Storm
1790547111630,38952.08,40450.34,38670.11,40297.32,971.2,2026-09-27T22:11:51.630Z,Dual Liquidation Whipsaw Storm
1790547171630,40297.32,40826.96,39279.3,39855.43,694.9,2026-09-27T22:12:51.630Z,Dual Liquidation Whipsaw Storm
1790547231630,39855.43,40363.23,38931.28,39453.45,574.5,2026-09-27T22:13:51.630Z,Dual Liquidation Whipsaw Storm
1790547291630,39453.45,39609.02,38982.39,39228.59,292.4,2026-09-27T22:14:51.630Z,Dual Liquidation Whipsaw Storm
1790547351630,39228.59,39756.4,38701.85,38779.03,629.8,2026-09-27T22:15:51.630Z,Dual Liquidation Whipsaw Storm
1790547411630,38779.03,39134.99,38483.39,38675.19,518.6,2026-09-27T22:16:51.630Z,Dual Liquidation Whipsaw Storm
1790547471630,38675.19,39198.7,38134.16,38260.55,347.6,2026-09-27T22:17:51.630Z,Dual Liquidation Whipsaw Storm
1790547531630,38260.55,39003.4,37540.88,38044.45,402.8,2026-09-27T22:18:51.630Z,Dual Liquidation Whipsaw Storm
1790547591630,38044.45,39862.27,37451.37,39397.31,873.8,2026-09-27T22:19:51.630Z,Dual Liquidation Whipsaw Storm
1790547651630,39397.31,40332.89,39189.08,39799.75,449.6,2026-09-27T22:20:51.630Z,Dual Liquidation Whipsaw Storm
1790547711630,39799.75,40003.62,38745.48,39154.06,357.1,2026-09-27T22:21:51.630Z,Dual Liquidation Whipsaw Storm
1790547771630,39154.06,39748.68,39141.2,39589.5,282.4,2026-09-27T22:22:51.630Z,Dual Liquidation Whipsaw Storm
1790547831630,39589.5,40441.45,39282.46,40035.76,672.7,2026-09-27T22:23:51.630Z,Dual Liquidation Whipsaw Storm
1790547891630,40035.76,40324.51,39625.79,40027.06,198.7,2026-09-27T22:24:51.630Z,Dual Liquidation Whipsaw Storm
1790547951630,40027.06,40614.28,39771.47,39991.32,287,2026-09-27T22:25:51.630Z,Dual Liquidation Whipsaw Storm
1790548011630,39991.32,40483.16,39450.03,40287.05,631.8,2026-09-27T22:26:51.630Z,Dual Liquidation Whipsaw Storm
1790548071630,40287.05,40912.4,39890.93,40600.98,688.6,2026-09-27T22:27:51.630Z,Dual Liquidation Whipsaw Storm
1790548131630,40600.98,40971.32,38534.08,38815.84,827,2026-09-27T22:28:51.630Z,Dual Liquidation Whipsaw Storm
1790548191630,38815.84,39496.58,38336.46,39082.69,349.1,2026-09-27T22:29:51.630Z,Dual Liquidation Whipsaw Storm
1790548251630,39082.69,39209.87,36568.47,36572.42,1426.5,2026-09-27T22:30:51.630Z,Dual Liquidation Whipsaw Storm
1790548311630,36572.42,37048.6,35145.41,35783.39,920,2026-09-27T22:31:51.630Z,Dual Liquidation Whipsaw Storm
1790548371630,35783.39,35890.35,35052.49,35221.11,696.5,2026-09-27T22:32:51.630Z,Dual Liquidation Whipsaw Storm
1790548431630,35221.11,36044.58,34487.03,34544.83,476.5,2026-09-27T22:33:51.630Z,Dual Liquidation Whipsaw Storm
1790548491630,34544.83,34901.46,33666.99,34084.02,475,2026-09-27T22:34:51.630Z,Dual Liquidation Whipsaw Storm
1790548551630,34084.02,34351.96,33630.42,33833.54,697.3,2026-09-27T22:35:51.630Z,Dual Liquidation Whipsaw Storm
1790548611630,33833.54,34373.01,33117.78,33331.55,566.9,2026-09-27T22:36:51.630Z,Dual Liquidation Whipsaw Storm
1790548671630,33331.55,33469.32,32426.31,32836.75,774,2026-09-27T22:37:51.630Z,Dual Liquidation Whipsaw Storm
1790548731630,32836.75,32993,32408.83,32750.75,615.3,2026-09-27T22:38:51.630Z,Dual Liquidation Whipsaw Storm
1790548791630,32750.75,33330.7,32089.94,32457.53,381.7,2026-09-27T22:39:51.630Z,Dual Liquidation Whipsaw Storm
1790548851630,32457.53,33130.34,32372.09,33007.4,550.1,2026-09-27T22:40:51.630Z,Dual Liquidation Whipsaw Storm
1790548911630,33007.4,34009.07,32628.36,33534.77,498.7,2026-09-27T22:41:51.630Z,Dual Liquidation Whipsaw Storm
1790548971630,33534.77,34281.2,33419.96,33902.28,471.3,2026-09-27T22:42:51.630Z,Dual Liquidation Whipsaw Storm
1790549031630,33902.28,34312.05,33767.68,34214.87,280.1,2026-09-27T22:43:51.630Z,Dual Liquidation Whipsaw Storm
1790549091630,34214.87,34937.81,33981.47,34548.65,662.3,2026-09-27T22:44:51.630Z,Dual Liquidation Whipsaw Storm
1790549151630,34548.65,34977.94,34342.26,34934.13,621,2026-09-27T22:45:51.630Z,Dual Liquidation Whipsaw Storm
1790549211630,34934.13,35464.22,34489.16,35229.63,674.9,2026-09-27T22:46:51.630Z,Dual Liquidation Whipsaw Storm
1790549271630,35229.63,35696.44,35206.15,35452.3,302.8,2026-09-27T22:47:51.630Z,Dual Liquidation Whipsaw Storm
1790549331630,35452.3,35707.31,35165.38,35554.77,379.2,2026-09-27T22:48:51.630Z,Dual Liquidation Whipsaw Storm
1790549391630,35554.77,36475.64,35076.11,35761.08,274.5,2026-09-27T22:49:51.630Z,Dual Liquidation Whipsaw Storm
1790549451630,35761.08,36208.97,35271.97,35751.97,528.5,2026-09-27T22:50:51.630Z,Dual Liquidation Whipsaw Storm
1790549511630,35751.97,35889.32,35623.93,35681.62,561,2026-09-27T22:51:51.630Z,Dual Liquidation Whipsaw Storm
1790549571630,35681.62,35730,35533.13,35669.86,143.1,2026-09-27T22:52:51.630Z,Dual Liquidation Whipsaw Storm
1790549631630,35669.86,35880.69,35353.84,35878.46,383.3,2026-09-27T22:53:51.630Z,Dual Liquidation Whipsaw Storm
1790549691630,35878.46,36590.13,35670.37,36063.46,644.4,2026-09-27T22:54:51.630Z,Dual Liquidation Whipsaw Storm
1790549751630,36063.46,36209.6,35989.88,36023.46,178.8,2026-09-27T22:55:51.630Z,Dual Liquidation Whipsaw Storm
1790549811630,36023.46,36070.89,35331.13,35902.52,160.2,2026-09-27T22:56:51.630Z,Dual Liquidation Whipsaw Storm
1790549871630,35902.52,36399.71,35690.56,35890.75,283.4,2026-09-27T22:57:51.630Z,Dual Liquidation Whipsaw Storm
1790549931630,35890.75,36225.46,35366.78,35761.56,583.8,2026-09-27T22:58:51.630Z,Dual Liquidation Whipsaw Storm
1790549991630,35761.56,35872.18,35649.44,35836.82,301.7,2026-09-27T22:59:51.630Z,Dual Liquidation Whipsaw Storm
1790550051630,35836.82,36829.05,35659.48,36674.48,516.4,2026-09-27T23:00:51.630Z,Dual Liquidation Whipsaw Storm
1790550111630,36674.48,37556.24,36509.66,37398.78,775.8,2026-09-27T23:01:51.630Z,Dual Liquidation Whipsaw Storm
1790550171630,37398.78,38526.19,37234.2,37879.25,322.9,2026-09-27T23:02:51.630Z,Dual Liquidation Whipsaw Storm
1790550231630,37879.25,38756.53,37235.83,38464.86,623.6,2026-09-27T23:03:51.630Z,Dual Liquidation Whipsaw Storm
1790550291630,38464.86,39243.23,37968.02,38826.33,609.2,2026-09-27T23:04:51.630Z,Dual Liquidation Whipsaw Storm
1790550351630,38826.33,39682.91,38660.07,38987.18,215.5,2026-09-27T23:05:51.630Z,Dual Liquidation Whipsaw Storm
1790550411630,38987.18,39261.93,38797.01,39089.35,334.7,2026-09-27T23:06:51.630Z,Dual Liquidation Whipsaw Storm
1790550471630,39089.35,39776.3,38857.58,39389.08,315.4,2026-09-27T23:07:51.630Z,Dual Liquidation Whipsaw Storm
1790550531630,39389.08,39513.37,38381.48,38489.62,847.6,2026-09-27T23:08:51.630Z,Dual Liquidation Whipsaw Storm
1790550591630,38489.62,38586.97,37506.52,37635.36,473.1,2026-09-27T23:09:51.630Z,Dual Liquidation Whipsaw Storm
1790550651630,37635.36,37994.22,35760.66,35909.16,1002.4,2026-09-27T23:10:51.630Z,Dual Liquidation Whipsaw Storm
1790550711630,35909.16,37045.55,35430.85,36739.65,710.8,2026-09-27T23:11:51.630Z,Dual Liquidation Whipsaw Storm
1790550771630,36739.65,37347.67,36050.13,36315.52,488.1,2026-09-27T23:12:51.630Z,Dual Liquidation Whipsaw Storm
1790550831630,36315.52,36470.36,35372.23,35795.92,701,2026-09-27T23:13:51.630Z,Dual Liquidation Whipsaw Storm
1790550891630,35795.92,36513.1,35275,36085.82,261.1,2026-09-27T23:14:51.630Z,Dual Liquidation Whipsaw Storm
1790550951630,36085.82,36317.72,35636.92,35647.62,759.4,2026-09-27T23:15:51.630Z,Dual Liquidation Whipsaw Storm
1790551011630,35647.62,35809.95,35405.3,35547.13,348.7,2026-09-27T23:16:51.630Z,Dual Liquidation Whipsaw Storm
1790551071630,35547.13,35664.13,34567.16,35337.21,384.9,2026-09-27T23:17:51.630Z,Dual Liquidation Whipsaw Storm
1790551131630,35337.21,35700.68,34953.94,35367.73,345.4,2026-09-27T23:18:51.630Z,Dual Liquidation Whipsaw Storm
1790551191630,35367.73,35510.92,34464.31,35059.61,468.2,2026-09-27T23:19:51.630Z,Dual Liquidation Whipsaw Storm
1790551251630,35059.61,36237.31,34699.93,35919.14,655.3,2026-09-27T23:20:51.630Z,Dual Liquidation Whipsaw Storm
1790551311630,35919.14,37102.81,35831.34,36958,1002.1,2026-09-27T23:21:51.630Z,Dual Liquidation Whipsaw Storm
1790551371630,36958,37611.89,35485.95,35805.33,736.7,2026-09-27T23:22:51.630Z,Dual Liquidation Whipsaw Storm
1790551431630,35805.33,36186.31,34837.53,35226.51,501.2,2026-09-27T23:23:51.630Z,Dual Liquidation Whipsaw Storm
1790551491630,35226.51,35255.2,34177.77,34600.15,682.3,2026-09-27T23:24:51.630Z,Dual Liquidation Whipsaw Storm
1790551551630,34600.15,34983.23,33322.25,33867.54,606.4,2026-09-27T23:25:51.630Z,Dual Liquidation Whipsaw Storm
1790551611630,33867.54,34262.34,32775.35,33614.34,281.2,2026-09-27T23:26:51.630Z,Dual Liquidation Whipsaw Storm
1790551671630,33614.34,33751.43,32839.65,33086.15,665.4,2026-09-27T23:27:51.630Z,Dual Liquidation Whipsaw Storm
1790551731630,33086.15,33548.9,32228,32704.07,586.3,2026-09-27T23:28:51.630Z,Dual Liquidation Whipsaw Storm
1790551791630,32704.07,32821.4,31999.41,32260,654.6,2026-09-27T23:29:51.630Z,Dual Liquidation Whipsaw Storm
1790551851630,32260,32769.87,32038.13,32176.96,447.8,2026-09-27T23:30:51.630Z,Dual Liquidation Whipsaw Storm
1790551911630,32176.96,32402.46,31964.25,32093.06,627.7,2026-09-27T23:31:51.630Z,Dual Liquidation Whipsaw Storm
1790551971630,32093.06,32401.93,30343.05,30488.97,972.8,2026-09-27T23:32:51.630Z,Dual Liquidation Whipsaw Storm
1790552031630,30488.97,30849.74,30285.98,30305.27,480,2026-09-27T23:33:51.630Z,Dual Liquidation Whipsaw Storm
1790552091630,30305.27,31107.31,30143.9,30779.23,581.1,2026-09-27T23:34:51.630Z,Dual Liquidation Whipsaw Storm
1790552151630,30779.23,31338.57,30518.75,31064.03,519.4,2026-09-27T23:35:51.630Z,Dual Liquidation Whipsaw Storm
1790552211630,31064.03,33027.15,30808.97,32855.63,1038.7,2026-09-27T23:36:51.630Z,Dual Liquidation Whipsaw Storm
1790552271630,32855.63,33289.86,32833.02,33277.17,430.6,2026-09-27T23:37:51.630Z,Dual Liquidation Whipsaw Storm
1790552331630,33277.17,34871.99,32911.02,34373.95,1007.7,2026-09-27T23:38:51.630Z,Dual Liquidation Whipsaw Storm
1790552391630,34373.95,34663.84,34229.53,34440.58,549.3,2026-09-27T23:39:51.630Z,Dual Liquidation Whipsaw Storm
1790552451630,34440.58,35061.2,34382.14,34850.52,327.7,2026-09-27T23:40:51.630Z,Dual Liquidation Whipsaw Storm
1790552511630,34850.52,35469.07,33570.17,33840.3,1002.4,2026-09-27T23:41:51.630Z,Dual Liquidation Whipsaw Storm
1790552571630,33840.3,34166.63,32764.73,33102.33,610.6,2026-09-27T23:42:51.630Z,Dual Liquidation Whipsaw Storm
1790552631630,33102.33,33836.5,31997.2,32478.45,552.6,2026-09-27T23:43:51.630Z,Dual Liquidation Whipsaw Storm
1790552691630,32478.45,32794.57,31770.84,31823.21,494.9,2026-09-27T23:44:51.630Z,Dual Liquidation Whipsaw Storm
1790552751630,31823.21,31887.14,30940.22,31348.3,560.7,2026-09-27T23:45:51.630Z,Dual Liquidation Whipsaw Storm
1790552811630,31348.3,31405.03,30074.29,30417.76,605.1,2026-09-27T23:46:51.630Z,Dual Liquidation Whipsaw Storm
1790552871630,30417.76,30476.02,29801.57,30094.1,418.7,2026-09-27T23:47:51.630Z,Dual Liquidation Whipsaw Storm
1790552931630,30094.1,31446.26,29866.48,30829.55,558.4,2026-09-27T23:48:51.630Z,Dual Liquidation Whipsaw Storm
1790552991630,30829.55,31126.05,30334.7,30538.6,480,2026-09-27T23:49:51.630Z,Dual Liquidation Whipsaw Storm
1790553051630,30538.6,30769.16,30014.37,30280.91,543.8,2026-09-27T23:50:51.630Z,Dual Liquidation Whipsaw Storm
1790553111630,30280.91,30672.7,30089.49,30290.54,480.2,2026-09-27T23:51:51.630Z,Dual Liquidation Whipsaw Storm
1790553171630,30290.54,30578.28,30125.87,30325.47,178.3,2026-09-27T23:52:51.630Z,Dual Liquidation Whipsaw Storm
1790553231630,30325.47,30990.37,30063.02,30262.26,223.3,2026-09-27T23:53:51.630Z,Dual Liquidation Whipsaw Storm
1790553291630,30262.26,30666.17,29971.86,30201.46,325.9,2026-09-27T23:54:51.630Z,Dual Liquidation Whipsaw Storm
1790553351630,30201.46,30409.7,28749.71,28964.23,768.1,2026-09-27T23:55:51.630Z,Dual Liquidation Whipsaw Storm
1790553411630,28964.23,29537.22,28093.75,28741.96,606.9,2026-09-27T23:56:51.630Z,Dual Liquidation Whipsaw Storm
1790553471630,28741.96,28792.47,28357.4,28666.33,556.3,2026-09-27T23:57:51.630Z,Dual Liquidation Whipsaw Storm
1790553531630,28666.33,29213.37,27154.99,27667.06,752.5,2026-09-27T23:58:51.630Z,Dual Liquidation Whipsaw Storm
1790553591630,27667.06,28110.24,27630.5,27696.47,286,2026-09-27T23:59:51.630Z,Dual Liquidation Whipsaw Storm
1790553651630,27696.47,27981.75,27483.27,27650.26,347.7,2026-09-28T00:00:51.630Z,Dual Liquidation Whipsaw Storm
1790553711630,27650.26,27959.42,27533.67,27738.3,207.6,2026-09-28T00:01:51.630Z,Dual Liquidation Whipsaw Storm
1790553771630,27738.3,28831.43,27623.06,28622.3,758.6,2026-09-28T00:02:51.630Z,Dual Liquidation Whipsaw Storm
1790553831630,28622.3,29662.61,28213.6,29196.11,581.1,2026-09-28T00:03:51.630Z,Dual Liquidation Whipsaw Storm
1790553891630,29196.11,30010.69,29009.77,29974.1,668.4,2026-09-28T00:04:51.630Z,Dual Liquidation Whipsaw Storm
1790553951630,29974.1,31302.68,29899.82,31219.9,941.7,2026-09-28T00:05:51.630Z,Dual Liquidation Whipsaw Storm
1790554011630,31219.9,31709.91,30922.59,31553.08,543.1,2026-09-28T00:06:51.630Z,Dual Liquidation Whipsaw Storm
1790554071630,31553.08,33306.81,31349.95,32892.21,993.3,2026-09-28T00:07:51.630Z,Dual Liquidation Whipsaw Storm
1790554131630,32892.21,33340.27,32049.15,32292.65,521.9,2026-09-28T00:08:51.630Z,Dual Liquidation Whipsaw Storm
1790554191630,32292.65,33114.72,32270.65,32749.02,392.3,2026-09-28T00:09:51.630Z,Dual Liquidation Whipsaw Storm
1790554251630,32749.02,33321.8,32491.79,33025.19,555.5,2026-09-28T00:10:51.630Z,Dual Liquidation Whipsaw Storm
1790554311630,33025.19,33342.9,32308.87,33175.25,667.6,2026-09-28T00:11:51.630Z,Dual Liquidation Whipsaw Storm
1790554371630,33175.25,33672.8,32807.67,33505,322.5,2026-09-28T00:12:51.630Z,Dual Liquidation Whipsaw Storm
1790554431630,33505,34009.55,33210.28,33751.6,288.7,2026-09-28T00:13:51.630Z,Dual Liquidation Whipsaw Storm
1790554491630,33751.6,33933.98,33742.97,33752.13,547.1,2026-09-28T00:14:51.630Z,Dual Liquidation Whipsaw Storm
1790554551630,33752.13,33898.95,33422.92,33792.3,302.7,2026-09-28T00:15:51.630Z,Dual Liquidation Whipsaw Storm
1790554611630,33792.3,34411.06,33059.39,34268.35,318.5,2026-09-28T00:16:51.630Z,Dual Liquidation Whipsaw Storm
1790554671630,34268.35,34415.71,33539.37,33679.8,702.1,2026-09-28T00:17:51.630Z,Dual Liquidation Whipsaw Storm
1790554731630,33679.8,34282.8,33389.55,34103.08,403.1,2026-09-28T00:18:51.630Z,Dual Liquidation Whipsaw Storm
1790554791630,34103.08,34938.84,33641.38,34375.72,690.6,2026-09-28T00:19:51.630Z,Dual Liquidation Whipsaw Storm
1790554851630,34375.72,34821.63,32738.96,33072.15,810,2026-09-28T00:20:51.630Z,Dual Liquidation Whipsaw Storm
1790554911630,33072.15,34770.21,32878.44,34501.56,1071,2026-09-28T00:21:51.630Z,Dual Liquidation Whipsaw Storm
1790554971630,34501.56,35033.29,34123.85,34704.29,507.9,2026-09-28T00:22:51.630Z,Dual Liquidation Whipsaw Storm
1790555031630,34704.29,35344.51,34351.39,35011.6,603.8,2026-09-28T00:23:51.630Z,Dual Liquidation Whipsaw Storm
1790555091630,35011.6,35119.53,34783.77,35087.84,346.7,2026-09-28T00:24:51.630Z,Dual Liquidation Whipsaw Storm
1790555151630,35087.84,35422.62,34465.18,35327.61,622.7,2026-09-28T00:25:51.630Z,Dual Liquidation Whipsaw Storm
1790555211630,35327.61,35994.93,34192.17,34929.31,329.2,2026-09-28T00:26:51.630Z,Dual Liquidation Whipsaw Storm
1790555271630,34929.31,35394.37,34360.39,35174.19,637.7,2026-09-28T00:27:51.630Z,Dual Liquidation Whipsaw Storm
1790555331630,35174.19,35769.07,34485.31,35309.44,496.6,2026-09-28T00:28:51.630Z,Dual Liquidation Whipsaw Storm
1790555391630,35309.44,36611.65,34748.94,36187.7,766.7,2026-09-28T00:29:51.630Z,Dual Liquidation Whipsaw Storm
1790555451630,36187.7,36417.85,35163.16,35719.4,350.6,2026-09-28T00:30:51.630Z,Dual Liquidation Whipsaw Storm
1790555511630,35719.4,37025.88,35041.64,36742.26,618.8,2026-09-28T00:31:51.630Z,Dual Liquidation Whipsaw Storm
1790555571630,36742.26,37552.5,36633.04,37415.08,635,2026-09-28T00:32:51.630Z,Dual Liquidation Whipsaw Storm
1790555631630,37415.08,38571.75,37230.67,38283.63,765,2026-09-28T00:33:51.630Z,Dual Liquidation Whipsaw Storm
1790555691630,38283.63,39904.87,38011.48,39345.39,695,2026-09-28T00:34:51.630Z,Dual Liquidation Whipsaw Storm
1790555751630,39345.39,40363.33,39321.72,40100.65,512.7,2026-09-28T00:35:51.630Z,Dual Liquidation Whipsaw Storm
1790555811630,40100.65,40991,40067.94,40939.82,763.9,2026-09-28T00:36:51.630Z,Dual Liquidation Whipsaw Storm
1790555871630,40939.82,41236.59,39479.12,40361.19,594,2026-09-28T00:37:51.630Z,Dual Liquidation Whipsaw Storm
1790555931630,40361.19,41221.88,39893.53,40907.22,359.2,2026-09-28T00:38:51.630Z,Dual Liquidation Whipsaw Storm
1790555991630,40907.22,40955.52,39913.62,40019.99,436.9,2026-09-28T00:39:51.630Z,Dual Liquidation Whipsaw Storm
1790556051630,40019.99,41688.3,39822.8,41401.31,987.2,2026-09-28T00:40:51.630Z,Dual Liquidation Whipsaw Storm
1790556111630,41401.31,41799.87,41245.36,41646.38,535.3,2026-09-28T00:41:51.630Z,Dual Liquidation Whipsaw Storm
1790556171630,41646.38,42382.43,41381.19,41723.63,557,2026-09-28T00:42:51.630Z,Dual Liquidation Whipsaw Storm
1790556231630,41723.63,42117.61,41524.68,42058.44,451.3,2026-09-28T00:43:51.630Z,Dual Liquidation Whipsaw Storm
1790556291630,42058.44,42531.09,41577.03,42398.49,406.3,2026-09-28T00:44:51.630Z,Dual Liquidation Whipsaw Storm
1790556351630,42398.49,42985.83,41853.81,42806.11,540.6,2026-09-28T00:45:51.630Z,Dual Liquidation Whipsaw Storm
1790556411630,42806.11,42955.74,42462.15,42857.46,161.5,2026-09-28T00:46:51.630Z,Dual Liquidation Whipsaw Storm
1790556471630,42857.46,43215.07,42461.54,42966.81,388.6,2026-09-28T00:47:51.630Z,Dual Liquidation Whipsaw Storm
1790556531630,42966.81,44070.36,42502.44,43239.21,567.4,2026-09-28T00:48:51.630Z,Dual Liquidation Whipsaw Storm
1790556591630,43239.21,43586.54,42662.87,43167.39,561.2,2026-09-28T00:49:51.630Z,Dual Liquidation Whipsaw Storm
1790556651630,43167.39,43308.64,42318.81,43023.23,420.5,2026-09-28T00:50:51.630Z,Dual Liquidation Whipsaw Storm
1790556711630,43023.23,43414.72,42984.17,43134.26,196,2026-09-28T00:51:51.630Z,Dual Liquidation Whipsaw Storm
1790556771630,43134.26,43345.08,42639.42,43180.02,420.5,2026-09-28T00:52:51.630Z,Dual Liquidation Whipsaw Storm
1790556831630,43180.02,43735.49,42929.28,43360.61,426.7,2026-09-28T00:53:51.630Z,Dual Liquidation Whipsaw Storm
1790556891630,43360.61,43714.68,43282.71,43526.4,304.1,2026-09-28T00:54:51.630Z,Dual Liquidation Whipsaw Storm
1790556951630,43526.4,44296.51,43146.21,43717.26,519.2,2026-09-28T00:55:51.630Z,Dual Liquidation Whipsaw Storm
1790557011630,43717.26,44535.37,43215.73,43963.72,651.8,2026-09-28T00:56:51.630Z,Dual Liquidation Whipsaw Storm
1790557071630,43963.72,44105.41,43492.51,43936.82,580.1,2026-09-28T00:57:51.630Z,Dual Liquidation Whipsaw Storm
1790557131630,43936.82,44592.3,43507.52,44149.68,639.9,2026-09-28T00:58:51.630Z,Dual Liquidation Whipsaw Storm
1790557191630,44149.68,45791.6,44047.08,45787.32,1036.2,2026-09-28T00:59:51.630Z,Dual Liquidation Whipsaw Storm
1790557251630,28800,29072.39,28271.56,28985.65,608.7,2026-09-28T01:00:51.630Z,Violent Stop-Hunt Rollercoaster
1790557311630,28985.65,29806.23,28941.41,29419.15,352.4,2026-09-28T01:01:51.630Z,Violent Stop-Hunt Rollercoaster
1790557371630,29419.15,29928.66,29247.65,29662.64,392.8,2026-09-28T01:02:51.630Z,Violent Stop-Hunt Rollercoaster
1790557431630,29662.64,30415.07,29177.6,30027.09,594.8,2026-09-28T01:03:51.630Z,Violent Stop-Hunt Rollercoaster
1790557491630,30027.09,30304.04,29884.96,30146.83,568.1,2026-09-28T01:04:51.630Z,Violent Stop-Hunt Rollercoaster
1790557551630,30146.83,30678.78,29981.57,30409.11,559.6,2026-09-28T01:05:51.630Z,Violent Stop-Hunt Rollercoaster
1790557611630,30409.11,30862.97,30369.12,30433.8,607.5,2026-09-28T01:06:51.630Z,Violent Stop-Hunt Rollercoaster
1790557671630,30433.8,31259.64,29905.69,30529.23,356.6,2026-09-28T01:07:51.630Z,Violent Stop-Hunt Rollercoaster
1790557731630,30529.23,30584.24,30260.69,30546.97,327.9,2026-09-28T01:08:51.630Z,Violent Stop-Hunt Rollercoaster
1790557791630,30546.97,32555.93,30080.22,32230.17,1043,2026-09-28T01:09:51.630Z,Violent Stop-Hunt Rollercoaster
1790557851630,32230.17,32550.99,31999.86,32185.27,186.7,2026-09-28T01:10:51.630Z,Violent Stop-Hunt Rollercoaster
1790557911630,32185.27,33289.28,31931.28,33125.91,737.6,2026-09-28T01:11:51.630Z,Violent Stop-Hunt Rollercoaster
1790557971630,33125.91,34348.05,32710.7,34041.41,644.9,2026-09-28T01:12:51.630Z,Violent Stop-Hunt Rollercoaster
1790558031630,34041.41,34326,32943.11,33635.9,289.8,2026-09-28T01:13:51.630Z,Violent Stop-Hunt Rollercoaster
1790558091630,33635.9,33882.17,32889.34,33118.16,571.8,2026-09-28T01:14:51.630Z,Violent Stop-Hunt Rollercoaster
1790558151630,33118.16,33155.49,32457.34,32594.22,623.6,2026-09-28T01:15:51.630Z,Violent Stop-Hunt Rollercoaster
1790558211630,32594.22,33277.88,30983.13,31337.2,1065.5,2026-09-28T01:16:51.630Z,Violent Stop-Hunt Rollercoaster
1790558271630,31337.2,31386.56,30607.61,31037.91,723.4,2026-09-28T01:17:51.630Z,Violent Stop-Hunt Rollercoaster
1790558331630,31037.91,31698.67,30476.14,30499.51,593.4,2026-09-28T01:18:51.630Z,Violent Stop-Hunt Rollercoaster
1790558391630,30499.51,30619.49,30141.55,30338.62,238,2026-09-28T01:19:51.630Z,Violent Stop-Hunt Rollercoaster
1790558451630,30338.62,30357.62,29818.22,30169.85,287.5,2026-09-28T01:20:51.630Z,Violent Stop-Hunt Rollercoaster
1790558511630,30169.85,31539.08,30103.46,31172.25,1050.8,2026-09-28T01:21:51.630Z,Violent Stop-Hunt Rollercoaster
1790558571630,31172.25,31277.9,30570.21,30851.9,296.4,2026-09-28T01:22:51.630Z,Violent Stop-Hunt Rollercoaster
1790558631630,30851.9,30985.29,30492.63,30797.41,248.4,2026-09-28T01:23:51.630Z,Violent Stop-Hunt Rollercoaster
1790558691630,30797.41,31972.4,30443.01,31537.95,885.2,2026-09-28T01:24:51.630Z,Violent Stop-Hunt Rollercoaster
1790558751630,31537.95,32561.75,31260,32324.58,689.1,2026-09-28T01:25:51.630Z,Violent Stop-Hunt Rollercoaster
1790558811630,32324.58,33089.06,32248.44,32862.73,681.2,2026-09-28T01:26:51.630Z,Violent Stop-Hunt Rollercoaster
1790558871630,32862.73,33432.22,32697.95,33334.96,482.7,2026-09-28T01:27:51.630Z,Violent Stop-Hunt Rollercoaster
1790558931630,33334.96,33835.49,32825.18,33684.31,333.7,2026-09-28T01:28:51.630Z,Violent Stop-Hunt Rollercoaster
1790558991630,33684.31,33958.94,33577.4,33881.12,386.3,2026-09-28T01:29:51.630Z,Violent Stop-Hunt Rollercoaster
1790559051630,33881.12,34331.63,33535.61,34025.07,214.4,2026-09-28T01:30:51.630Z,Violent Stop-Hunt Rollercoaster
1790559111630,34025.07,34525.83,33567.02,34353.28,420.7,2026-09-28T01:31:51.630Z,Violent Stop-Hunt Rollercoaster
1790559171630,34353.28,35043.11,34232.13,34690.97,742,2026-09-28T01:32:51.630Z,Violent Stop-Hunt Rollercoaster
1790559231630,34690.97,35081.91,32351.47,32773.41,962.2,2026-09-28T01:33:51.630Z,Violent Stop-Hunt Rollercoaster
1790559291630,32773.41,32813.67,31910.08,32588.2,629.8,2026-09-28T01:34:51.630Z,Violent Stop-Hunt Rollercoaster
1790559351630,32588.2,33501.23,32588.2,33269.58,706.1,2026-09-28T01:35:51.630Z,Violent Stop-Hunt Rollercoaster
1790559411630,33269.58,33315.18,32002.42,32367.47,823.9,2026-09-28T01:36:51.630Z,Violent Stop-Hunt Rollercoaster
1790559471630,32367.47,32483.69,31707.48,31742.59,500.3,2026-09-28T01:37:51.630Z,Violent Stop-Hunt Rollercoaster
1790559531630,31742.59,32057.11,30764.54,31102.75,759.6,2026-09-28T01:38:51.630Z,Violent Stop-Hunt Rollercoaster
1790559591630,31102.75,31119.85,29764.81,30377.01,499.6,2026-09-28T01:39:51.630Z,Violent Stop-Hunt Rollercoaster
1790559651630,30377.01,30785.83,29723.49,29969.78,532.3,2026-09-28T01:40:51.630Z,Violent Stop-Hunt Rollercoaster
1790559711630,29969.78,30215.02,29370.54,29499.87,703.6,2026-09-28T01:41:51.630Z,Violent Stop-Hunt Rollercoaster
1790559771630,29499.87,29633.99,28947.03,29180.04,305.2,2026-09-28T01:42:51.630Z,Violent Stop-Hunt Rollercoaster
1790559831630,29180.04,29362.12,28953.98,29016.19,281.5,2026-09-28T01:43:51.630Z,Violent Stop-Hunt Rollercoaster
1790559891630,29016.19,29377.56,28542.83,28686.53,334.4,2026-09-28T01:44:51.630Z,Violent Stop-Hunt Rollercoaster
1790559951630,28686.53,29914.32,28587.75,29534.68,745.9,2026-09-28T01:45:51.630Z,Violent Stop-Hunt Rollercoaster
1790560011630,29534.68,30321.94,29162.01,30211.23,830.9,2026-09-28T01:46:51.630Z,Violent Stop-Hunt Rollercoaster
1790560071630,30211.23,31245.6,29574.39,30970.21,535,2026-09-28T01:47:51.630Z,Violent Stop-Hunt Rollercoaster
1790560131630,30970.21,32863.59,30931.77,32666.94,954.4,2026-09-28T01:48:51.630Z,Violent Stop-Hunt Rollercoaster
1790560191630,32666.94,33075.07,32143.01,33025.87,342.1,2026-09-28T01:49:51.630Z,Violent Stop-Hunt Rollercoaster
1790560251630,33025.87,34478.26,32784.58,34219.27,706.6,2026-09-28T01:50:51.630Z,Violent Stop-Hunt Rollercoaster
1790560311630,34219.27,35005.76,34164.18,34457.39,607.1,2026-09-28T01:51:51.630Z,Violent Stop-Hunt Rollercoaster
1790560371630,34457.39,34991.64,34438.21,34610.87,206.6,2026-09-28T01:52:51.630Z,Violent Stop-Hunt Rollercoaster
1790560431630,34610.87,34612.85,32807.09,33345.21,824.1,2026-09-28T01:53:51.630Z,Violent Stop-Hunt Rollercoaster
1790560491630,33345.21,33948.89,32150.36,32290.53,661.2,2026-09-28T01:54:51.630Z,Violent Stop-Hunt Rollercoaster
1790560551630,32290.53,32946.15,31703.77,32570.09,496.7,2026-09-28T01:55:51.630Z,Violent Stop-Hunt Rollercoaster
1790560611630,32570.09,33036.31,32491.69,32666.62,211.2,2026-09-28T01:56:51.630Z,Violent Stop-Hunt Rollercoaster
1790560671630,32666.62,33338.38,31899.63,32726.26,241.3,2026-09-28T01:57:51.630Z,Violent Stop-Hunt Rollercoaster
1790560731630,32726.26,32873.56,32670.2,32866.92,594.4,2026-09-28T01:58:51.630Z,Violent Stop-Hunt Rollercoaster
1790560791630,32866.92,33564.55,32692.81,32738.05,228.9,2026-09-28T01:59:51.630Z,Violent Stop-Hunt Rollercoaster
1790560851630,32738.05,33561.19,32361.01,32631.06,160.5,2026-09-28T02:00:51.630Z,Violent Stop-Hunt Rollercoaster
1790560911630,32631.06,32962.26,32494.45,32532.49,290.3,2026-09-28T02:01:51.630Z,Violent Stop-Hunt Rollercoaster
1790560971630,32532.49,32879.47,32298.99,32750.74,591.7,2026-09-28T02:02:51.630Z,Violent Stop-Hunt Rollercoaster
1790561031630,32750.74,33091.11,32288.63,32645.48,165.4,2026-09-28T02:03:51.630Z,Violent Stop-Hunt Rollercoaster
1790561091630,32645.48,32957.6,32058.68,32483.98,461.7,2026-09-28T02:04:51.630Z,Violent Stop-Hunt Rollercoaster
1790561151630,32483.98,32787.05,32208.93,32638.21,616.9,2026-09-28T02:05:51.630Z,Violent Stop-Hunt Rollercoaster
1790561211630,32638.21,33287.44,32316.08,32878.94,349.6,2026-09-28T02:06:51.630Z,Violent Stop-Hunt Rollercoaster
1790561271630,32878.94,33321.47,32809.74,33194.71,375,2026-09-28T02:07:51.630Z,Violent Stop-Hunt Rollercoaster
1790561331630,33194.71,33716.82,33151.08,33334.18,512.1,2026-09-28T02:08:51.630Z,Violent Stop-Hunt Rollercoaster
1790561391630,33334.18,34875.32,33264.34,34803.79,851.4,2026-09-28T02:09:51.630Z,Violent Stop-Hunt Rollercoaster
1790561451630,34803.79,35392.96,34330.36,35097.47,350.3,2026-09-28T02:10:51.630Z,Violent Stop-Hunt Rollercoaster
1790561511630,35097.47,37023.44,34966.1,36606.85,1179.1,2026-09-28T02:11:51.630Z,Violent Stop-Hunt Rollercoaster
1790561571630,36606.85,37367.87,36211.88,36824.55,495.7,2026-09-28T02:12:51.630Z,Violent Stop-Hunt Rollercoaster
1790561631630,36824.55,37182.92,36500.06,36837.4,589.3,2026-09-28T02:13:51.630Z,Violent Stop-Hunt Rollercoaster
1790561691630,36837.4,37210.47,34950.58,35176.92,1259,2026-09-28T02:14:51.630Z,Violent Stop-Hunt Rollercoaster
1790561751630,35176.92,35424.01,34452.63,35271.56,313.9,2026-09-28T02:15:51.630Z,Violent Stop-Hunt Rollercoaster
1790561811630,35271.56,36028.37,35067.6,35467.62,630.3,2026-09-28T02:16:51.630Z,Violent Stop-Hunt Rollercoaster
1790561871630,35467.62,35512.82,35096.48,35204.66,331,2026-09-28T02:17:51.630Z,Violent Stop-Hunt Rollercoaster
1790561931630,35204.66,35873.61,34812.62,34928.65,340.4,2026-09-28T02:18:51.630Z,Violent Stop-Hunt Rollercoaster
1790561991630,34928.65,35339.34,33192,33361.2,1031,2026-09-28T02:19:51.630Z,Violent Stop-Hunt Rollercoaster
1790562051630,33361.2,34420.83,33257.21,33932.17,527.4,2026-09-28T02:20:51.630Z,Violent Stop-Hunt Rollercoaster
1790562111630,33932.17,34502.03,33467.9,34185.38,591.4,2026-09-28T02:21:51.630Z,Violent Stop-Hunt Rollercoaster
1790562171630,34185.38,34681.01,33668.23,34364.35,416.9,2026-09-28T02:22:51.630Z,Violent Stop-Hunt Rollercoaster
1790562231630,34364.35,34904.37,34109.59,34450.48,183.9,2026-09-28T02:23:51.630Z,Violent Stop-Hunt Rollercoaster
1790562291630,34450.48,35464.51,34066.76,34772.2,434.1,2026-09-28T02:24:51.630Z,Violent Stop-Hunt Rollercoaster
1790562351630,34772.2,35351.25,34619.95,35150.08,333.7,2026-09-28T02:25:51.630Z,Violent Stop-Hunt Rollercoaster
1790562411630,35150.08,35472.37,35028.79,35343.58,552.8,2026-09-28T02:26:51.630Z,Violent Stop-Hunt Rollercoaster
1790562471630,35343.58,36472.97,35023.54,35588.17,497.2,2026-09-28T02:27:51.630Z,Violent Stop-Hunt Rollercoaster
1790562531630,35588.17,36041.71,34309.21,34837.89,842.1,2026-09-28T02:28:51.630Z,Violent Stop-Hunt Rollercoaster
1790562591630,34837.89,35209.5,33795.38,34076.84,474.3,2026-09-28T02:29:51.630Z,Violent Stop-Hunt Rollercoaster
1790562651630,34076.84,34120.92,32033.26,32228.19,1388.4,2026-09-28T02:30:51.630Z,Violent Stop-Hunt Rollercoaster
1790562711630,32228.19,32517.73,31213.76,31381.14,914.4,2026-09-28T02:31:51.630Z,Violent Stop-Hunt Rollercoaster
1790562771630,31381.14,31631.73,30279.29,30517.95,773.6,2026-09-28T02:32:51.630Z,Violent Stop-Hunt Rollercoaster
1790562831630,30517.95,30719.25,29699.87,29841.64,651.7,2026-09-28T02:33:51.630Z,Violent Stop-Hunt Rollercoaster
1790562891630,29841.64,29905.54,29119.84,29321.91,379.9,2026-09-28T02:34:51.630Z,Violent Stop-Hunt Rollercoaster
1790562951630,29321.91,29827.57,28471.92,28812.27,541.7,2026-09-28T02:35:51.630Z,Violent Stop-Hunt Rollercoaster
1790563011630,28812.27,29981.33,28371.62,29494.07,511.8,2026-09-28T02:36:51.630Z,Violent Stop-Hunt Rollercoaster
1790563071630,29494.07,29563.39,28870.39,29166.49,316.8,2026-09-28T02:37:51.630Z,Violent Stop-Hunt Rollercoaster
1790563131630,29166.49,29538.6,28449.48,28808.06,567.2,2026-09-28T02:38:51.630Z,Violent Stop-Hunt Rollercoaster
1790563191630,28808.06,28977.73,27855.91,28003.87,651.3,2026-09-28T02:39:51.630Z,Violent Stop-Hunt Rollercoaster
1790563251630,28003.87,28226.05,27061.95,27370.87,935.2,2026-09-28T02:40:51.630Z,Violent Stop-Hunt Rollercoaster
1790563311630,27370.87,27754.87,26401.24,26872.89,494.9,2026-09-28T02:41:51.630Z,Violent Stop-Hunt Rollercoaster
1790563371630,26872.89,26951.11,26522.99,26589.74,259.5,2026-09-28T02:42:51.630Z,Violent Stop-Hunt Rollercoaster
1790563431630,26589.74,26753.12,26016.65,26321.85,559.4,2026-09-28T02:43:51.630Z,Violent Stop-Hunt Rollercoaster
1790563491630,26321.85,27060.35,26094.26,27017.67,853.5,2026-09-28T02:44:51.630Z,Violent Stop-Hunt Rollercoaster
1790563551630,27017.67,27633.51,26822.64,27339.24,539.9,2026-09-28T02:45:51.630Z,Violent Stop-Hunt Rollercoaster
1790563611630,27339.24,27510.68,26586.98,27094.52,612,2026-09-28T02:46:51.630Z,Violent Stop-Hunt Rollercoaster
1790563671630,27094.52,28074.82,27005.54,28058.63,915.7,2026-09-28T02:47:51.630Z,Violent Stop-Hunt Rollercoaster
1790563731630,28058.63,28612.65,27916.56,28458,731.5,2026-09-28T02:48:51.630Z,Violent Stop-Hunt Rollercoaster
1790563791630,28458,28740.75,28300.07,28697.97,477.5,2026-09-28T02:49:51.630Z,Violent Stop-Hunt Rollercoaster
1790563851630,28697.97,29182.6,28531.29,29025.59,324,2026-09-28T02:50:51.630Z,Violent Stop-Hunt Rollercoaster
1790563911630,29025.59,30376.17,28772.04,30009.29,977.7,2026-09-28T02:51:51.630Z,Violent Stop-Hunt Rollercoaster
1790563971630,30009.29,30626.38,29930.43,30092.95,506.3,2026-09-28T02:52:51.630Z,Violent Stop-Hunt Rollercoaster
1790564031630,30092.95,30745.4,29958.89,30227.75,350.9,2026-09-28T02:53:51.630Z,Violent Stop-Hunt Rollercoaster
1790564091630,30227.75,30370.84,30038.76,30360.06,235.7,2026-09-28T02:54:51.630Z,Violent Stop-Hunt Rollercoaster
1790564151630,30360.06,30650.81,30240.66,30604.23,475.6,2026-09-28T02:55:51.630Z,Violent Stop-Hunt Rollercoaster
1790564211630,30604.23,30615.85,30435.62,30536.24,580.7,2026-09-28T02:56:51.630Z,Violent Stop-Hunt Rollercoaster
1790564271630,30536.24,30821.25,30530.52,30571.67,403.6,2026-09-28T02:57:51.630Z,Violent Stop-Hunt Rollercoaster
1790564331630,30571.67,30719.07,30555.22,30640.76,147.4,2026-09-28T02:58:51.630Z,Violent Stop-Hunt Rollercoaster
1790564391630,30640.76,31108.54,30462.17,30649.26,439.9,2026-09-28T02:59:51.630Z,Violent Stop-Hunt Rollercoaster
1790564451630,30649.26,30795.95,29933.88,29964.79,806.7,2026-09-28T03:00:51.630Z,Violent Stop-Hunt Rollercoaster
1790564511630,29964.79,30219.42,29014.74,29201.24,766.9,2026-09-28T03:01:51.630Z,Violent Stop-Hunt Rollercoaster
1790564571630,29201.24,29883.14,28851.44,29528.98,339.3,2026-09-28T03:02:51.630Z,Violent Stop-Hunt Rollercoaster
1790564631630,29528.98,29841.91,28504.54,28863.95,721.5,2026-09-28T03:03:51.630Z,Violent Stop-Hunt Rollercoaster
1790564691630,28863.95,28892.01,28086.37,28340.66,769.9,2026-09-28T03:04:51.630Z,Violent Stop-Hunt Rollercoaster
1790564751630,28340.66,28720.69,27911.02,28092.27,310,2026-09-28T03:05:51.630Z,Violent Stop-Hunt Rollercoaster
1790564811630,28092.27,28593.57,27553.3,27717.36,756.9,2026-09-28T03:06:51.630Z,Violent Stop-Hunt Rollercoaster
1790564871630,27717.36,28176.08,27199.51,27483.5,581.3,2026-09-28T03:07:51.630Z,Violent Stop-Hunt Rollercoaster
1790564931630,27483.5,27770.14,26924.17,27377.21,383.3,2026-09-28T03:08:51.630Z,Violent Stop-Hunt Rollercoaster
1790564991630,27377.21,27394.17,27184.69,27356.49,371.8,2026-09-28T03:09:51.630Z,Violent Stop-Hunt Rollercoaster
1790565051630,27356.49,27426.86,26599.46,27106.17,734.8,2026-09-28T03:10:51.630Z,Violent Stop-Hunt Rollercoaster
1790565111630,27106.17,27230.32,26763.47,27058.56,224.6,2026-09-28T03:11:51.630Z,Violent Stop-Hunt Rollercoaster
1790565171630,27058.56,27503.29,26859.06,26863.89,633.7,2026-09-28T03:12:51.630Z,Violent Stop-Hunt Rollercoaster
1790565231630,26863.89,26994.91,26612.07,26853.98,117.5,2026-09-28T03:13:51.630Z,Violent Stop-Hunt Rollercoaster
1790565291630,26853.98,27383.95,26508.35,26712.19,415.8,2026-09-28T03:14:51.630Z,Violent Stop-Hunt Rollercoaster
1790565351630,26712.19,26902.17,26387.14,26681.47,144.8,2026-09-28T03:15:51.630Z,Violent Stop-Hunt Rollercoaster
1790565411630,26681.47,26827.53,26489.38,26721.79,599.3,2026-09-28T03:16:51.630Z,Violent Stop-Hunt Rollercoaster
1790565471630,26721.79,26851.4,26557,26791.04,602.5,2026-09-28T03:17:51.630Z,Violent Stop-Hunt Rollercoaster
1790565531630,26791.04,27167.19,26177.62,26863.3,401,2026-09-28T03:18:51.630Z,Violent Stop-Hunt Rollercoaster
1790565591630,26863.3,27007.07,26345.25,26672.94,626.4,2026-09-28T03:19:51.630Z,Violent Stop-Hunt Rollercoaster
1790565651630,26672.94,26891.85,26266.99,26489.84,417.8,2026-09-28T03:20:51.630Z,Violent Stop-Hunt Rollercoaster
1790565711630,26489.84,27056.58,26445.35,26569.55,492.2,2026-09-28T03:21:51.630Z,Violent Stop-Hunt Rollercoaster
1790565771630,26569.55,26763.47,25978.78,26463.9,458.1,2026-09-28T03:22:51.630Z,Violent Stop-Hunt Rollercoaster
1790565831630,26463.9,27192.12,26421.16,26900.51,558,2026-09-28T03:23:51.630Z,Violent Stop-Hunt Rollercoaster
1790565891630,26900.51,27927.23,26688.52,27704.78,905.3,2026-09-28T03:24:51.630Z,Violent Stop-Hunt Rollercoaster
1790565951630,27704.78,28626.2,27568.21,27984.44,544,2026-09-28T03:25:51.630Z,Violent Stop-Hunt Rollercoaster
1790566011630,27984.44,28624.01,27735.95,28384.89,451.9,2026-09-28T03:26:51.630Z,Violent Stop-Hunt Rollercoaster
1790566071630,28384.89,29176.83,28340.8,28721.73,388.3,2026-09-28T03:27:51.630Z,Violent Stop-Hunt Rollercoaster
1790566131630,28721.73,29391.71,28688.7,29010.72,538.1,2026-09-28T03:28:51.630Z,Violent Stop-Hunt Rollercoaster
1790566191630,29010.72,29363.83,28427.31,29105.18,516.1,2026-09-28T03:29:51.630Z,Violent Stop-Hunt Rollercoaster
1790566251630,29105.18,29661.28,28697.17,29299.02,334.6,2026-09-28T03:30:51.630Z,Violent Stop-Hunt Rollercoaster
1790566311630,29299.02,29684.39,29292.01,29581.6,674.2,2026-09-28T03:31:51.630Z,Violent Stop-Hunt Rollercoaster
1790566371630,29581.6,30077.46,29508.95,29677.12,311,2026-09-28T03:32:51.630Z,Violent Stop-Hunt Rollercoaster
1790566431630,29677.12,29866.83,29586.6,29664.42,313.7,2026-09-28T03:33:51.630Z,Violent Stop-Hunt Rollercoaster
1790566491630,29664.42,30012.61,29369.06,29696.78,181.5,2026-09-28T03:34:51.630Z,Violent Stop-Hunt Rollercoaster
1790566551630,29696.78,30211.41,29473.74,29940.6,237.3,2026-09-28T03:35:51.630Z,Violent Stop-Hunt Rollercoaster
1790566611630,29940.6,30281.13,29939.38,30156.68,314,2026-09-28T03:36:51.630Z,Violent Stop-Hunt Rollercoaster
1790566671630,30156.68,30283.46,29785.12,30064.52,461,2026-09-28T03:37:51.630Z,Violent Stop-Hunt Rollercoaster
1790566731630,30064.52,30209.64,29731.94,30154.48,436.5,2026-09-28T03:38:51.630Z,Violent Stop-Hunt Rollercoaster
1790566791630,30154.48,30417.56,29658.81,30313.34,270.1,2026-09-28T03:39:51.630Z,Violent Stop-Hunt Rollercoaster
1790566851630,30313.34,30417.75,30116.54,30378.12,164.6,2026-09-28T03:40:51.630Z,Violent Stop-Hunt Rollercoaster
1790566911630,30378.12,30805.94,30165.71,30223.32,420.4,2026-09-28T03:41:51.630Z,Violent Stop-Hunt Rollercoaster
1790566971630,30223.32,30801.45,30125.12,30298.28,545,2026-09-28T03:42:51.630Z,Violent Stop-Hunt Rollercoaster
1790567031630,30298.28,30644.69,30024.08,30391.25,482.6,2026-09-28T03:43:51.630Z,Violent Stop-Hunt Rollercoaster
1790567091630,30391.25,30461,30136.94,30321.17,362.3,2026-09-28T03:44:51.630Z,Violent Stop-Hunt Rollercoaster
1790567151630,30321.17,30565.11,30227.09,30281.68,323.4,2026-09-28T03:45:51.630Z,Violent Stop-Hunt Rollercoaster
1790567211630,30281.68,30421.04,28906.8,28913.47,849.9,2026-09-28T03:46:51.630Z,Violent Stop-Hunt Rollercoaster
1790567271630,28913.47,29311.45,28437.04,29051.8,265.7,2026-09-28T03:47:51.630Z,Violent Stop-Hunt Rollercoaster
1790567331630,29051.8,29125.65,28733.07,28903.94,626.5,2026-09-28T03:48:51.630Z,Violent Stop-Hunt Rollercoaster
1790567391630,28903.94,29562.12,28500.05,28823.77,464.2,2026-09-28T03:49:51.630Z,Violent Stop-Hunt Rollercoaster
1790567451630,28823.77,29426.09,28611.25,28930.94,372.2,2026-09-28T03:50:51.630Z,Violent Stop-Hunt Rollercoaster
1790567511630,28930.94,29905.11,28875.77,29698.82,511.8,2026-09-28T03:51:51.630Z,Violent Stop-Hunt Rollercoaster
1790567571630,29698.82,29720.01,29005.69,29631.42,315.4,2026-09-28T03:52:51.630Z,Violent Stop-Hunt Rollercoaster
1790567631630,29631.42,29951.09,29203.21,29465.3,461.3,2026-09-28T03:53:51.630Z,Violent Stop-Hunt Rollercoaster
1790567691630,29465.3,29832.77,29295.97,29557.53,368.9,2026-09-28T03:54:51.630Z,Violent Stop-Hunt Rollercoaster
1790567751630,29557.53,30045.12,29133.43,29554.96,126.9,2026-09-28T03:55:51.630Z,Violent Stop-Hunt Rollercoaster
1790567811630,29554.96,30175.69,29185.94,29493.56,495.1,2026-09-28T03:56:51.630Z,Violent Stop-Hunt Rollercoaster
1790567871630,29493.56,29663.25,29252.01,29441.43,589.7,2026-09-28T03:57:51.630Z,Violent Stop-Hunt Rollercoaster
1790567931630,29441.43,30009.76,29029.25,29268.75,640.4,2026-09-28T03:58:51.630Z,Violent Stop-Hunt Rollercoaster
1790567991630,29268.75,29660.5,28797.26,29173.19,402.3,2026-09-28T03:59:51.630Z,Violent Stop-Hunt Rollercoaster
1790568051630,29173.19,29573.11,29110.42,29224.55,491.4,2026-09-28T04:00:51.630Z,Violent Stop-Hunt Rollercoaster
1790568111630,29224.55,29533.87,29081.76,29151.27,357.1,2026-09-28T04:01:51.630Z,Violent Stop-Hunt Rollercoaster
1790568171630,29151.27,30038.25,29004.02,29895.15,812.2,2026-09-28T04:02:51.630Z,Violent Stop-Hunt Rollercoaster
1790568231630,29895.15,30020.22,29640.23,29756.99,426.8,2026-09-28T04:03:51.630Z,Violent Stop-Hunt Rollercoaster
1790568291630,29756.99,30582.87,29671.98,30454.27,844,2026-09-28T04:04:51.630Z,Violent Stop-Hunt Rollercoaster
1790568351630,30454.27,30502.98,29941.71,30322.89,581.5,2026-09-28T04:05:51.630Z,Violent Stop-Hunt Rollercoaster
1790568411630,30322.89,30507.27,29834.17,30359.99,318.9,2026-09-28T04:06:51.630Z,Violent Stop-Hunt Rollercoaster
1790568471630,30359.99,30710.12,28808.22,29314.77,706.5,2026-09-28T04:07:51.630Z,Violent Stop-Hunt Rollercoaster
1790568531630,29314.77,29634.9,28262.31,28415.16,1054.5,2026-09-28T04:08:51.630Z,Violent Stop-Hunt Rollercoaster
1790568591630,28415.16,29012.08,27523.04,27895.39,795.1,2026-09-28T04:09:51.630Z,Violent Stop-Hunt Rollercoaster
1790568651630,27895.39,28230.71,27045.6,27287.27,887.6,2026-09-28T04:10:51.630Z,Violent Stop-Hunt Rollercoaster
1790568711630,27287.27,27407.43,26386.07,26792.02,446.9,2026-09-28T04:11:51.630Z,Violent Stop-Hunt Rollercoaster
1790568771630,26792.02,26868.75,25848.53,26076.11,591,2026-09-28T04:12:51.630Z,Violent Stop-Hunt Rollercoaster
1790568831630,26076.11,26575.02,25740,26309.5,634.6,2026-09-28T04:13:51.630Z,Violent Stop-Hunt Rollercoaster
1790568891630,26309.5,26635.68,26079.65,26576.09,621.5,2026-09-28T04:14:51.630Z,Violent Stop-Hunt Rollercoaster
1790568951630,26576.09,28139.94,26441.23,27927.4,1261.1,2026-09-28T04:15:51.630Z,Violent Stop-Hunt Rollercoaster
1790569011630,27927.4,28588.94,26390.56,26896.67,1091.4,2026-09-28T04:16:51.630Z,Violent Stop-Hunt Rollercoaster
1790569071630,26896.67,27105.99,26884.09,27075.13,548,2026-09-28T04:17:51.630Z,Violent Stop-Hunt Rollercoaster
1790569131630,27075.13,27353.08,26806.88,27233.82,563.2,2026-09-28T04:18:51.630Z,Violent Stop-Hunt Rollercoaster
1790569191630,27233.82,27557.08,26029.42,26569.22,889.4,2026-09-28T04:19:51.630Z,Violent Stop-Hunt Rollercoaster
1790569251630,26569.22,26826.36,26306.59,26722.23,561.5,2026-09-28T04:20:51.630Z,Violent Stop-Hunt Rollercoaster
1790569311630,26722.23,27266.5,26469.11,26905.64,655,2026-09-28T04:21:51.630Z,Violent Stop-Hunt Rollercoaster
1790569371630,26905.64,27531.53,26889.2,27081.48,664.2,2026-09-28T04:22:51.630Z,Violent Stop-Hunt Rollercoaster
1790569431630,27081.48,27289.76,26424.08,27076.93,157.7,2026-09-28T04:23:51.630Z,Violent Stop-Hunt Rollercoaster
1790569491630,27076.93,27957.71,26904.59,27776.84,675.2,2026-09-28T04:24:51.630Z,Violent Stop-Hunt Rollercoaster
1790569551630,27776.84,27963.86,27347.43,27743.78,201,2026-09-28T04:25:51.630Z,Violent Stop-Hunt Rollercoaster
1790569611630,27743.78,27910.76,27577.13,27697.75,392,2026-09-28T04:26:51.630Z,Violent Stop-Hunt Rollercoaster
1790569671630,27697.75,28055.62,27555.03,27891.61,451.1,2026-09-28T04:27:51.630Z,Violent Stop-Hunt Rollercoaster
1790569731630,27891.61,28375.15,27538.61,27932.18,328.1,2026-09-28T04:28:51.630Z,Violent Stop-Hunt Rollercoaster
1790569791630,27932.18,28077.42,27782.63,27919.25,391.7,2026-09-28T04:29:51.630Z,Violent Stop-Hunt Rollercoaster
1790569851630,27919.25,27955.55,27103.59,27283.63,490.9,2026-09-28T04:30:51.630Z,Violent Stop-Hunt Rollercoaster
1790569911630,27283.63,27491.37,26285.91,26816.92,790.8,2026-09-28T04:31:51.630Z,Violent Stop-Hunt Rollercoaster
1790569971630,26816.92,27271.1,25783.88,26359.5,466.4,2026-09-28T04:32:51.630Z,Violent Stop-Hunt Rollercoaster
1790570031630,26359.5,27088.98,26116.37,26768.9,732.5,2026-09-28T04:33:51.630Z,Violent Stop-Hunt Rollercoaster
1790570091630,26768.9,26883.8,25336.41,25649.93,1162.8,2026-09-28T04:34:51.630Z,Violent Stop-Hunt Rollercoaster
1790570151630,25649.93,26786.21,25531.7,26500.68,1006,2026-09-28T04:35:51.630Z,Violent Stop-Hunt Rollercoaster
1790570211630,26500.68,26798.62,26153.1,26162.97,441.6,2026-09-28T04:36:51.630Z,Violent Stop-Hunt Rollercoaster
1790570271630,26162.97,26417.19,25421.38,25884.22,652.6,2026-09-28T04:37:51.630Z,Violent Stop-Hunt Rollercoaster
1790570331630,25884.22,26095.02,25306.42,25752.38,288.2,2026-09-28T04:38:51.630Z,Violent Stop-Hunt Rollercoaster
1790570391630,25752.38,25987.28,25693.06,25747.79,409.6,2026-09-28T04:39:51.630Z,Violent Stop-Hunt Rollercoaster
1790570451630,25747.79,26612.03,25647.93,26564.01,888.5,2026-09-28T04:40:51.630Z,Violent Stop-Hunt Rollercoaster
1790570511630,26564.01,26646.53,26425.59,26563.36,436.6,2026-09-28T04:41:51.630Z,Violent Stop-Hunt Rollercoaster
1790570571630,26563.36,26897.09,26199.94,26459.56,161.9,2026-09-28T04:42:51.630Z,Violent Stop-Hunt Rollercoaster
1790570631630,26459.56,26841.15,26421.23,26530.83,443,2026-09-28T04:43:51.630Z,Violent Stop-Hunt Rollercoaster
1790570691630,26530.83,27324.22,26104.09,26975.73,567,2026-09-28T04:44:51.630Z,Violent Stop-Hunt Rollercoaster
1790570751630,26975.73,27433.13,26663.93,26927.91,351.5,2026-09-28T04:45:51.630Z,Violent Stop-Hunt Rollercoaster
1790570811630,26927.91,28139.43,26786.67,27831.76,1067.7,2026-09-28T04:46:51.630Z,Violent Stop-Hunt Rollercoaster
1790570871630,27831.76,28564.09,27784.02,28027.57,700.1,2026-09-28T04:47:51.630Z,Violent Stop-Hunt Rollercoaster
1790570931630,28027.57,28404.98,27985.32,28122.59,213.3,2026-09-28T04:48:51.630Z,Violent Stop-Hunt Rollercoaster
1790570991630,28122.59,28476.63,27743.87,28296.32,501.8,2026-09-28T04:49:51.630Z,Violent Stop-Hunt Rollercoaster
1790571051630,28296.32,28980.3,28100.87,28616.8,734,2026-09-28T04:50:51.630Z,Violent Stop-Hunt Rollercoaster
1790571111630,28616.8,29206.12,28539.21,28742.43,371.4,2026-09-28T04:51:51.630Z,Violent Stop-Hunt Rollercoaster
1790571171630,28742.43,29312.61,28533.94,28898.41,339.7,2026-09-28T04:52:51.630Z,Violent Stop-Hunt Rollercoaster
1790571231630,28898.41,29086.33,28409.39,28848.02,610.2,2026-09-28T04:53:51.630Z,Violent Stop-Hunt Rollercoaster
1790571291630,28848.02,29065.09,26104.33,26588.5,1340.1,2026-09-28T04:54:51.630Z,Violent Stop-Hunt Rollercoaster
1790571351630,26588.5,26657.46,25560.56,25852.74,649.8,2026-09-28T04:55:51.630Z,Violent Stop-Hunt Rollercoaster
1790571411630,25852.74,25883.81,25161.78,25398.09,565.8,2026-09-28T04:56:51.630Z,Violent Stop-Hunt Rollercoaster
1790571471630,25398.09,25894.11,24617.3,24895.1,495.1,2026-09-28T04:57:51.630Z,Violent Stop-Hunt Rollercoaster
1790571531630,24895.1,25043.23,24420.42,24578.21,637.8,2026-09-28T04:58:51.630Z,Violent Stop-Hunt Rollercoaster
1790571591630,24578.21,24946.85,23632.42,24139.77,793.2,2026-09-28T04:59:51.630Z,Violent Stop-Hunt Rollercoaster
1790571651630,24139.77,24275.84,23725.44,23739.26,500.1,2026-09-28T05:00:51.630Z,Violent Stop-Hunt Rollercoaster
1790571711630,23739.26,24168.77,23237.14,23536.67,426.1,2026-09-28T05:01:51.630Z,Violent Stop-Hunt Rollercoaster
1790571771630,23536.67,23858.13,22722.64,23210.44,399.2,2026-09-28T05:02:51.630Z,Violent Stop-Hunt Rollercoaster
1790571831630,23210.44,24417.48,23198.93,23912.41,782.9,2026-09-28T05:03:51.630Z,Violent Stop-Hunt Rollercoaster
1790571891630,23912.41,24693.4,23640.45,24623.16,595.9,2026-09-28T05:04:51.630Z,Violent Stop-Hunt Rollercoaster
1790571951630,24623.16,25491.7,24582.87,25206.53,638.1,2026-09-28T05:05:51.630Z,Violent Stop-Hunt Rollercoaster
1790572011630,25206.53,25941.57,24955.68,25665.21,522.3,2026-09-28T05:06:51.630Z,Violent Stop-Hunt Rollercoaster
1790572071630,25665.21,26514.3,25291.06,26197.98,735.8,2026-09-28T05:07:51.630Z,Violent Stop-Hunt Rollercoaster
1790572131630,26197.98,26713.53,25920.82,26689.81,641.6,2026-09-28T05:08:51.630Z,Violent Stop-Hunt Rollercoaster
1790572191630,26689.81,27453.59,26386.27,26900.68,569,2026-09-28T05:09:51.630Z,Violent Stop-Hunt Rollercoaster
1790572251630,26900.68,27732.23,26459.6,27326.32,348.3,2026-09-28T05:10:51.630Z,Violent Stop-Hunt Rollercoaster
1790572311630,27326.32,28135.42,26811.29,27533.8,312.2,2026-09-28T05:11:51.630Z,Violent Stop-Hunt Rollercoaster
1790572371630,27533.8,27914.72,27025.57,27153.45,326.5,2026-09-28T05:12:51.630Z,Violent Stop-Hunt Rollercoaster
1790572431630,27153.45,28054.12,26858.54,27956.92,934.8,2026-09-28T05:13:51.630Z,Violent Stop-Hunt Rollercoaster
1790572491630,27956.92,28628.37,27615.22,28568.17,891.8,2026-09-28T05:14:51.630Z,Violent Stop-Hunt Rollercoaster
1790572551630,28568.17,29376.59,28185.31,29258.7,794.4,2026-09-28T05:15:51.630Z,Violent Stop-Hunt Rollercoaster
1790572611630,29258.7,30482.22,28820.47,29869.15,431.8,2026-09-28T05:16:51.630Z,Violent Stop-Hunt Rollercoaster
1790572671630,29869.15,30385.68,29775.77,30216.49,448.2,2026-09-28T05:17:51.630Z,Violent Stop-Hunt Rollercoaster
1790572731630,30216.49,30645.81,29971.05,30544.11,613.2,2026-09-28T05:18:51.630Z,Violent Stop-Hunt Rollercoaster
1790572791630,30544.11,32057.54,30449.47,31680.91,1016.7,2026-09-28T05:19:51.630Z,Violent Stop-Hunt Rollercoaster
1790572851630,31680.91,32502.01,31373.94,31803.35,603.7,2026-09-28T05:20:51.630Z,Violent Stop-Hunt Rollercoaster
1790572911630,31803.35,32489.02,31609.77,31857.85,399.4,2026-09-28T05:21:51.630Z,Violent Stop-Hunt Rollercoaster
1790572971630,31857.85,32148.66,31523.46,32083.63,588.3,2026-09-28T05:22:51.630Z,Violent Stop-Hunt Rollercoaster
1790573031630,32083.63,32658.03,31709.53,32422.52,703.6,2026-09-28T05:23:51.630Z,Violent Stop-Hunt Rollercoaster
1790573091630,32422.52,33228.99,32082.59,33197.12,944.7,2026-09-28T05:24:51.630Z,Violent Stop-Hunt Rollercoaster
1790573151630,33197.12,33984.38,32848.58,33764.46,356.6,2026-09-28T05:25:51.630Z,Violent Stop-Hunt Rollercoaster
1790573211630,33764.46,34517,33708.6,34465.24,700,2026-09-28T05:26:51.630Z,Violent Stop-Hunt Rollercoaster
1790573271630,34465.24,36926.92,34192.76,36503,1131.5,2026-09-28T05:27:51.630Z,Violent Stop-Hunt Rollercoaster
1790573331630,36503,37442.2,36117.76,36857.01,292,2026-09-28T05:28:51.630Z,Violent Stop-Hunt Rollercoaster
1790573391630,36857.01,37634.17,36672.26,37226.83,337,2026-09-28T05:29:51.630Z,Violent Stop-Hunt Rollercoaster
1790573451630,37226.83,38063.23,37013.44,37688.83,523.2,2026-09-28T05:30:51.630Z,Violent Stop-Hunt Rollercoaster
1790573511630,37688.83,38539.55,37258.78,38228.16,348.8,2026-09-28T05:31:51.630Z,Violent Stop-Hunt Rollercoaster
1790573571630,38228.16,38804.59,38096.86,38590.18,351.2,2026-09-28T05:32:51.630Z,Violent Stop-Hunt Rollercoaster
1790573631630,38590.18,40670.53,38181.53,40417.71,1189.7,2026-09-28T05:33:51.630Z,Violent Stop-Hunt Rollercoaster
1790573691630,40417.71,40974.04,40379.2,40820.33,596.4,2026-09-28T05:34:51.630Z,Violent Stop-Hunt Rollercoaster
1790573751630,40820.33,41479.1,40641.96,41118.85,558.7,2026-09-28T05:35:51.630Z,Violent Stop-Hunt Rollercoaster
1790573811630,41118.85,41342.17,40851.82,41215.26,615.2,2026-09-28T05:36:51.630Z,Violent Stop-Hunt Rollercoaster
1790573871630,41215.26,41668.95,40695.53,41226.09,364.9,2026-09-28T05:37:51.630Z,Violent Stop-Hunt Rollercoaster
1790573931630,41226.09,41940.44,40977.44,41562.52,677.1,2026-09-28T05:38:51.630Z,Violent Stop-Hunt Rollercoaster
1790573991630,41562.52,41960.44,41242.34,41558.55,323.7,2026-09-28T05:39:51.630Z,Violent Stop-Hunt Rollercoaster
1790574051630,41558.55,42366.16,41125.8,42331.7,503.4,2026-09-28T05:40:51.630Z,Violent Stop-Hunt Rollercoaster
1790574111630,42331.7,43932.85,41984.62,43186.65,561.5,2026-09-28T05:41:51.630Z,Violent Stop-Hunt Rollercoaster
1790574171630,43186.65,44095.57,42535.64,43715.41,726.1,2026-09-28T05:42:51.630Z,Violent Stop-Hunt Rollercoaster
1790574231630,43715.41,44768.43,43451.55,44195.44,542.7,2026-09-28T05:43:51.630Z,Violent Stop-Hunt Rollercoaster
1790574291630,44195.44,45019,44048.59,44766.12,745.2,2026-09-28T05:44:51.630Z,Violent Stop-Hunt Rollercoaster
1790574351630,44766.12,45251.3,44729.98,44952.61,377.6,2026-09-28T05:45:51.630Z,Violent Stop-Hunt Rollercoaster
1790574411630,44952.61,45297.49,44768.64,45042.53,398.4,2026-09-28T05:46:51.630Z,Violent Stop-Hunt Rollercoaster
1790574471630,45042.53,45651.58,44773.18,45080.19,247.3,2026-09-28T05:47:51.630Z,Violent Stop-Hunt Rollercoaster
1790574531630,45080.19,46344.5,44836.3,46066.08,584.2,2026-09-28T05:48:51.630Z,Violent Stop-Hunt Rollercoaster
1790574591630,46066.08,47181.53,45054.58,46897.76,643.1,2026-09-28T05:49:51.630Z,Violent Stop-Hunt Rollercoaster
1790574651630,46897.76,47339.42,45866.61,46185.84,404.5,2026-09-28T05:50:51.630Z,Violent Stop-Hunt Rollercoaster
1790574711630,46185.84,46763.57,45016.94,45570.84,499.9,2026-09-28T05:51:51.630Z,Violent Stop-Hunt Rollercoaster
1790574771630,45570.84,45955.69,44870.09,44925.22,598,2026-09-28T05:52:51.630Z,Violent Stop-Hunt Rollercoaster
1790574831630,44925.22,45035.24,44712.59,44741.47,248.8,2026-09-28T05:53:51.630Z,Violent Stop-Hunt Rollercoaster
1790574891630,44741.47,45104.88,43953.87,44549.36,408.4,2026-09-28T05:54:51.630Z,Violent Stop-Hunt Rollercoaster
1790574951630,44549.36,44835.51,44187.27,44505.18,480.8,2026-09-28T05:55:51.630Z,Violent Stop-Hunt Rollercoaster
1790575011630,44505.18,44893.81,44052.88,44426.55,442.5,2026-09-28T05:56:51.630Z,Violent Stop-Hunt Rollercoaster
1790575071630,44426.55,44756.2,43893.9,44057.63,680.1,2026-09-28T05:57:51.630Z,Violent Stop-Hunt Rollercoaster
1790575131630,44057.63,44524.52,43303.91,43645.31,343.8,2026-09-28T05:58:51.630Z,Violent Stop-Hunt Rollercoaster
1790575191630,43645.31,44077.94,42800.17,43494.9,187.4,2026-09-28T05:59:51.630Z,Violent Stop-Hunt Rollercoaster
1790575251630,43494.9,43692.19,43169.15,43315.21,626.8,2026-09-28T06:00:51.630Z,Violent Stop-Hunt Rollercoaster
1790575311630,43315.21,43409.07,42741.17,43398.72,218.5,2026-09-28T06:01:51.630Z,Violent Stop-Hunt Rollercoaster
1790575371630,43398.72,43983.87,43046.44,43339.6,398,2026-09-28T06:02:51.630Z,Violent Stop-Hunt Rollercoaster
1790575431630,43339.6,43854.06,43319.31,43359.59,399,2026-09-28T06:03:51.630Z,Violent Stop-Hunt Rollercoaster
1790575491630,43359.59,43900.2,42464.77,43471,208.5,2026-09-28T06:04:51.630Z,Violent Stop-Hunt Rollercoaster
1790575551630,43471,43973.43,43044.62,43551.69,289.4,2026-09-28T06:05:51.630Z,Violent Stop-Hunt Rollercoaster
1790575611630,43551.69,43756.17,42436.62,43387.19,628.4,2026-09-28T06:06:51.630Z,Violent Stop-Hunt Rollercoaster
1790575671630,43387.19,43983.15,42932.62,43194.79,317.8,2026-09-28T06:07:51.630Z,Violent Stop-Hunt Rollercoaster
1790575731630,43194.79,43491.07,41995.57,42072.89,496.7,2026-09-28T06:08:51.630Z,Violent Stop-Hunt Rollercoaster
1790575791630,42072.89,42575.82,40669.1,41067.69,856.9,2026-09-28T06:09:51.630Z,Violent Stop-Hunt Rollercoaster
1790575851630,41067.69,41350.67,39370.96,40210.31,461.9,2026-09-28T06:10:51.630Z,Violent Stop-Hunt Rollercoaster
1790575911630,40210.31,40514.14,39317.78,39480.05,726.4,2026-09-28T06:11:51.630Z,Violent Stop-Hunt Rollercoaster
1790575971630,39480.05,39877.43,38811.88,38823.29,585.8,2026-09-28T06:12:51.630Z,Violent Stop-Hunt Rollercoaster
1790576031630,38823.29,39203.86,37864.83,37981.53,519.2,2026-09-28T06:13:51.630Z,Violent Stop-Hunt Rollercoaster
1790576091630,37981.53,38008.05,37062.44,37447.13,425.2,2026-09-28T06:14:51.630Z,Violent Stop-Hunt Rollercoaster
1790576151630,37447.13,37891.04,36639.52,36871.73,400.6,2026-09-28T06:15:51.630Z,Violent Stop-Hunt Rollercoaster
1790576211630,36871.73,37172.8,35809.27,36716.74,571.4,2026-09-28T06:16:51.630Z,Violent Stop-Hunt Rollercoaster
1790576271630,36716.74,37063.98,35989.5,36433.21,519.1,2026-09-28T06:17:51.630Z,Violent Stop-Hunt Rollercoaster
1790576331630,36433.21,36433.85,36014.25,36069.72,660.6,2026-09-28T06:18:51.630Z,Violent Stop-Hunt Rollercoaster
1790576391630,36069.72,37708.07,35829.94,36997.41,536,2026-09-28T06:19:51.630Z,Violent Stop-Hunt Rollercoaster
1790576451630,36997.41,37194.18,36225.37,36644.33,585.4,2026-09-28T06:20:51.630Z,Violent Stop-Hunt Rollercoaster
1790576511630,36644.33,37289.3,35983.84,36403.88,445.2,2026-09-28T06:21:51.630Z,Violent Stop-Hunt Rollercoaster
1790576571630,36403.88,37059,36037.11,36222.45,409.3,2026-09-28T06:22:51.630Z,Violent Stop-Hunt Rollercoaster
1790576631630,36222.45,37067.87,35909.46,36719.4,444.7,2026-09-28T06:23:51.630Z,Violent Stop-Hunt Rollercoaster
1790576691630,36719.4,37007.12,35210.51,35863.93,771.3,2026-09-28T06:24:51.630Z,Violent Stop-Hunt Rollercoaster
1790576751630,35863.93,36227.78,35819.21,35822.96,505.7,2026-09-28T06:25:51.630Z,Violent Stop-Hunt Rollercoaster
1790576811630,35822.96,35920.29,34551.34,34741.69,579.1,2026-09-28T06:26:51.630Z,Violent Stop-Hunt Rollercoaster
1790576871630,34741.69,34915.83,34174.13,34488.74,456.6,2026-09-28T06:27:51.630Z,Violent Stop-Hunt Rollercoaster
1790576931630,34488.74,34742.08,32276.97,33032.68,785.1,2026-09-28T06:28:51.630Z,Violent Stop-Hunt Rollercoaster
1790576991630,33032.68,33707.08,32331.93,33000.69,376.1,2026-09-28T06:29:51.630Z,Violent Stop-Hunt Rollercoaster
1790577051630,33000.69,34073.84,32783.55,33967.53,792,2026-09-28T06:30:51.630Z,Violent Stop-Hunt Rollercoaster
1790577111630,33967.53,34159.31,32967.21,33335.15,829.5,2026-09-28T06:31:51.630Z,Violent Stop-Hunt Rollercoaster
1790577171630,33335.15,35449.18,33255.68,35333.52,1098,2026-09-28T06:32:51.630Z,Violent Stop-Hunt Rollercoaster
1790577231630,35333.52,35756.85,34637.23,35741.59,604.5,2026-09-28T06:33:51.630Z,Violent Stop-Hunt Rollercoaster
1790577291630,35741.59,37049.7,35523.21,36367.95,545.2,2026-09-28T06:34:51.630Z,Violent Stop-Hunt Rollercoaster
1790577351630,36367.95,36823.35,35677.03,35825.66,804.2,2026-09-28T06:35:51.630Z,Violent Stop-Hunt Rollercoaster
1790577411630,35825.66,37051.44,35324.92,36325.03,322.9,2026-09-28T06:36:51.630Z,Violent Stop-Hunt Rollercoaster
1790577471630,36325.03,37410.21,36067.93,36848.57,327.6,2026-09-28T06:37:51.630Z,Violent Stop-Hunt Rollercoaster
1790577531630,36848.57,37285.75,36730.59,37043.37,261,2026-09-28T06:38:51.630Z,Violent Stop-Hunt Rollercoaster
1790577591630,37043.37,37642.59,36710.07,37263.7,414.5,2026-09-28T06:39:51.630Z,Violent Stop-Hunt Rollercoaster
1790577651630,37263.7,37597,35749.73,35844.16,716.7,2026-09-28T06:40:51.630Z,Violent Stop-Hunt Rollercoaster
1790577711630,35844.16,35979.74,35223.37,35891.99,267.4,2026-09-28T06:41:51.630Z,Violent Stop-Hunt Rollercoaster
1790577771630,35891.99,36602.75,35376.32,35995.23,292.9,2026-09-28T06:42:51.630Z,Violent Stop-Hunt Rollercoaster
1790577831630,35995.23,36279.78,35689.67,35897.07,369.3,2026-09-28T06:43:51.630Z,Violent Stop-Hunt Rollercoaster
1790577891630,35897.07,36308.79,35383.05,36027.53,279.9,2026-09-28T06:44:51.630Z,Violent Stop-Hunt Rollercoaster
1790577951630,36027.53,36975.17,35607.6,36191.91,335.3,2026-09-28T06:45:51.630Z,Violent Stop-Hunt Rollercoaster
1790578011630,36191.91,36213.56,35975.36,36198.28,173.6,2026-09-28T06:46:51.630Z,Violent Stop-Hunt Rollercoaster
1790578071630,36198.28,36787.24,35812.34,36322.36,165.6,2026-09-28T06:47:51.630Z,Violent Stop-Hunt Rollercoaster
1790578131630,36322.36,37080.12,36258.34,36579.96,272.8,2026-09-28T06:48:51.630Z,Violent Stop-Hunt Rollercoaster
1790578191630,36579.96,36689.4,36190.78,36487.18,213.7,2026-09-28T06:49:51.630Z,Violent Stop-Hunt Rollercoaster
1790578251630,36487.18,37447.69,35941.59,36732.26,700.3,2026-09-28T06:50:51.630Z,Violent Stop-Hunt Rollercoaster
1790578311630,36732.26,36844.76,36541.77,36726.95,251.1,2026-09-28T06:51:51.630Z,Violent Stop-Hunt Rollercoaster
1790578371630,36726.95,37441.12,36433.38,36645.7,607.9,2026-09-28T06:52:51.630Z,Violent Stop-Hunt Rollercoaster
1790578431630,36645.7,36978.39,36430.67,36873.65,399.3,2026-09-28T06:53:51.630Z,Violent Stop-Hunt Rollercoaster
1790578491630,36873.65,37218.67,36273.1,36804.46,159.7,2026-09-28T06:54:51.630Z,Violent Stop-Hunt Rollercoaster
1790578551630,36804.46,37460.68,36656.24,36761.48,425,2026-09-28T06:55:51.630Z,Violent Stop-Hunt Rollercoaster
1790578611630,36761.48,36831.66,35917.1,36617.94,619.8,2026-09-28T06:56:51.630Z,Violent Stop-Hunt Rollercoaster
1790578671630,36617.94,37022.04,36554.13,36731.71,254,2026-09-28T06:57:51.630Z,Violent Stop-Hunt Rollercoaster
1790578731630,36731.71,37856.19,36312.16,37784.63,613.8,2026-09-28T06:58:51.630Z,Violent Stop-Hunt Rollercoaster
1790578791630,37784.63,38318.32,37539.94,37842.64,248,2026-09-28T06:59:51.630Z,Violent Stop-Hunt Rollercoaster
1790578851630,37842.64,38640.22,37004.98,38376.07,599,2026-09-28T07:00:51.630Z,Violent Stop-Hunt Rollercoaster
1790578911630,38376.07,39827.7,37700.79,38872.53,438.1,2026-09-28T07:01:51.630Z,Violent Stop-Hunt Rollercoaster
1790578971630,38872.53,40232.33,38790.51,39605.31,491.3,2026-09-28T07:02:51.630Z,Violent Stop-Hunt Rollercoaster
1790579031630,39605.31,40712.36,39479.34,40263.54,352,2026-09-28T07:03:51.630Z,Violent Stop-Hunt Rollercoaster
1790579091630,40263.54,40837.34,39997.56,40535.44,672,2026-09-28T07:04:51.630Z,Violent Stop-Hunt Rollercoaster
1790579151630,40535.44,41614.58,40012.92,40989.46,610.9,2026-09-28T07:05:51.630Z,Violent Stop-Hunt Rollercoaster
1790579211630,40989.46,41253.78,40746.69,41070.93,291.6,2026-09-28T07:06:51.630Z,Violent Stop-Hunt Rollercoaster
1790579271630,41070.93,41226.15,40052.67,40331.03,788.1,2026-09-28T07:07:51.630Z,Violent Stop-Hunt Rollercoaster
1790579331630,40331.03,41758.65,39516.06,41592.59,949.6,2026-09-28T07:08:51.630Z,Violent Stop-Hunt Rollercoaster
1790579391630,41592.59,41927.5,41569.81,41847.17,497.3,2026-09-28T07:09:51.630Z,Violent Stop-Hunt Rollercoaster
1790579451630,41847.17,42563.26,40898.36,42074.67,587.5,2026-09-28T07:10:51.630Z,Violent Stop-Hunt Rollercoaster
1790579511630,42074.67,42143,40362.28,40442.85,876.1,2026-09-28T07:11:51.630Z,Violent Stop-Hunt Rollercoaster
1790579571630,40442.85,40853.2,40113.28,40686.59,254.9,2026-09-28T07:12:51.630Z,Violent Stop-Hunt Rollercoaster
1790579631630,40686.59,40791.91,40204.76,40657.59,196,2026-09-28T07:13:51.630Z,Violent Stop-Hunt Rollercoaster
1790579691630,40657.59,41020.52,39238.48,39434.43,998.5,2026-09-28T07:14:51.630Z,Violent Stop-Hunt Rollercoaster
1790579751630,39434.43,39685.65,39367.13,39418.37,114.5,2026-09-28T07:15:51.630Z,Violent Stop-Hunt Rollercoaster
1790579811630,39418.37,40199.66,39344.67,39403.03,253.3,2026-09-28T07:16:51.630Z,Violent Stop-Hunt Rollercoaster
1790579871630,39403.03,40189.53,39240.2,39658.99,563.6,2026-09-28T07:17:51.630Z,Violent Stop-Hunt Rollercoaster
1790579931630,39658.99,40128.48,38790.57,39088.4,486.9,2026-09-28T07:18:51.630Z,Violent Stop-Hunt Rollercoaster
1790579991630,39088.4,40243.03,39041.38,40132.05,945.5,2026-09-28T07:19:51.630Z,Violent Stop-Hunt Rollercoaster
1790580051630,40132.05,40623.47,39606.66,39682.37,513.6,2026-09-28T07:20:51.630Z,Violent Stop-Hunt Rollercoaster
1790580111630,39682.37,40358.09,39195.52,39903.46,625.4,2026-09-28T07:21:51.630Z,Violent Stop-Hunt Rollercoaster
1790580171630,39903.46,40320.35,39582.58,39745.31,358.5,2026-09-28T07:22:51.630Z,Violent Stop-Hunt Rollercoaster
1790580231630,39745.31,40599.04,39116.93,39342.6,662.7,2026-09-28T07:23:51.630Z,Violent Stop-Hunt Rollercoaster
1790580291630,39342.6,40213.02,39262.34,39306.38,340.5,2026-09-28T07:24:51.630Z,Violent Stop-Hunt Rollercoaster
1790580351630,39306.38,39426.9,37299.89,37655.7,882.1,2026-09-28T07:25:51.630Z,Violent Stop-Hunt Rollercoaster
1790580411630,37655.7,39590.63,37039.54,39366.74,942.4,2026-09-28T07:26:51.630Z,Violent Stop-Hunt Rollercoaster
1790580471630,39366.74,39716.18,38942.84,39091.39,250.8,2026-09-28T07:27:51.630Z,Violent Stop-Hunt Rollercoaster
1790580531630,39091.39,39203.69,38413.99,38989.07,439.6,2026-09-28T07:28:51.630Z,Violent Stop-Hunt Rollercoaster
1790580591630,38989.07,39066.13,38651.34,38976.25,539,2026-09-28T07:29:51.630Z,Violent Stop-Hunt Rollercoaster
1790580651630,38976.25,39536.98,37502.7,37658.45,668.2,2026-09-28T07:30:51.630Z,Violent Stop-Hunt Rollercoaster
1790580711630,37658.45,38011.55,36114.41,36521.87,782.9,2026-09-28T07:31:51.630Z,Violent Stop-Hunt Rollercoaster
1790580771630,36521.87,36562.35,35648.35,35944.02,539.3,2026-09-28T07:32:51.630Z,Violent Stop-Hunt Rollercoaster
1790580831630,35944.02,36224.38,34851.98,35398.15,784.4,2026-09-28T07:33:51.630Z,Violent Stop-Hunt Rollercoaster
1790580891630,35398.15,35531.31,35252.83,35276.88,313.2,2026-09-28T07:34:51.630Z,Violent Stop-Hunt Rollercoaster
1790580951630,35276.88,35412.47,34784.33,34912.51,381.2,2026-09-28T07:35:51.630Z,Violent Stop-Hunt Rollercoaster
1790581011630,34912.51,34940.4,34122.33,34769.08,288.9,2026-09-28T07:36:51.630Z,Violent Stop-Hunt Rollercoaster
1790581071630,34769.08,35926.77,34199.91,35851.65,881.9,2026-09-28T07:37:51.630Z,Violent Stop-Hunt Rollercoaster
1790581131630,35851.65,36258.8,35354.19,35654.73,514.2,2026-09-28T07:38:51.630Z,Violent Stop-Hunt Rollercoaster
1790581191630,35654.73,36576.32,35444.09,36505.15,650.7,2026-09-28T07:39:51.630Z,Violent Stop-Hunt Rollercoaster
1790581251630,36505.15,36710.13,35833.03,36031.43,584.3,2026-09-28T07:40:51.630Z,Violent Stop-Hunt Rollercoaster
1790581311630,36031.43,36465.41,35006.31,35534.21,765.7,2026-09-28T07:41:51.630Z,Violent Stop-Hunt Rollercoaster
1790581371630,35534.21,36003.18,35039.75,35078.46,494.8,2026-09-28T07:42:51.630Z,Violent Stop-Hunt Rollercoaster
1790581431630,35078.46,36676.98,34692.9,35989.29,685.1,2026-09-28T07:43:51.630Z,Violent Stop-Hunt Rollercoaster
1790581491630,35989.29,36137.75,35554.03,35851.97,319.1,2026-09-28T07:44:51.630Z,Violent Stop-Hunt Rollercoaster
1790581551630,35851.97,36222.67,34992.35,35401.81,331.2,2026-09-28T07:45:51.630Z,Violent Stop-Hunt Rollercoaster
1790581611630,35401.81,36240.02,33970.52,34548.51,793.4,2026-09-28T07:46:51.630Z,Violent Stop-Hunt Rollercoaster
1790581671630,34548.51,34823.03,33882.35,34362.61,420.4,2026-09-28T07:47:51.630Z,Violent Stop-Hunt Rollercoaster
1790581731630,34362.61,34455.58,34136.06,34353.54,468.1,2026-09-28T07:48:51.630Z,Violent Stop-Hunt Rollercoaster
1790581791630,34353.54,34671.58,33989.51,34208.06,292.9,2026-09-28T07:49:51.630Z,Violent Stop-Hunt Rollercoaster
1790581851630,34208.06,34449.44,33581.54,34269.52,509.5,2026-09-28T07:50:51.630Z,Violent Stop-Hunt Rollercoaster
1790581911630,34269.52,34811.47,34149.29,34161.99,215.6,2026-09-28T07:51:51.630Z,Violent Stop-Hunt Rollercoaster
1790581971630,34161.99,34175.23,32266.01,32717.32,815.1,2026-09-28T07:52:51.630Z,Violent Stop-Hunt Rollercoaster
1790582031630,32717.32,32902.19,32052.63,32629.52,421.9,2026-09-28T07:53:51.630Z,Violent Stop-Hunt Rollercoaster
1790582091630,32629.52,32848.2,32406.53,32753.96,255.7,2026-09-28T07:54:51.630Z,Violent Stop-Hunt Rollercoaster
1790582151630,32753.96,32978.56,32151.75,32839.98,273.4,2026-09-28T07:55:51.630Z,Violent Stop-Hunt Rollercoaster
1790582211630,32839.98,34037.21,32612.98,33471.77,872.9,2026-09-28T07:56:51.630Z,Violent Stop-Hunt Rollercoaster
1790582271630,33471.77,34315.66,33071.32,34144.72,900.6,2026-09-28T07:57:51.630Z,Violent Stop-Hunt Rollercoaster
1790582331630,34144.72,34651.37,33897.22,34425.88,607.2,2026-09-28T07:58:51.630Z,Violent Stop-Hunt Rollercoaster
1790582391630,34425.88,34682.09,33474.74,33634.4,797.7,2026-09-28T07:59:51.630Z,Violent Stop-Hunt Rollercoaster
1790582451630,33634.4,33753.88,30862.72,31279.51,1354.2,2026-09-28T08:00:51.630Z,Violent Stop-Hunt Rollercoaster
1790582511630,31279.51,32004.86,30111.58,30493.51,554.3,2026-09-28T08:01:51.630Z,Violent Stop-Hunt Rollercoaster
1790582571630,30493.51,30539.77,29790.59,29956.97,686.7,2026-09-28T08:02:51.630Z,Violent Stop-Hunt Rollercoaster
1790582631630,29956.97,30108.4,29227.44,29527.21,734.6,2026-09-28T08:03:51.630Z,Violent Stop-Hunt Rollercoaster
1790582691630,29527.21,30220.12,29158.3,30068.09,571.5,2026-09-28T08:04:51.630Z,Violent Stop-Hunt Rollercoaster
1790582751630,30068.09,30648.85,29069.44,29442.41,907.1,2026-09-28T08:05:51.630Z,Violent Stop-Hunt Rollercoaster
1790582811630,29442.41,30035.77,29188.99,29780.74,396.5,2026-09-28T08:06:51.630Z,Violent Stop-Hunt Rollercoaster
1790582871630,29780.74,30563.86,29616.37,30325.15,597.1,2026-09-28T08:07:51.630Z,Violent Stop-Hunt Rollercoaster
1790582931630,30325.15,31837.43,30280.72,31465.58,949.5,2026-09-28T08:08:51.630Z,Violent Stop-Hunt Rollercoaster
1790582991630,31465.58,32936.63,31040.13,32353.46,952.2,2026-09-28T08:09:51.630Z,Violent Stop-Hunt Rollercoaster
1790583051630,32353.46,33235.11,32289.1,33018.79,585.3,2026-09-28T08:10:51.630Z,Violent Stop-Hunt Rollercoaster
1790583111630,33018.79,34084.2,32824.85,33652.73,802.4,2026-09-28T08:11:51.630Z,Violent Stop-Hunt Rollercoaster
1790583171630,33652.73,34151.42,32204.85,32634.06,752.6,2026-09-28T08:12:51.630Z,Violent Stop-Hunt Rollercoaster
1790583231630,32634.06,33117.87,32505.02,32993.21,610.6,2026-09-28T08:13:51.630Z,Violent Stop-Hunt Rollercoaster
1790583291630,32993.21,33085.29,32791.64,33040.8,381.3,2026-09-28T08:14:51.630Z,Violent Stop-Hunt Rollercoaster
1790583351630,33040.8,33312.61,31877.48,32440.8,842.9,2026-09-28T08:15:51.630Z,Violent Stop-Hunt Rollercoaster
1790583411630,32440.8,32707.32,31666.75,31895.86,478.4,2026-09-28T08:16:51.630Z,Violent Stop-Hunt Rollercoaster
1790583471630,31895.86,32286.73,31198.18,31264.39,552.5,2026-09-28T08:17:51.630Z,Violent Stop-Hunt Rollercoaster
1790583531630,31264.39,31515.35,30561.81,30659.09,663.4,2026-09-28T08:18:51.630Z,Violent Stop-Hunt Rollercoaster
1790583591630,30659.09,30846.92,29956.32,30472.52,245.6,2026-09-28T08:19:51.630Z,Violent Stop-Hunt Rollercoaster
1790583651630,30472.52,30559.95,29453.41,30137.23,307.6,2026-09-28T08:20:51.630Z,Violent Stop-Hunt Rollercoaster
1790583711630,30137.23,31219.71,29806.13,30776.35,771,2026-09-28T08:21:51.630Z,Violent Stop-Hunt Rollercoaster
1790583771630,30776.35,31587.53,30168.4,31197.31,635.1,2026-09-28T08:22:51.630Z,Violent Stop-Hunt Rollercoaster
1790583831630,31197.31,31965.42,30981.66,31585.22,448.3,2026-09-28T08:23:51.630Z,Violent Stop-Hunt Rollercoaster
1790583891630,31585.22,32011.11,31490.83,31763.75,429.3,2026-09-28T08:24:51.630Z,Violent Stop-Hunt Rollercoaster
1790583951630,31763.75,32091.52,31419.01,32066.64,644.3,2026-09-28T08:25:51.630Z,Violent Stop-Hunt Rollercoaster
1790584011630,32066.64,33071.76,31932.57,32278.49,416.8,2026-09-28T08:26:51.630Z,Violent Stop-Hunt Rollercoaster
1790584071630,32278.49,32788.17,31830.16,32653.36,278.9,2026-09-28T08:27:51.630Z,Violent Stop-Hunt Rollercoaster
1790584131630,32653.36,32969.3,32302.27,32763.05,393.1,2026-09-28T08:28:51.630Z,Violent Stop-Hunt Rollercoaster
1790584191630,32763.05,33041.77,32445.61,33011.45,387.7,2026-09-28T08:29:51.630Z,Violent Stop-Hunt Rollercoaster
1790584251630,33011.45,33103.01,32822.32,32966.83,146.7,2026-09-28T08:30:51.630Z,Violent Stop-Hunt Rollercoaster
1790584311630,32966.83,33052.05,31879.32,32431.44,515.4,2026-09-28T08:31:51.630Z,Violent Stop-Hunt Rollercoaster
1790584371630,32431.44,32535.08,31659.21,31773.22,780,2026-09-28T08:32:51.630Z,Violent Stop-Hunt Rollercoaster
1790584431630,31773.22,32257.57,30815.28,31378.76,294.9,2026-09-28T08:33:51.630Z,Violent Stop-Hunt Rollercoaster
1790584491630,31378.76,31437.44,30838.96,30909.86,447.6,2026-09-28T08:34:51.630Z,Violent Stop-Hunt Rollercoaster
1790584551630,30909.86,31279.28,30028.06,30387.81,649.2,2026-09-28T08:35:51.630Z,Violent Stop-Hunt Rollercoaster
1790584611630,30387.81,30574.28,29507.99,30057.79,610.9,2026-09-28T08:36:51.630Z,Violent Stop-Hunt Rollercoaster
1790584671630,30057.79,30063.17,29436.14,29637.08,497.2,2026-09-28T08:37:51.630Z,Violent Stop-Hunt Rollercoaster
1790584731630,29637.08,29824.11,29291.95,29419.29,459.3,2026-09-28T08:38:51.630Z,Violent Stop-Hunt Rollercoaster
1790584791630,29419.29,30461.56,29181.3,30199.79,968.8,2026-09-28T08:39:51.630Z,Violent Stop-Hunt Rollercoaster
1790584851630,30199.79,31546.69,29893.11,31115.62,792.1,2026-09-28T08:40:51.630Z,Violent Stop-Hunt Rollercoaster
1790584911630,31115.62,32260.45,30631.13,31641.5,696.7,2026-09-28T08:41:51.630Z,Violent Stop-Hunt Rollercoaster
1790584971630,31641.5,32196.04,31468.51,32056.81,776.4,2026-09-28T08:42:51.630Z,Violent Stop-Hunt Rollercoaster
1790585031630,32056.81,32905.12,31955.92,32622.23,368.3,2026-09-28T08:43:51.630Z,Violent Stop-Hunt Rollercoaster
1790585091630,32622.23,32657.6,31726.89,32226.59,634.8,2026-09-28T08:44:51.630Z,Violent Stop-Hunt Rollercoaster
1790585151630,32226.59,32360.69,31750.54,31887.71,711.4,2026-09-28T08:45:51.630Z,Violent Stop-Hunt Rollercoaster
1790585211630,31887.71,31920.4,31571.83,31576.73,337.4,2026-09-28T08:46:51.630Z,Violent Stop-Hunt Rollercoaster
1790585271630,31576.73,31851.16,30987.61,31381.17,273.1,2026-09-28T08:47:51.630Z,Violent Stop-Hunt Rollercoaster
1790585331630,31381.17,31995.01,31229.81,31897.26,592.2,2026-09-28T08:48:51.630Z,Violent Stop-Hunt Rollercoaster
1790585391630,31897.26,32323.15,31022.75,31484.09,661.9,2026-09-28T08:49:51.630Z,Violent Stop-Hunt Rollercoaster
1790585451630,31484.09,31883.6,30994.64,31346.23,391.5,2026-09-28T08:50:51.630Z,Violent Stop-Hunt Rollercoaster
1790585511630,31346.23,31385.36,31175.72,31277.83,266,2026-09-28T08:51:51.630Z,Violent Stop-Hunt Rollercoaster
1790585571630,31277.83,31289.1,30908.56,31116.8,302.4,2026-09-28T08:52:51.630Z,Violent Stop-Hunt Rollercoaster
1790585631630,31116.8,32573.75,30759.07,32332.53,896.5,2026-09-28T08:53:51.630Z,Violent Stop-Hunt Rollercoaster
1790585691630,32332.53,32482.67,31849.07,32261.64,514.4,2026-09-28T08:54:51.630Z,Violent Stop-Hunt Rollercoaster
1790585751630,32261.64,32309.45,30173.43,30796.93,852.1,2026-09-28T08:55:51.630Z,Violent Stop-Hunt Rollercoaster
1790585811630,30796.93,31060.56,30634.61,30952.15,499.3,2026-09-28T08:56:51.630Z,Violent Stop-Hunt Rollercoaster
1790585871630,30952.15,31465.62,30231.33,31090.67,565,2026-09-28T08:57:51.630Z,Violent Stop-Hunt Rollercoaster
1790585931630,31090.67,31805.56,30807.25,31388.04,451.1,2026-09-28T08:58:51.630Z,Violent Stop-Hunt Rollercoaster
1790585991630,31388.04,31768.63,30927.42,31629.64,554.4,2026-09-28T08:59:51.630Z,Violent Stop-Hunt Rollercoaster
1790586051630,31629.64,32303.39,31075.25,31833.07,223.5,2026-09-28T09:00:51.630Z,Violent Stop-Hunt Rollercoaster
1790586111630,31833.07,32301.87,31733.85,32080.3,625.4,2026-09-28T09:01:51.630Z,Violent Stop-Hunt Rollercoaster
1790586171630,32080.3,32738.48,31496.54,32051.56,307.2,2026-09-28T09:02:51.630Z,Violent Stop-Hunt Rollercoaster
1790586231630,32051.56,32513.71,31259.01,32015.28,202,2026-09-28T09:03:51.630Z,Violent Stop-Hunt Rollercoaster
1790586291630,32015.28,32538.86,31585.56,32201.53,306.3,2026-09-28T09:04:51.630Z,Violent Stop-Hunt Rollercoaster
1790586351630,32201.53,32536.13,31562.65,32319.19,535.1,2026-09-28T09:05:51.630Z,Violent Stop-Hunt Rollercoaster
1790586411630,32319.19,32955.58,32046.53,32539.35,680.4,2026-09-28T09:06:51.630Z,Violent Stop-Hunt Rollercoaster
1790586471630,32539.35,32773.38,32479.04,32619.65,430.2,2026-09-28T09:07:51.630Z,Violent Stop-Hunt Rollercoaster
1790586531630,32619.65,33068.4,32422.47,32662.41,570.3,2026-09-28T09:08:51.630Z,Violent Stop-Hunt Rollercoaster
1790586591630,32662.41,32968.33,32603.34,32880.57,672.6,2026-09-28T09:09:51.630Z,Violent Stop-Hunt Rollercoaster
1790586651630,32880.57,33087.79,32534.13,32990.38,215.1,2026-09-28T09:10:51.630Z,Violent Stop-Hunt Rollercoaster
1790586711630,32990.38,33331.79,32849.16,32933.31,205.7,2026-09-28T09:11:51.630Z,Violent Stop-Hunt Rollercoaster
1790586771630,32933.31,33784.56,32907.62,33542.89,639.3,2026-09-28T09:12:51.630Z,Violent Stop-Hunt Rollercoaster
1790586831630,33542.89,33638.83,33048.06,33204.16,256.9,2026-09-28T09:13:51.630Z,Violent Stop-Hunt Rollercoaster
1790586891630,33204.16,34138.73,33153.07,33741.81,395.6,2026-09-28T09:14:51.630Z,Violent Stop-Hunt Rollercoaster
1790586951630,33741.81,34331.16,33716.91,34216.45,388.5,2026-09-28T09:15:51.630Z,Violent Stop-Hunt Rollercoaster
1790587011630,34216.45,36320.08,33552.03,35899.54,1230.8,2026-09-28T09:16:51.630Z,Violent Stop-Hunt Rollercoaster
1790587071630,35899.54,36255.44,35862.21,36188.76,485.8,2026-09-28T09:17:51.630Z,Violent Stop-Hunt Rollercoaster
1790587131630,36188.76,36490.52,35587.6,36350.94,388.7,2026-09-28T09:18:51.630Z,Violent Stop-Hunt Rollercoaster
1790587191630,36350.94,36634.68,35855.64,36583.99,506.8,2026-09-28T09:19:51.630Z,Violent Stop-Hunt Rollercoaster
1790587251630,36583.99,37639.81,36340.91,36834.75,528.4,2026-09-28T09:20:51.630Z,Violent Stop-Hunt Rollercoaster
1790587311630,36834.75,37250.68,36393.28,36937.75,341.3,2026-09-28T09:21:51.630Z,Violent Stop-Hunt Rollercoaster
1790587371630,36937.75,37362.45,36804.61,37255.38,585.1,2026-09-28T09:22:51.630Z,Violent Stop-Hunt Rollercoaster
1790587431630,37255.38,37477.87,36713.89,37287.79,160.7,2026-09-28T09:23:51.630Z,Violent Stop-Hunt Rollercoaster
1790587491630,37287.79,37723.24,36444.87,36844.73,462.8,2026-09-28T09:24:51.630Z,Violent Stop-Hunt Rollercoaster
1790587551630,36844.73,37286.74,36539.24,37092.71,662.7,2026-09-28T09:25:51.630Z,Violent Stop-Hunt Rollercoaster
1790587611630,37092.71,37824.82,36920.55,37344.9,279.6,2026-09-28T09:26:51.630Z,Violent Stop-Hunt Rollercoaster
1790587671630,37344.9,37839.13,36591.02,37449.46,255.5,2026-09-28T09:27:51.630Z,Violent Stop-Hunt Rollercoaster
1790587731630,37449.46,37877.11,37447.07,37492.51,363.8,2026-09-28T09:28:51.630Z,Violent Stop-Hunt Rollercoaster
1790587791630,37492.51,37836.85,37260.35,37447.99,451.5,2026-09-28T09:29:51.630Z,Violent Stop-Hunt Rollercoaster
1790587851630,37447.99,37507.9,36566.97,36890.7,539.2,2026-09-28T09:30:51.630Z,Violent Stop-Hunt Rollercoaster
1790587911630,36890.7,36976.49,36066.89,36648.64,607.5,2026-09-28T09:31:51.630Z,Violent Stop-Hunt Rollercoaster
1790587971630,36648.64,36927.08,35817.59,36369.13,352.5,2026-09-28T09:32:51.630Z,Violent Stop-Hunt Rollercoaster
1790588031630,36369.13,36525.4,35864.79,36002.79,707.8,2026-09-28T09:33:51.630Z,Violent Stop-Hunt Rollercoaster
1790588091630,36002.79,36499.81,35637.7,35746.76,533,2026-09-28T09:34:51.630Z,Violent Stop-Hunt Rollercoaster
1790588151630,35746.76,35943.83,35509.8,35647.46,535.7,2026-09-28T09:35:51.630Z,Violent Stop-Hunt Rollercoaster
1790588211630,35647.46,35954.18,35218.65,35462.73,405.6,2026-09-28T09:36:51.630Z,Violent Stop-Hunt Rollercoaster
1790588271630,35462.73,35480.02,35267.25,35442.18,299.6,2026-09-28T09:37:51.630Z,Violent Stop-Hunt Rollercoaster
1790588331630,35442.18,35750.84,34475.48,34691.12,541.6,2026-09-28T09:38:51.630Z,Violent Stop-Hunt Rollercoaster
1790588391630,34691.12,34870.81,34229.19,34310.28,497.4,2026-09-28T09:39:51.630Z,Violent Stop-Hunt Rollercoaster
1790588451630,34310.28,34734.5,32954.97,33416.37,775.2,2026-09-28T09:40:51.630Z,Violent Stop-Hunt Rollercoaster
1790588511630,33416.37,33631.22,32476.17,32600.34,478.5,2026-09-28T09:41:51.630Z,Violent Stop-Hunt Rollercoaster
1790588571630,32600.34,32998.94,31685.87,32065.87,488.5,2026-09-28T09:42:51.630Z,Violent Stop-Hunt Rollercoaster
1790588631630,32065.87,32164.01,29928.89,30125.4,1088.4,2026-09-28T09:43:51.630Z,Violent Stop-Hunt Rollercoaster
1790588691630,30125.4,30271.4,29481.6,29586.6,860.6,2026-09-28T09:44:51.630Z,Violent Stop-Hunt Rollercoaster
1790588751630,29586.6,31424.21,29492.23,31332.48,1039.1,2026-09-28T09:45:51.630Z,Violent Stop-Hunt Rollercoaster
1790588811630,31332.48,31691.79,31192.21,31667.27,444,2026-09-28T09:46:51.630Z,Violent Stop-Hunt Rollercoaster
1790588871630,31667.27,32208.18,31524.3,32144.43,586.8,2026-09-28T09:47:51.630Z,Violent Stop-Hunt Rollercoaster
1790588931630,32144.43,32933.5,32042.59,32450.55,709.1,2026-09-28T09:48:51.630Z,Violent Stop-Hunt Rollercoaster
1790588991630,32450.55,32963.36,32135.59,32717.51,330,2026-09-28T09:49:51.630Z,Violent Stop-Hunt Rollercoaster
1790589051630,32717.51,33036.68,32710.07,32918.37,273.4,2026-09-28T09:50:51.630Z,Violent Stop-Hunt Rollercoaster
1790589111630,32918.37,33389.04,32551.39,32980.27,276.8,2026-09-28T09:51:51.630Z,Violent Stop-Hunt Rollercoaster
1790589171630,32980.27,33687.51,32949.08,33329.85,541.3,2026-09-28T09:52:51.630Z,Violent Stop-Hunt Rollercoaster
1790589231630,33329.85,33336.1,32414.57,32505.37,888.7,2026-09-28T09:53:51.630Z,Violent Stop-Hunt Rollercoaster
1790589291630,32505.37,32953.32,31377.66,31731.24,574.2,2026-09-28T09:54:51.630Z,Violent Stop-Hunt Rollercoaster
1790589351630,31731.24,32256.21,30509.04,31181.38,463.4,2026-09-28T09:55:51.630Z,Violent Stop-Hunt Rollercoaster
1790589411630,31181.38,31371.37,30182.33,30377.32,701.1,2026-09-28T09:56:51.630Z,Violent Stop-Hunt Rollercoaster
1790589471630,30377.32,30810.78,29466.24,29723.03,832.2,2026-09-28T09:57:51.630Z,Violent Stop-Hunt Rollercoaster
1790589531630,29723.03,30792.41,29200.06,30516.96,895.5,2026-09-28T09:58:51.630Z,Violent Stop-Hunt Rollercoaster
1790589591630,30516.96,30634.39,29829.13,29995.51,713.9,2026-09-28T09:59:51.630Z,Violent Stop-Hunt Rollercoaster
1790589651630,29995.51,30597.91,29803.57,30399.41,783.8,2026-09-28T10:00:51.630Z,Violent Stop-Hunt Rollercoaster
1790589711630,30399.41,31255.21,30262.22,30830.39,598.6,2026-09-28T10:01:51.630Z,Violent Stop-Hunt Rollercoaster
1790589771630,30830.39,31363.73,30148.95,31035.54,362.4,2026-09-28T10:02:51.630Z,Violent Stop-Hunt Rollercoaster
1790589831630,31035.54,31488.25,30998.72,31320.64,361.2,2026-09-28T10:03:51.630Z,Violent Stop-Hunt Rollercoaster
1790589891630,31320.64,32322.02,31252.11,31718.63,574.8,2026-09-28T10:04:51.630Z,Violent Stop-Hunt Rollercoaster
1790589951630,31718.63,32181.51,31079.65,31976.29,654.6,2026-09-28T10:05:51.630Z,Violent Stop-Hunt Rollercoaster
1790590011630,31976.29,32373.67,31577.05,32006.88,544.8,2026-09-28T10:06:51.630Z,Violent Stop-Hunt Rollercoaster
1790590071630,32006.88,32569.79,31916.39,32277.1,232.4,2026-09-28T10:07:51.630Z,Violent Stop-Hunt Rollercoaster
1790590131630,32277.1,32915.86,31761.21,32557.4,452.5,2026-09-28T10:08:51.630Z,Violent Stop-Hunt Rollercoaster
1790590191630,32557.4,32622.35,32492.78,32493.85,178.4,2026-09-28T10:09:51.630Z,Violent Stop-Hunt Rollercoaster
1790590251630,32493.85,33094.23,32117.51,33007.85,417.9,2026-09-28T10:10:51.630Z,Violent Stop-Hunt Rollercoaster
1790590311630,33007.85,33838.79,32955.85,33402.41,770.2,2026-09-28T10:11:51.630Z,Violent Stop-Hunt Rollercoaster
1790590371630,33402.41,34289.39,32930.19,33780.6,453.6,2026-09-28T10:12:51.630Z,Violent Stop-Hunt Rollercoaster
1790590431630,33780.6,34429.83,33554.46,34275.73,495.3,2026-09-28T10:13:51.630Z,Violent Stop-Hunt Rollercoaster
1790590491630,34275.73,34338.51,32546.67,33036.75,876.7,2026-09-28T10:14:51.630Z,Violent Stop-Hunt Rollercoaster
1790590551630,33036.75,33190.46,31712.83,32055.93,819.7,2026-09-28T10:15:51.630Z,Violent Stop-Hunt Rollercoaster
1790590611630,32055.93,32536.57,32003.36,32258.76,253.4,2026-09-28T10:16:51.630Z,Violent Stop-Hunt Rollercoaster
1790590671630,32258.76,32268.9,30561.2,30987.14,1178.5,2026-09-28T10:17:51.630Z,Violent Stop-Hunt Rollercoaster
1790590731630,30987.14,31338.74,29973.53,30247.6,844.2,2026-09-28T10:18:51.630Z,Violent Stop-Hunt Rollercoaster
1790590791630,30247.6,30477.95,29369.79,29734.26,617.8,2026-09-28T10:19:51.630Z,Violent Stop-Hunt Rollercoaster
1790590851630,29734.26,30066.86,29331.06,29462.43,705.4,2026-09-28T10:20:51.630Z,Violent Stop-Hunt Rollercoaster
1790590911630,29462.43,29661.4,28586,29063.05,338.4,2026-09-28T10:21:51.630Z,Violent Stop-Hunt Rollercoaster
1790590971630,29063.05,29175.74,28412.38,28648.37,794.2,2026-09-28T10:22:51.630Z,Violent Stop-Hunt Rollercoaster
1790591031630,28648.37,30307.24,27973.05,29873.58,1157.9,2026-09-28T10:23:51.630Z,Violent Stop-Hunt Rollercoaster
1790591091630,29873.58,29963.65,29333.93,29569.62,374.3,2026-09-28T10:24:51.630Z,Violent Stop-Hunt Rollercoaster
1790591151630,29569.62,29844.73,29111.48,29346.04,233.1,2026-09-28T10:25:51.630Z,Violent Stop-Hunt Rollercoaster
1790591211630,29346.04,29517.26,29232.33,29354.53,411.4,2026-09-28T10:26:51.630Z,Violent Stop-Hunt Rollercoaster
1790591271630,29354.53,30122,29265.96,29749.28,411.4,2026-09-28T10:27:51.630Z,Violent Stop-Hunt Rollercoaster
1790591331630,29749.28,29935.73,28804.37,28995.76,691.9,2026-09-28T10:28:51.630Z,Violent Stop-Hunt Rollercoaster
1790591391630,28995.76,29190.14,28197.17,28379.07,651.6,2026-09-28T10:29:51.630Z,Violent Stop-Hunt Rollercoaster
1790591451630,28379.07,28743.67,27739.14,27981.83,603,2026-09-28T10:30:51.630Z,Violent Stop-Hunt Rollercoaster
1790591511630,27981.83,28212.45,27029.78,27552.76,635.6,2026-09-28T10:31:51.630Z,Violent Stop-Hunt Rollercoaster
1790591571630,27552.76,28405.79,27427.21,28276.1,911.5,2026-09-28T10:32:51.630Z,Violent Stop-Hunt Rollercoaster
1790591631630,28276.1,29371.67,28216.78,28779.39,820,2026-09-28T10:33:51.630Z,Violent Stop-Hunt Rollercoaster
1790591691630,28779.39,29850.75,28098.61,29464.1,935.4,2026-09-28T10:34:51.630Z,Violent Stop-Hunt Rollercoaster
1790591751630,29464.1,30147.74,28942.48,29801.67,626.8,2026-09-28T10:35:51.630Z,Violent Stop-Hunt Rollercoaster
1790591811630,29801.67,30271.79,29723.24,30242.57,751.7,2026-09-28T10:36:51.630Z,Violent Stop-Hunt Rollercoaster
1790591871630,30242.57,31094.43,29702.38,30517.9,694.8,2026-09-28T10:37:51.630Z,Violent Stop-Hunt Rollercoaster
1790591931630,30517.9,31037.15,30228.01,30740.06,502.2,2026-09-28T10:38:51.630Z,Violent Stop-Hunt Rollercoaster
1790591991630,30740.06,30755.54,30422.72,30508.99,429,2026-09-28T10:39:51.630Z,Violent Stop-Hunt Rollercoaster
1790592051630,30508.99,31013.05,30169.31,30712.13,293.7,2026-09-28T10:40:51.630Z,Violent Stop-Hunt Rollercoaster
1790592111630,30712.13,31072.55,30072.25,30325.33,448.9,2026-09-28T10:41:51.630Z,Violent Stop-Hunt Rollercoaster
1790592171630,30325.33,32086.1,30083.47,31777.05,1088.7,2026-09-28T10:42:51.630Z,Violent Stop-Hunt Rollercoaster
1790592231630,31777.05,31871.74,31401.22,31724.55,568.3,2026-09-28T10:43:51.630Z,Violent Stop-Hunt Rollercoaster
1790592291630,31724.55,32813.43,31594.6,32618.8,664.6,2026-09-28T10:44:51.630Z,Violent Stop-Hunt Rollercoaster
1790592351630,32618.8,33002.16,32209.74,32855.01,569.6,2026-09-28T10:45:51.630Z,Violent Stop-Hunt Rollercoaster
1790592411630,32855.01,33091.28,32580.24,33011.52,631.8,2026-09-28T10:46:51.630Z,Violent Stop-Hunt Rollercoaster
1790592471630,33011.52,33277.17,32459.91,33258.37,550.7,2026-09-28T10:47:51.630Z,Violent Stop-Hunt Rollercoaster
1790592531630,33258.37,33376.13,33155.54,33180.8,613.6,2026-09-28T10:48:51.630Z,Violent Stop-Hunt Rollercoaster
1790592591630,33180.8,33932.21,32629.45,33049.85,601.7,2026-09-28T10:49:51.630Z,Violent Stop-Hunt Rollercoaster
1790592651630,33049.85,33528.03,32989.77,33112.86,135.1,2026-09-28T10:50:51.630Z,Violent Stop-Hunt Rollercoaster
1790592711630,33112.86,33480.38,32581.3,33034.23,459.9,2026-09-28T10:51:51.630Z,Violent Stop-Hunt Rollercoaster
1790592771630,33034.23,33192.93,31844.62,31891.49,871.9,2026-09-28T10:52:51.630Z,Violent Stop-Hunt Rollercoaster
1790592831630,31891.49,31942.14,30641.13,30903.36,855.1,2026-09-28T10:53:51.630Z,Violent Stop-Hunt Rollercoaster
1790592891630,30903.36,31856.41,30368.15,31214.88,449.2,2026-09-28T10:54:51.630Z,Violent Stop-Hunt Rollercoaster
1790592951630,31214.88,31803.97,30835.8,31384.81,428.3,2026-09-28T10:55:51.630Z,Violent Stop-Hunt Rollercoaster
1790593011630,31384.81,31977.72,31126.82,31557.07,538.1,2026-09-28T10:56:51.630Z,Violent Stop-Hunt Rollercoaster
1790593071630,31557.07,32175.87,31488.09,31918.95,565.7,2026-09-28T10:57:51.630Z,Violent Stop-Hunt Rollercoaster
1790593131630,31918.95,32706.42,31597.54,32148.79,458.1,2026-09-28T10:58:51.630Z,Violent Stop-Hunt Rollercoaster
1790593191630,32148.79,32897.85,31681.97,32352.51,477.4,2026-09-28T10:59:51.630Z,Violent Stop-Hunt Rollercoaster
1790593251630,32352.51,32813.07,31867.02,32526.22,657.5,2026-09-28T11:00:51.630Z,Violent Stop-Hunt Rollercoaster
1790593311630,32526.22,32548.61,32214.81,32516.19,187.2,2026-09-28T11:01:51.630Z,Violent Stop-Hunt Rollercoaster
1790593371630,32516.19,32605.44,32242.79,32424.47,285.6,2026-09-28T11:02:51.630Z,Violent Stop-Hunt Rollercoaster
1790593431630,32424.47,32964.01,31831.9,32666.58,571.9,2026-09-28T11:03:51.630Z,Violent Stop-Hunt Rollercoaster
1790593491630,32666.58,32791.51,32502.63,32543.98,453.5,2026-09-28T11:04:51.630Z,Violent Stop-Hunt Rollercoaster
1790593551630,32543.98,32783.88,32149.8,32667.04,361.3,2026-09-28T11:05:51.630Z,Violent Stop-Hunt Rollercoaster
1790593611630,32667.04,32756.5,32558,32723.1,526.5,2026-09-28T11:06:51.630Z,Violent Stop-Hunt Rollercoaster
1790593671630,32723.1,33381.99,32471.24,32720.76,524.6,2026-09-28T11:07:51.630Z,Violent Stop-Hunt Rollercoaster
1790593731630,32720.76,32913.44,32545.26,32679.53,589.9,2026-09-28T11:08:51.630Z,Violent Stop-Hunt Rollercoaster
1790593791630,32679.53,34109.18,32050.59,33958.08,939.7,2026-09-28T11:09:51.630Z,Violent Stop-Hunt Rollercoaster
1790593851630,33958.08,34321.77,33562.94,34156.79,427.9,2026-09-28T11:10:51.630Z,Violent Stop-Hunt Rollercoaster
1790593911630,34156.79,34491.11,33973.3,34023.02,372.7,2026-09-28T11:11:51.630Z,Violent Stop-Hunt Rollercoaster
1790593971630,34023.02,35528.31,33715.08,35096.36,724.3,2026-09-28T11:12:51.630Z,Violent Stop-Hunt Rollercoaster
1790594031630,35096.36,36082.15,34848.68,35805.02,542.6,2026-09-28T11:13:51.630Z,Violent Stop-Hunt Rollercoaster
1790594091630,35805.02,37138.35,35126.05,36553.31,756.5,2026-09-28T11:14:51.630Z,Violent Stop-Hunt Rollercoaster
1790594151630,36553.31,37376.85,36090.57,37033.25,665.9,2026-09-28T11:15:51.630Z,Violent Stop-Hunt Rollercoaster
1790594211630,37033.25,37949.58,36416.3,37684.55,517.6,2026-09-28T11:16:51.630Z,Violent Stop-Hunt Rollercoaster
1790594271630,37684.55,38533.66,37339.15,38012.87,232.4,2026-09-28T11:17:51.630Z,Violent Stop-Hunt Rollercoaster
1790594331630,38012.87,39068.95,37358.56,38508.52,742.9,2026-09-28T11:18:51.630Z,Violent Stop-Hunt Rollercoaster
1790594391630,38508.52,39374.4,38088.95,39004.39,522,2026-09-28T11:19:51.630Z,Violent Stop-Hunt Rollercoaster
1790594451630,39004.39,39244.83,37766.04,37990.32,658.9,2026-09-28T11:20:51.630Z,Violent Stop-Hunt Rollercoaster
1790594511630,37990.32,38618.31,37107.59,37315.73,572.9,2026-09-28T11:21:51.630Z,Violent Stop-Hunt Rollercoaster
1790594571630,37315.73,37582.93,36055.84,36636.63,628,2026-09-28T11:22:51.630Z,Violent Stop-Hunt Rollercoaster
1790594631630,36636.63,37070.53,35388.27,35873.65,737.1,2026-09-28T11:23:51.630Z,Violent Stop-Hunt Rollercoaster
1790594691630,35873.65,35943.18,34782.34,35317.76,384.2,2026-09-28T11:24:51.630Z,Violent Stop-Hunt Rollercoaster
1790594751630,35317.76,35700.39,34703.18,34825.18,545.9,2026-09-28T11:25:51.630Z,Violent Stop-Hunt Rollercoaster
1790594811630,34825.18,35326.85,34628.95,34683.71,300.3,2026-09-28T11:26:51.630Z,Violent Stop-Hunt Rollercoaster
1790594871630,34683.71,34871.07,34109.52,34293.67,321.6,2026-09-28T11:27:51.630Z,Violent Stop-Hunt Rollercoaster
1790594931630,34293.67,34570.31,32594.14,32763.84,1037.9,2026-09-28T11:28:51.630Z,Violent Stop-Hunt Rollercoaster
1790594991630,32763.84,33181.24,31655.59,31760.74,568.5,2026-09-28T11:29:51.630Z,Violent Stop-Hunt Rollercoaster
1790595051630,31760.74,32370.01,30805.25,30872.32,778.3,2026-09-28T11:30:51.630Z,Violent Stop-Hunt Rollercoaster
1790595111630,30872.32,30903.07,30789.66,30828.49,381.4,2026-09-28T11:31:51.630Z,Violent Stop-Hunt Rollercoaster
1790595171630,30828.49,30996.39,30687.59,30762.58,468.8,2026-09-28T11:32:51.630Z,Violent Stop-Hunt Rollercoaster
1790595231630,30762.58,30972.57,28602.06,29343.06,896.9,2026-09-28T11:33:51.630Z,Violent Stop-Hunt Rollercoaster
1790595291630,29343.06,29744.64,28995.92,29202.44,230.1,2026-09-28T11:34:51.630Z,Violent Stop-Hunt Rollercoaster
1790595351630,29202.44,29346.21,28564.45,29017.23,424.1,2026-09-28T11:35:51.630Z,Violent Stop-Hunt Rollercoaster
1790595411630,29017.23,29174.08,28528.43,29040.64,606.5,2026-09-28T11:36:51.630Z,Violent Stop-Hunt Rollercoaster
1790595471630,29040.64,29188.5,28546.76,28591.7,803.4,2026-09-28T11:37:51.630Z,Violent Stop-Hunt Rollercoaster
1790595531630,28591.7,29521.11,28553.75,29403.57,717.4,2026-09-28T11:38:51.630Z,Violent Stop-Hunt Rollercoaster
1790595591630,29403.57,29726.6,28374.79,28706.01,551.1,2026-09-28T11:39:51.630Z,Violent Stop-Hunt Rollercoaster
1790595651630,28706.01,29009,28500.52,28622.91,240.9,2026-09-28T11:40:51.630Z,Violent Stop-Hunt Rollercoaster
1790595711630,28622.91,28691.73,28566.32,28641.3,575.8,2026-09-28T11:41:51.630Z,Violent Stop-Hunt Rollercoaster
1790595771630,28641.3,29014.98,28214.1,28460.29,426.6,2026-09-28T11:42:51.630Z,Violent Stop-Hunt Rollercoaster
1790595831630,28460.29,29442.2,28095.19,29084.24,735.6,2026-09-28T11:43:51.630Z,Violent Stop-Hunt Rollercoaster
1790595891630,29084.24,29934.74,28723.74,29647.31,780.7,2026-09-28T11:44:51.630Z,Violent Stop-Hunt Rollercoaster
1790595951630,29647.31,29844.3,29313.74,29543.07,324.5,2026-09-28T11:45:51.630Z,Violent Stop-Hunt Rollercoaster
1790596011630,29543.07,30217.63,29493.22,29676.7,314.4,2026-09-28T11:46:51.630Z,Violent Stop-Hunt Rollercoaster
1790596071630,29676.7,30119.95,29605.35,29825.36,271.6,2026-09-28T11:47:51.630Z,Violent Stop-Hunt Rollercoaster
1790596131630,29825.36,29931.47,29579.28,29676.57,297,2026-09-28T11:48:51.630Z,Violent Stop-Hunt Rollercoaster
1790596191630,29676.57,29982.72,29312.26,29606.89,483.6,2026-09-28T11:49:51.630Z,Violent Stop-Hunt Rollercoaster
1790596251630,29606.89,30437.36,29468.46,29759.37,427.2,2026-09-28T11:50:51.630Z,Violent Stop-Hunt Rollercoaster
1790596311630,29759.37,29981.35,27901.62,28505.15,859.8,2026-09-28T11:51:51.630Z,Violent Stop-Hunt Rollercoaster
1790596371630,28505.15,29008.41,28304.89,28634.75,462.6,2026-09-28T11:52:51.630Z,Violent Stop-Hunt Rollercoaster
1790596431630,28634.75,28800.4,28226.92,28462.11,472.4,2026-09-28T11:53:51.630Z,Violent Stop-Hunt Rollercoaster
1790596491630,28462.11,28712.34,27966.5,28418.22,427.5,2026-09-28T11:54:51.630Z,Violent Stop-Hunt Rollercoaster
1790596551630,28418.22,28562.6,28052.31,28471.61,488.9,2026-09-28T11:55:51.630Z,Violent Stop-Hunt Rollercoaster
1790596611630,28471.61,28785.38,28024.39,28438.76,124.5,2026-09-28T11:56:51.630Z,Violent Stop-Hunt Rollercoaster
1790596671630,28438.76,28795.4,28072.17,28373.49,419.5,2026-09-28T11:57:51.630Z,Violent Stop-Hunt Rollercoaster
1790596731630,28373.49,29260.03,28203.02,29065.86,538.6,2026-09-28T11:58:51.630Z,Violent Stop-Hunt Rollercoaster
1790596791630,29065.86,29571.53,27962.63,28291.6,799.5,2026-09-28T11:59:51.630Z,Violent Stop-Hunt Rollercoaster
1790596851630,28291.6,28339.38,27965.67,28286.34,168.6,2026-09-28T12:00:51.630Z,Violent Stop-Hunt Rollercoaster
1790596911630,28286.34,29926.31,28195.08,29545.35,1214.7,2026-09-28T12:01:51.630Z,Violent Stop-Hunt Rollercoaster
1790596971630,29545.35,29829.83,29530.01,29723.3,323.1,2026-09-28T12:02:51.630Z,Violent Stop-Hunt Rollercoaster
1790597031630,29723.3,29790.31,29693.66,29699.09,261.6,2026-09-28T12:03:51.630Z,Violent Stop-Hunt Rollercoaster
1790597091630,29699.09,30002.9,29569.66,29680.86,421.9,2026-09-28T12:04:51.630Z,Violent Stop-Hunt Rollercoaster
1790597151630,29680.86,29946.4,29299.68,29605,497.2,2026-09-28T12:05:51.630Z,Violent Stop-Hunt Rollercoaster
1790597211630,29605,29754.86,29527.22,29654.92,163.9,2026-09-28T12:06:51.630Z,Violent Stop-Hunt Rollercoaster
1790597271630,29654.92,29766.83,29478.3,29564.61,574.7,2026-09-28T12:07:51.630Z,Violent Stop-Hunt Rollercoaster
1790597331630,29564.61,29661.75,29313.02,29499.96,382.4,2026-09-28T12:08:51.630Z,Violent Stop-Hunt Rollercoaster
1790597391630,29499.96,29776.66,29067.39,29634.99,609.6,2026-09-28T12:09:51.630Z,Violent Stop-Hunt Rollercoaster
1790597451630,29634.99,29785.56,28999.16,29478.57,489.7,2026-09-28T12:10:51.630Z,Violent Stop-Hunt Rollercoaster
1790597511630,29478.57,29791.16,28632.92,29327.19,625.1,2026-09-28T12:11:51.630Z,Violent Stop-Hunt Rollercoaster
1790597571630,29327.19,29460.94,28616.18,28649.16,926,2026-09-28T12:12:51.630Z,Violent Stop-Hunt Rollercoaster
1790597631630,28649.16,28677.68,27356.14,27930.62,905.3,2026-09-28T12:13:51.630Z,Violent Stop-Hunt Rollercoaster
1790597691630,27930.62,28408.11,27190.76,27491.08,731.1,2026-09-28T12:14:51.630Z,Violent Stop-Hunt Rollercoaster
1790597751630,27491.08,27660.61,25991.93,26522.27,810.7,2026-09-28T12:15:51.630Z,Violent Stop-Hunt Rollercoaster
1790597811630,26522.27,26634.68,26010.42,26130.49,692.6,2026-09-28T12:16:51.630Z,Violent Stop-Hunt Rollercoaster
1790597871630,26130.49,26465.6,25436.81,25736.76,491.3,2026-09-28T12:17:51.630Z,Violent Stop-Hunt Rollercoaster
1790597931630,25736.76,25754.18,25137.68,25363.06,706.4,2026-09-28T12:18:51.630Z,Violent Stop-Hunt Rollercoaster
1790597991630,25363.06,25801.3,24683.15,25020,557.2,2026-09-28T12:19:51.630Z,Violent Stop-Hunt Rollercoaster
1790598051630,25020,25122.94,24509.98,24632.57,497.8,2026-09-28T12:20:51.630Z,Violent Stop-Hunt Rollercoaster
1790598111630,24632.57,24901.02,23575.07,23580.86,1086.2,2026-09-28T12:21:51.630Z,Violent Stop-Hunt Rollercoaster
1790598171630,23580.86,24640.37,23418.63,24213.83,605,2026-09-28T12:22:51.630Z,Violent Stop-Hunt Rollercoaster
1790598231630,24213.83,24928.78,23907.04,24811.49,787.1,2026-09-28T12:23:51.630Z,Violent Stop-Hunt Rollercoaster
1790598291630,24811.49,25600.74,24725.49,25388.29,674,2026-09-28T12:24:51.630Z,Violent Stop-Hunt Rollercoaster
1790598351630,25388.29,26098.6,24951.98,25840.65,516,2026-09-28T12:25:51.630Z,Violent Stop-Hunt Rollercoaster
1790598411630,25840.65,25967.13,25672.84,25736.39,327.2,2026-09-28T12:26:51.630Z,Violent Stop-Hunt Rollercoaster
1790598471630,25736.39,26046.74,25418.66,25977.87,725,2026-09-28T12:27:51.630Z,Violent Stop-Hunt Rollercoaster
1790598531630,25977.87,26204.56,25040.1,25315.36,743.1,2026-09-28T12:28:51.630Z,Violent Stop-Hunt Rollercoaster
1790598591630,25315.36,25543.3,24411.47,24853.53,500.8,2026-09-28T12:29:51.630Z,Violent Stop-Hunt Rollercoaster
1790598651630,24853.53,25415.23,24594.83,25381.84,533.5,2026-09-28T12:30:51.630Z,Violent Stop-Hunt Rollercoaster
1790598711630,25381.84,25695.45,24704.82,25003.44,821.4,2026-09-28T12:31:51.630Z,Violent Stop-Hunt Rollercoaster
1790598771630,25003.44,25129.8,24527.6,24530.3,615.1,2026-09-28T12:32:51.630Z,Violent Stop-Hunt Rollercoaster
1790598831630,24530.3,24726.26,24084,24311.52,331.8,2026-09-28T12:33:51.630Z,Violent Stop-Hunt Rollercoaster
1790598891630,24311.52,24413.36,23776.7,24134.89,377.2,2026-09-28T12:34:51.630Z,Violent Stop-Hunt Rollercoaster
1790598951630,24134.89,24225.48,23946.6,24027.32,502.1,2026-09-28T12:35:51.630Z,Violent Stop-Hunt Rollercoaster
1790599011630,24027.32,24747.32,24011.24,24442.4,452.2,2026-09-28T12:36:51.630Z,Violent Stop-Hunt Rollercoaster
1790599071630,24442.4,24924.02,23973.63,24846.4,603.3,2026-09-28T12:37:51.630Z,Violent Stop-Hunt Rollercoaster
1790599131630,24846.4,25709.37,24706.78,25300.11,484.5,2026-09-28T12:38:51.630Z,Violent Stop-Hunt Rollercoaster
1790599191630,25300.11,25896.61,24749.54,25799.1,885.4,2026-09-28T12:39:51.630Z,Violent Stop-Hunt Rollercoaster
1790599251630,25799.1,26079.08,25343.28,26049.71,548.8,2026-09-28T12:40:51.630Z,Violent Stop-Hunt Rollercoaster
1790599311630,26049.71,26837.6,25993.01,26284.91,365.9,2026-09-28T12:41:51.630Z,Violent Stop-Hunt Rollercoaster
1790599371630,26284.91,26850.25,26131.3,26548.38,303.8,2026-09-28T12:42:51.630Z,Violent Stop-Hunt Rollercoaster
1790599431630,26548.38,27003.29,26269.53,26819.86,463.5,2026-09-28T12:43:51.630Z,Violent Stop-Hunt Rollercoaster
1790599491630,26819.86,26977.49,26805.24,26841.83,383.9,2026-09-28T12:44:51.630Z,Violent Stop-Hunt Rollercoaster
1790599551630,26841.83,27223.4,26534.74,27022.35,410.8,2026-09-28T12:45:51.630Z,Violent Stop-Hunt Rollercoaster
1790599611630,27022.35,27148.32,26634.2,27074.52,580.2,2026-09-28T12:46:51.630Z,Violent Stop-Hunt Rollercoaster
1790599671630,27074.52,27308.82,26756.42,27279.47,687,2026-09-28T12:47:51.630Z,Violent Stop-Hunt Rollercoaster
1790599731630,27279.47,28140.01,26962.63,27816.09,836.6,2026-09-28T12:48:51.630Z,Violent Stop-Hunt Rollercoaster
1790599791630,27816.09,28577.56,27814.55,28285.83,824.1,2026-09-28T12:49:51.630Z,Violent Stop-Hunt Rollercoaster
1790599851630,28285.83,29580.74,28272.68,29119.47,679.1,2026-09-28T12:50:51.630Z,Violent Stop-Hunt Rollercoaster
1790599911630,29119.47,30333.86,28771.13,29816.65,611.4,2026-09-28T12:51:51.630Z,Violent Stop-Hunt Rollercoaster
1790599971630,29816.65,30750.49,29754.32,30483.26,866.8,2026-09-28T12:52:51.630Z,Violent Stop-Hunt Rollercoaster
1790600031630,30483.26,31470.73,30151.48,31112.1,729.5,2026-09-28T12:53:51.630Z,Violent Stop-Hunt Rollercoaster
1790600091630,31112.1,31921.07,31025.83,31529.09,466.9,2026-09-28T12:54:51.630Z,Violent Stop-Hunt Rollercoaster
1790600151630,31529.09,32314.12,31279.67,31963.37,682.9,2026-09-28T12:55:51.630Z,Violent Stop-Hunt Rollercoaster
1790600211630,31963.37,31968.3,31479.96,31517.33,679.4,2026-09-28T12:56:51.630Z,Violent Stop-Hunt Rollercoaster
1790600271630,31517.33,32026.52,31225.83,31836.86,267.5,2026-09-28T12:57:51.630Z,Violent Stop-Hunt Rollercoaster
1790600331630,31836.86,32484.91,31702.43,32112.92,355.9,2026-09-28T12:58:51.630Z,Violent Stop-Hunt Rollercoaster
1790600391630,32112.92,33765.47,31555.42,33505.39,1143.3,2026-09-28T12:59:51.630Z,Violent Stop-Hunt Rollercoaster
1790600451630,33505.39,34360.13,33415.57,33942.4,501.7,2026-09-28T13:00:51.630Z,Violent Stop-Hunt Rollercoaster
1790600511630,33942.4,34609.87,33626.59,34541.8,366.3,2026-09-28T13:01:51.630Z,Violent Stop-Hunt Rollercoaster
1790600571630,34541.8,35118.43,34283.37,34803.26,350.2,2026-09-28T13:02:51.630Z,Violent Stop-Hunt Rollercoaster
1790600631630,34803.26,35554.02,34230.84,35175.39,340.6,2026-09-28T13:03:51.630Z,Violent Stop-Hunt Rollercoaster
1790600691630,35175.39,35315.33,35160.06,35268.8,586.2,2026-09-28T13:04:51.630Z,Violent Stop-Hunt Rollercoaster
1790600751630,35268.8,35656.95,34995.09,35476.39,486.7,2026-09-28T13:05:51.630Z,Violent Stop-Hunt Rollercoaster
1790600811630,35476.39,35920.24,35347.66,35747.68,282.1,2026-09-28T13:06:51.630Z,Violent Stop-Hunt Rollercoaster
1790600871630,35747.68,36501.71,35592.01,35997.42,494.4,2026-09-28T13:07:51.630Z,Violent Stop-Hunt Rollercoaster
1790600931630,35997.42,37415.52,35581.34,36767.09,454.3,2026-09-28T13:08:51.630Z,Violent Stop-Hunt Rollercoaster
1790600991630,36767.09,36982.55,36077.99,36107.75,632.3,2026-09-28T13:09:51.630Z,Violent Stop-Hunt Rollercoaster
1790601051630,36107.75,36652.24,35462.63,36363.59,664.5,2026-09-28T13:10:51.630Z,Violent Stop-Hunt Rollercoaster
1790601111630,36363.59,37214.4,36126.46,36905.52,794.3,2026-09-28T13:11:51.630Z,Violent Stop-Hunt Rollercoaster
1790601171630,36905.52,37878.02,36523.9,37510.74,683.7,2026-09-28T13:12:51.630Z,Violent Stop-Hunt Rollercoaster
1790601231630,37510.74,38260.77,36946.58,37235.19,360.1,2026-09-28T13:13:51.630Z,Violent Stop-Hunt Rollercoaster
1790601291630,37235.19,37860.24,36681.07,37695.96,667.1,2026-09-28T13:14:51.630Z,Violent Stop-Hunt Rollercoaster
1790601351630,37695.96,38142.17,35856.53,36701.71,747.7,2026-09-28T13:15:51.630Z,Violent Stop-Hunt Rollercoaster
1790601411630,36701.71,36706.86,35725.16,35873.67,857,2026-09-28T13:16:51.630Z,Violent Stop-Hunt Rollercoaster
1790601471630,35873.67,36594.51,34978.16,35347.51,483.6,2026-09-28T13:17:51.630Z,Violent Stop-Hunt Rollercoaster
1790601531630,35347.51,35582.86,34374.58,34635.48,862.2,2026-09-28T13:18:51.630Z,Violent Stop-Hunt Rollercoaster
1790601591630,34635.48,34866.96,34373.78,34393.37,377.9,2026-09-28T13:19:51.630Z,Violent Stop-Hunt Rollercoaster
1790601651630,34393.37,34888.64,33907.13,33992.49,639.2,2026-09-28T13:20:51.630Z,Violent Stop-Hunt Rollercoaster
1790601711630,33992.49,34541.54,32745.6,32976.5,985.7,2026-09-28T13:21:51.630Z,Violent Stop-Hunt Rollercoaster
1790601771630,32976.5,34336.91,32649.24,34073.09,1017.1,2026-09-28T13:22:51.630Z,Violent Stop-Hunt Rollercoaster
1790601831630,34073.09,34086.03,33644.64,33766.94,650.9,2026-09-28T13:23:51.630Z,Violent Stop-Hunt Rollercoaster
1790601891630,33766.94,34356.09,33402.8,33558.36,686.9,2026-09-28T13:24:51.630Z,Violent Stop-Hunt Rollercoaster
1790601951630,33558.36,33603.92,33498.54,33562.55,237.4,2026-09-28T13:25:51.630Z,Violent Stop-Hunt Rollercoaster
1790602011630,33562.55,33976.79,33220.39,33543.15,169.2,2026-09-28T13:26:51.630Z,Violent Stop-Hunt Rollercoaster
1790602071630,33543.15,34322.54,33229.77,33417.73,347.6,2026-09-28T13:27:51.630Z,Violent Stop-Hunt Rollercoaster
1790602131630,33417.73,33889.28,32277.94,32374.26,976.7,2026-09-28T13:28:51.630Z,Violent Stop-Hunt Rollercoaster
1790602191630,32374.26,34004.04,32150.52,33703.23,930.7,2026-09-28T13:29:51.630Z,Violent Stop-Hunt Rollercoaster
1790602251630,33703.23,35283.84,33085,34776.08,912.7,2026-09-28T13:30:51.630Z,Violent Stop-Hunt Rollercoaster
1790602311630,34776.08,35269.86,34759.89,34793.87,406.6,2026-09-28T13:31:51.630Z,Violent Stop-Hunt Rollercoaster
1790602371630,34793.87,35030.27,34652.93,34907.04,598.6,2026-09-28T13:32:51.630Z,Violent Stop-Hunt Rollercoaster
1790602431630,34907.04,35767.8,34869.73,35717.04,515.4,2026-09-28T13:33:51.630Z,Violent Stop-Hunt Rollercoaster
1790602491630,35717.04,35986.04,35351.12,35695.74,250.9,2026-09-28T13:34:51.630Z,Violent Stop-Hunt Rollercoaster
1790602551630,35695.74,37113.85,35665.67,36862.37,837,2026-09-28T13:35:51.630Z,Violent Stop-Hunt Rollercoaster
1790602611630,36862.37,39297.56,36373.09,39189.2,1471.9,2026-09-28T13:36:51.630Z,Violent Stop-Hunt Rollercoaster
1790602671630,39189.2,40081.16,38751.93,39717.99,413.9,2026-09-28T13:37:51.630Z,Violent Stop-Hunt Rollercoaster
1790602731630,39717.99,40569.01,38816.17,40343.31,398.7,2026-09-28T13:38:51.630Z,Violent Stop-Hunt Rollercoaster
1790602791630,40343.31,41607.9,40301.83,40944,558.9,2026-09-28T13:39:51.630Z,Violent Stop-Hunt Rollercoaster
1790602851630,40944,42133.73,40872.43,42132.83,768.2,2026-09-28T13:40:51.630Z,Violent Stop-Hunt Rollercoaster
1790602911630,42132.83,43156.88,41637.76,42985.3,653.8,2026-09-28T13:41:51.630Z,Violent Stop-Hunt Rollercoaster
1790602971630,42985.3,44079.57,42111.45,43704.17,546.4,2026-09-28T13:42:51.630Z,Violent Stop-Hunt Rollercoaster
1790603031630,43704.17,44696.2,43450.84,44422.96,399.7,2026-09-28T13:43:51.630Z,Violent Stop-Hunt Rollercoaster
1790603091630,44422.96,45655.5,43965.25,45084.73,636.4,2026-09-28T13:44:51.630Z,Violent Stop-Hunt Rollercoaster
1790603151630,45084.73,46025.43,44552.4,45785.41,366.3,2026-09-28T13:45:51.630Z,Violent Stop-Hunt Rollercoaster
1790603211630,45785.41,46205.93,45178.15,46205.42,335.5,2026-09-28T13:46:51.630Z,Violent Stop-Hunt Rollercoaster
1790603271630,46205.42,46830.36,46112.38,46537.2,248.3,2026-09-28T13:47:51.630Z,Violent Stop-Hunt Rollercoaster
1790603331630,46537.2,46801.91,44479.01,45351.5,590,2026-09-28T13:48:51.630Z,Violent Stop-Hunt Rollercoaster
1790603391630,45351.5,46423.07,43618.11,43938.56,831.6,2026-09-28T13:49:51.630Z,Violent Stop-Hunt Rollercoaster
1790603451630,43938.56,44012.02,42833.3,42939.14,582,2026-09-28T13:50:51.630Z,Violent Stop-Hunt Rollercoaster
1790603511630,42939.14,43757.97,41921.61,42039.06,876.5,2026-09-28T13:51:51.630Z,Violent Stop-Hunt Rollercoaster
1790603571630,42039.06,42513.14,40888.76,41140.13,823.9,2026-09-28T13:52:51.630Z,Violent Stop-Hunt Rollercoaster
1790603631630,41140.13,41469.63,39833.24,40408.42,372.5,2026-09-28T13:53:51.630Z,Violent Stop-Hunt Rollercoaster
1790603691630,40408.42,40439.6,39912.58,39965.66,509,2026-09-28T13:54:51.630Z,Violent Stop-Hunt Rollercoaster
1790603751630,39965.66,40575.06,39460.61,39693.33,295,2026-09-28T13:55:51.630Z,Violent Stop-Hunt Rollercoaster
1790603811630,39693.33,40369.85,39284.4,39377.67,467.4,2026-09-28T13:56:51.630Z,Violent Stop-Hunt Rollercoaster
1790603871630,39377.67,39530.54,38793.04,39050.22,412.7,2026-09-28T13:57:51.630Z,Violent Stop-Hunt Rollercoaster
1790603931630,39050.22,39229.52,38495.61,38979.1,443.7,2026-09-28T13:58:51.630Z,Violent Stop-Hunt Rollercoaster
1790603991630,38979.1,39410.61,38753.23,38791.22,516,2026-09-28T13:59:51.630Z,Violent Stop-Hunt Rollercoaster
1790604051630,38791.22,39834.03,38714.02,39683.86,453.2,2026-09-28T14:00:51.630Z,Violent Stop-Hunt Rollercoaster
1790604111630,39683.86,41145.05,38992.85,40402.06,391.7,2026-09-28T14:01:51.630Z,Violent Stop-Hunt Rollercoaster
1790604171630,40402.06,41487.81,40161.41,41188.41,501.5,2026-09-28T14:02:51.630Z,Violent Stop-Hunt Rollercoaster
1790604231630,41188.41,41964.69,40740.32,41738.24,732.3,2026-09-28T14:03:51.630Z,Violent Stop-Hunt Rollercoaster
1790604291630,41738.24,42795.2,40913.43,42513.1,680.8,2026-09-28T14:04:51.630Z,Violent Stop-Hunt Rollercoaster
1790604351630,42513.1,43023.84,42078.31,42813.09,645.9,2026-09-28T14:05:51.630Z,Violent Stop-Hunt Rollercoaster
1790604411630,42813.09,43265.51,42348.61,43226.5,297.3,2026-09-28T14:06:51.630Z,Violent Stop-Hunt Rollercoaster
1790604471630,43226.5,43458.3,42381.49,43414.49,175,2026-09-28T14:07:51.630Z,Violent Stop-Hunt Rollercoaster
1790604531630,43414.49,43906.68,42852.44,43714.36,216,2026-09-28T14:08:51.630Z,Violent Stop-Hunt Rollercoaster
1790604591630,43714.36,44490.56,43653.14,44133.22,685.4,2026-09-28T14:09:51.630Z,Violent Stop-Hunt Rollercoaster
1790604651630,44133.22,44308.92,43782.3,44135.68,575.5,2026-09-28T14:10:51.630Z,Violent Stop-Hunt Rollercoaster
1790604711630,44135.68,44687.51,43372.23,44421.99,497,2026-09-28T14:11:51.630Z,Violent Stop-Hunt Rollercoaster
1790604771630,44421.99,45782.74,43739.16,45410.96,872.6,2026-09-28T14:12:51.630Z,Violent Stop-Hunt Rollercoaster
1790604831630,45410.96,46304.03,45219.09,46251.16,547.4,2026-09-28T14:13:51.630Z,Violent Stop-Hunt Rollercoaster
1790604891630,46251.16,46940.42,46029.12,46816.11,557.8,2026-09-28T14:14:51.630Z,Violent Stop-Hunt Rollercoaster
1790604951630,46816.11,48044.25,46539.93,47725.81,552.1,2026-09-28T14:15:51.630Z,Violent Stop-Hunt Rollercoaster
1790605011630,47725.81,49441.25,47406.33,49431.16,895.7,2026-09-28T14:16:51.630Z,Violent Stop-Hunt Rollercoaster
1790605071630,49431.16,50124.76,47342.83,48017.85,632.3,2026-09-28T14:17:51.630Z,Violent Stop-Hunt Rollercoaster
1790605131630,48017.85,49010.87,47824.8,48655.5,313.7,2026-09-28T14:18:51.630Z,Violent Stop-Hunt Rollercoaster
1790605191630,48655.5,50086.67,48165.58,49206.27,369.4,2026-09-28T14:19:51.630Z,Violent Stop-Hunt Rollercoaster
1790605251630,62400,63173.02,59161.6,60234.45,788.2,2026-09-28T14:20:51.630Z,Flash Dump & Instant V-Shape Squeeze
1790605311630,60234.45,60248.05,56634.17,57124.28,1372.1,2026-09-28T14:21:51.630Z,Flash Dump & Instant V-Shape Squeeze
1790605371630,57124.28,57414.02,55346.85,56188.98,684.1,2026-09-28T14:22:51.630Z,Flash Dump & Instant V-Shape Squeeze
1790605431630,56188.98,56640.46,54091.62,55092.73,783,2026-09-28T14:23:51.630Z,Flash Dump & Instant V-Shape Squeeze
1790605491630,55092.73,55977.53,51731.05,52134.6,977.4,2026-09-28T14:24:51.630Z,Flash Dump & Instant V-Shape Squeeze
1790605551630,52134.6,52649.08,51209.59,51664.51,508.7,2026-09-28T14:25:51.630Z,Flash Dump & Instant V-Shape Squeeze
1790605611630,51664.51,52129.9,50723.82,51013.95,466.9,2026-09-28T14:26:51.630Z,Flash Dump & Instant V-Shape Squeeze
1790605671630,51013.95,52016.46,50073.27,50585.37,461.1,2026-09-28T14:27:51.630Z,Flash Dump & Instant V-Shape Squeeze
1790605731630,50585.37,50906.86,50151.18,50174.37,298.1,2026-09-28T14:28:51.630Z,Flash Dump & Instant V-Shape Squeeze
1790605791630,50174.37,50960.98,49371.89,49668.81,435.8,2026-09-28T14:29:51.630Z,Flash Dump & Instant V-Shape Squeeze
1790605851630,49668.81,50013.07,49142.36,49561.54,567.3,2026-09-28T14:30:51.630Z,Flash Dump & Instant V-Shape Squeeze
1790605911630,49561.54,49875.32,48488.25,49549.85,544.9,2026-09-28T14:31:51.630Z,Flash Dump & Instant V-Shape Squeeze
1790605971630,49549.85,49883.15,47056.6,47082.18,1024.9,2026-09-28T14:32:51.630Z,Flash Dump & Instant V-Shape Squeeze
1790606031630,47082.18,47323.63,46015.53,46581.46,630.7,2026-09-28T14:33:51.630Z,Flash Dump & Instant V-Shape Squeeze
1790606091630,46581.46,47063.59,45992.27,46193.05,422.8,2026-09-28T14:34:51.630Z,Flash Dump & Instant V-Shape Squeeze
1790606151630,46193.05,46194.99,45507.75,45660.63,623.7,2026-09-28T14:35:51.630Z,Flash Dump & Instant V-Shape Squeeze
1790606211630,45660.63,45946.43,44742.4,45469.52,281.6,2026-09-28T14:36:51.630Z,Flash Dump & Instant V-Shape Squeeze
1790606271630,45469.52,45537.21,44534.2,44952.83,658,2026-09-28T14:37:51.630Z,Flash Dump & Instant V-Shape Squeeze
1790606331630,44952.83,45617.22,44502.42,44744,182.2,2026-09-28T14:38:51.630Z,Flash Dump & Instant V-Shape Squeeze
1790606391630,44744,44883.52,44031.86,44209.88,645.6,2026-09-28T14:39:51.630Z,Flash Dump & Instant V-Shape Squeeze
1790606451630,44209.88,45227.31,43526.57,43750.3,326.3,2026-09-28T14:40:51.630Z,Flash Dump & Instant V-Shape Squeeze
1790606511630,43750.3,43773.47,43339.12,43637.62,525.3,2026-09-28T14:41:51.630Z,Flash Dump & Instant V-Shape Squeeze
1790606571630,43637.62,44256.93,42734.28,43302.46,410,2026-09-28T14:42:51.630Z,Flash Dump & Instant V-Shape Squeeze
1790606631630,43302.46,43893.2,43085.51,43217.49,486.1,2026-09-28T14:43:51.630Z,Flash Dump & Instant V-Shape Squeeze
1790606691630,43217.49,43415.46,42648.1,42961.16,617.1,2026-09-28T14:44:51.630Z,Flash Dump & Instant V-Shape Squeeze
1790606751630,42961.16,43062.45,42393.43,42801.97,545.5,2026-09-28T14:45:51.630Z,Flash Dump & Instant V-Shape Squeeze
1790606811630,42801.97,43013.9,42651.92,42745.9,511.5,2026-09-28T14:46:51.630Z,Flash Dump & Instant V-Shape Squeeze
1790606871630,42745.9,43032.26,40914.42,41341.78,853.3,2026-09-28T14:47:51.630Z,Flash Dump & Instant V-Shape Squeeze
1790606931630,41341.78,41872.33,37766.89,38487.51,1547.1,2026-09-28T14:48:51.630Z,Flash Dump & Instant V-Shape Squeeze
1790606991630,38487.51,38646.79,36948.48,37410.68,821.4,2026-09-28T14:49:51.630Z,Flash Dump & Instant V-Shape Squeeze
1790607051630,37410.68,38492.45,37383.64,38140.29,439.2,2026-09-28T14:50:51.630Z,Flash Dump & Instant V-Shape Squeeze
1790607111630,38140.29,40211.07,37625.24,40174.65,1350.9,2026-09-28T14:51:51.630Z,Flash Dump & Instant V-Shape Squeeze
1790607171630,40174.65,41689.39,39723.04,40857.55,513.8,2026-09-28T14:52:51.630Z,Flash Dump & Instant V-Shape Squeeze
1790607231630,40857.55,41458.82,40398.98,41305.3,311.7,2026-09-28T14:53:51.630Z,Flash Dump & Instant V-Shape Squeeze
1790607291630,41305.3,42876.25,40766.42,42784.49,1108.4,2026-09-28T14:54:51.630Z,Flash Dump & Instant V-Shape Squeeze
1790607351630,42784.49,43518.6,42124.93,42959.22,554.6,2026-09-28T14:55:51.630Z,Flash Dump & Instant V-Shape Squeeze
1790607411630,42959.22,43270.42,42305.52,42573.55,392.6,2026-09-28T14:56:51.630Z,Flash Dump & Instant V-Shape Squeeze
1790607471630,42573.55,42678.71,41567.91,42312.76,529.9,2026-09-28T14:57:51.630Z,Flash Dump & Instant V-Shape Squeeze
1790607531630,42312.76,42452.77,41258.6,41824.84,671.9,2026-09-28T14:58:51.630Z,Flash Dump & Instant V-Shape Squeeze
1790607591630,41824.84,42586.45,41096.11,41668.5,565.6,2026-09-28T14:59:51.630Z,Flash Dump & Instant V-Shape Squeeze
1790607651630,41668.5,42216.74,41090.31,41325.99,665.4,2026-09-28T15:00:51.630Z,Flash Dump & Instant V-Shape Squeeze
1790607711630,41325.99,41660.69,40922.31,41133.19,351.3,2026-09-28T15:01:51.630Z,Flash Dump & Instant V-Shape Squeeze
1790607771630,41133.19,41459.14,41132.48,41169.08,486.1,2026-09-28T15:02:51.630Z,Flash Dump & Instant V-Shape Squeeze
1790607831630,41169.08,41353.8,40787.61,40968.64,239.3,2026-09-28T15:03:51.630Z,Flash Dump & Instant V-Shape Squeeze
1790607891630,40968.64,42197.2,40720.02,41767.87,635,2026-09-28T15:04:51.630Z,Flash Dump & Instant V-Shape Squeeze
1790607951630,41767.87,42747.68,41551.39,42654.58,650.3,2026-09-28T15:05:51.630Z,Flash Dump & Instant V-Shape Squeeze
1790608011630,42654.58,43741.33,42575.44,43544.19,873.6,2026-09-28T15:06:51.630Z,Flash Dump & Instant V-Shape Squeeze
1790608071630,43544.19,44375.24,43240.49,44241.82,493.1,2026-09-28T15:07:51.630Z,Flash Dump & Instant V-Shape Squeeze
1790608131630,44241.82,45372.83,43722.17,45334.56,512.6,2026-09-28T15:08:51.630Z,Flash Dump & Instant V-Shape Squeeze
1790608191630,45334.56,46172.24,44235.83,46094.99,818.6,2026-09-28T15:09:51.630Z,Flash Dump & Instant V-Shape Squeeze
1790608251630,46094.99,46191.77,44139.46,44738.23,865.7,2026-09-28T15:10:51.630Z,Flash Dump & Instant V-Shape Squeeze
1790608311630,44738.23,45943.54,44048.84,45110.67,524.1,2026-09-28T15:11:51.630Z,Flash Dump & Instant V-Shape Squeeze
1790608371630,45110.67,45941.09,44977.93,45780.99,655.5,2026-09-28T15:12:51.630Z,Flash Dump & Instant V-Shape Squeeze
1790608431630,45780.99,48208.68,45530.25,47229.35,612.5,2026-09-28T15:13:51.630Z,Flash Dump & Instant V-Shape Squeeze
1790608491630,47229.35,48351.92,47110.22,47710.09,671.6,2026-09-28T15:14:51.630Z,Flash Dump & Instant V-Shape Squeeze
1790608551630,47710.09,49068.53,46678.11,48111.51,556.7,2026-09-28T15:15:51.630Z,Flash Dump & Instant V-Shape Squeeze
1790608611630,48111.51,48440.27,47923.22,48399.56,300.3,2026-09-28T15:16:51.630Z,Flash Dump & Instant V-Shape Squeeze
1790608671630,48399.56,49277.33,47746.71,48783.28,415.6,2026-09-28T15:17:51.630Z,Flash Dump & Instant V-Shape Squeeze
1790608731630,48783.28,49637.98,47476.37,47555.92,549.6,2026-09-28T15:18:51.630Z,Flash Dump & Instant V-Shape Squeeze
1790608791630,47555.92,47736.04,46681.32,47688.16,430.2,2026-09-28T15:19:51.630Z,Flash Dump & Instant V-Shape Squeeze
1790608851630,47688.16,48201.44,47221.81,47788.87,194.9,2026-09-28T15:20:51.630Z,Flash Dump & Instant V-Shape Squeeze
1790608911630,47788.87,47990.56,46991.11,47746.2,567.4,2026-09-28T15:21:51.630Z,Flash Dump & Instant V-Shape Squeeze
1790608971630,47746.2,47853.61,47165.13,47578.94,254.7,2026-09-28T15:22:51.630Z,Flash Dump & Instant V-Shape Squeeze
1790609031630,47578.94,48102.46,46196.29,46644.02,864.4,2026-09-28T15:23:51.630Z,Flash Dump & Instant V-Shape Squeeze
1790609091630,46644.02,47368.89,46335.36,46974.67,542.9,2026-09-28T15:24:51.630Z,Flash Dump & Instant V-Shape Squeeze
1790609151630,46974.67,47442.8,46044.71,47139.52,347.8,2026-09-28T15:25:51.630Z,Flash Dump & Instant V-Shape Squeeze
1790609211630,47139.52,47451.01,46339.1,47446.43,593.7,2026-09-28T15:26:51.630Z,Flash Dump & Instant V-Shape Squeeze
1790609271630,47446.43,48368.07,46638.41,47542.74,495.5,2026-09-28T15:27:51.630Z,Flash Dump & Instant V-Shape Squeeze
1790609331630,47542.74,48179.83,46763.72,47609.06,551,2026-09-28T15:28:51.630Z,Flash Dump & Instant V-Shape Squeeze
1790609391630,47609.06,48099.17,47264.96,47789.47,313.7,2026-09-28T15:29:51.630Z,Flash Dump & Instant V-Shape Squeeze
1790609451630,47789.47,48113.19,46004.45,46904.53,471.9,2026-09-28T15:30:51.630Z,Flash Dump & Instant V-Shape Squeeze
1790609511630,46904.53,46907.69,45656.53,45820.8,633.7,2026-09-28T15:31:51.630Z,Flash Dump & Instant V-Shape Squeeze
1790609571630,45820.8,46238.13,44458.41,45163.13,678.5,2026-09-28T15:32:51.630Z,Flash Dump & Instant V-Shape Squeeze
1790609631630,45163.13,46157.48,44407.13,44557.74,718.1,2026-09-28T15:33:51.630Z,Flash Dump & Instant V-Shape Squeeze
1790609691630,44557.74,44867.28,43390.55,43837.52,789.5,2026-09-28T15:34:51.630Z,Flash Dump & Instant V-Shape Squeeze
1790609751630,43837.52,44114.13,43038.59,43283.15,712.2,2026-09-28T15:35:51.630Z,Flash Dump & Instant V-Shape Squeeze
1790609811630,43283.15,43800.54,42679.07,42929.74,392.2,2026-09-28T15:36:51.630Z,Flash Dump & Instant V-Shape Squeeze
1790609871630,42929.74,43265.67,42177.19,42682.44,318.7,2026-09-28T15:37:51.630Z,Flash Dump & Instant V-Shape Squeeze
1790609931630,42682.44,42738.67,41540.79,42225.9,388.9,2026-09-28T15:38:51.630Z,Flash Dump & Instant V-Shape Squeeze
1790609991630,42225.9,42672.35,41983.6,41991.39,415.7,2026-09-28T15:39:51.630Z,Flash Dump & Instant V-Shape Squeeze
1790610051630,41991.39,42163.73,41299.94,41934.45,613,2026-09-28T15:40:51.630Z,Flash Dump & Instant V-Shape Squeeze
1790610111630,41934.45,42100.24,39376.85,39967.66,1136.7,2026-09-28T15:41:51.630Z,Flash Dump & Instant V-Shape Squeeze
1790610171630,39967.66,40284.79,39052.72,39395.38,696.3,2026-09-28T15:42:51.630Z,Flash Dump & Instant V-Shape Squeeze
1790610231630,39395.38,40026.42,38484.96,38938.86,692.7,2026-09-28T15:43:51.630Z,Flash Dump & Instant V-Shape Squeeze
1790610291630,38938.86,39560.37,38205.83,38645.15,461.5,2026-09-28T15:44:51.630Z,Flash Dump & Instant V-Shape Squeeze
1790610351630,38645.15,38806.63,37655.2,38092.93,510.2,2026-09-28T15:45:51.630Z,Flash Dump & Instant V-Shape Squeeze
1790610411630,38092.93,38711.01,37414.5,37764.58,598.2,2026-09-28T15:46:51.630Z,Flash Dump & Instant V-Shape Squeeze
1790610471630,37764.58,38350.23,35812.33,36067.67,877.3,2026-09-28T15:47:51.630Z,Flash Dump & Instant V-Shape Squeeze
1790610531630,36067.67,36223.89,35445.23,35801.1,361.3,2026-09-28T15:48:51.630Z,Flash Dump & Instant V-Shape Squeeze
1790610591630,35801.1,36072.1,34998.01,35627.71,235.2,2026-09-28T15:49:51.630Z,Flash Dump & Instant V-Shape Squeeze
1790610651630,35627.71,36029.75,34906.85,35074.74,670.5,2026-09-28T15:50:51.630Z,Flash Dump & Instant V-Shape Squeeze
1790610711630,35074.74,35484.5,34117.47,34324.61,555.9,2026-09-28T15:51:51.630Z,Flash Dump & Instant V-Shape Squeeze
1790610771630,34324.61,34493.31,33875.83,33903.18,710,2026-09-28T15:52:51.630Z,Flash Dump & Instant V-Shape Squeeze
1790610831630,33903.18,34341.23,33395.94,33648.11,355.4,2026-09-28T15:53:51.630Z,Flash Dump & Instant V-Shape Squeeze
1790610891630,33648.11,34993.69,33152.66,34384.14,615.4,2026-09-28T15:54:51.630Z,Flash Dump & Instant V-Shape Squeeze
1790610951630,34384.14,34869.46,34023.76,34801.6,347.8,2026-09-28T15:55:51.630Z,Flash Dump & Instant V-Shape Squeeze
1790611011630,34801.6,35094.4,33986.51,34595.89,264.1,2026-09-28T15:56:51.630Z,Flash Dump & Instant V-Shape Squeeze
1790611071630,34595.89,34601.18,34232.53,34514.37,509.1,2026-09-28T15:57:51.630Z,Flash Dump & Instant V-Shape Squeeze
1790611131630,34514.37,34882.99,34404.47,34514.4,552,2026-09-28T15:58:51.630Z,Flash Dump & Instant V-Shape Squeeze
1790611191630,34514.4,34938.63,33525.94,33913.09,482.7,2026-09-28T15:59:51.630Z,Flash Dump & Instant V-Shape Squeeze
1790611251630,33913.09,34373.67,33254.33,33431.1,382.9,2026-09-28T16:00:51.630Z,Flash Dump & Instant V-Shape Squeeze
1790611311630,33431.1,33613.16,32839.14,33089.39,540.3,2026-09-28T16:01:51.630Z,Flash Dump & Instant V-Shape Squeeze
1790611371630,33089.39,33190.68,32567.47,32926.24,607.6,2026-09-28T16:02:51.630Z,Flash Dump & Instant V-Shape Squeeze
1790611431630,32926.24,33202.22,32416.2,32617.75,508.8,2026-09-28T16:03:51.630Z,Flash Dump & Instant V-Shape Squeeze
1790611491630,32617.75,32804.78,32107.06,32244.9,604.8,2026-09-28T16:04:51.630Z,Flash Dump & Instant V-Shape Squeeze
1790611551630,32244.9,32953.72,31497.86,31895.17,310.7,2026-09-28T16:05:51.630Z,Flash Dump & Instant V-Shape Squeeze
1790611611630,31895.17,32295.41,31682.07,31805.69,591.7,2026-09-28T16:06:51.630Z,Flash Dump & Instant V-Shape Squeeze
1790611671630,31805.69,31931.07,31301.5,31849.4,593.2,2026-09-28T16:07:51.630Z,Flash Dump & Instant V-Shape Squeeze
1790611731630,31849.4,32161.78,31240.36,31304.66,654.1,2026-09-28T16:08:51.630Z,Flash Dump & Instant V-Shape Squeeze
1790611791630,31304.66,31470.57,30127.11,30610.1,452.2,2026-09-28T16:09:51.630Z,Flash Dump & Instant V-Shape Squeeze
1790611851630,30610.1,30941.22,30327.35,30365.71,377.5,2026-09-28T16:10:51.630Z,Flash Dump & Instant V-Shape Squeeze
1790611911630,30365.71,30494.71,29389.79,29865.48,837.7,2026-09-28T16:11:51.630Z,Flash Dump & Instant V-Shape Squeeze
1790611971630,29865.48,29991.99,29511.86,29669.37,380,2026-09-28T16:12:51.630Z,Flash Dump & Instant V-Shape Squeeze
1790612031630,29669.37,29743.38,29236.83,29422.22,633.3,2026-09-28T16:13:51.630Z,Flash Dump & Instant V-Shape Squeeze
1790612091630,29422.22,29681.39,27841.68,28023.51,856.2,2026-09-28T16:14:51.630Z,Flash Dump & Instant V-Shape Squeeze
1790612151630,28023.51,28173.94,27828.51,27853.65,375.2,2026-09-28T16:15:51.630Z,Flash Dump & Instant V-Shape Squeeze
1790612211630,27853.65,27854.42,27263.1,27590.79,589.8,2026-09-28T16:16:51.630Z,Flash Dump & Instant V-Shape Squeeze
1790612271630,27590.79,28096.18,26523.05,26663.82,1003.6,2026-09-28T16:17:51.630Z,Flash Dump & Instant V-Shape Squeeze
1790612331630,26663.82,26737.14,26406.01,26528.97,402,2026-09-28T16:18:51.630Z,Flash Dump & Instant V-Shape Squeeze
1790612391630,26528.97,26829.57,26450.39,26520.52,566.7,2026-09-28T16:19:51.630Z,Flash Dump & Instant V-Shape Squeeze
1790612451630,26520.52,26782.68,25704.64,26221.47,616.4,2026-09-28T16:20:51.630Z,Flash Dump & Instant V-Shape Squeeze
1790612511630,26221.47,27200.8,25630,27134.23,685.7,2026-09-28T16:21:51.630Z,Flash Dump & Instant V-Shape Squeeze
1790612571630,27134.23,27862.06,26720.76,27811.66,519,2026-09-28T16:22:51.630Z,Flash Dump & Instant V-Shape Squeeze
1790612631630,27811.66,28521.87,27708.17,28472.75,917.3,2026-09-28T16:23:51.630Z,Flash Dump & Instant V-Shape Squeeze
1790612691630,28472.75,29830.15,28416.67,29720.29,1043.4,2026-09-28T16:24:51.630Z,Flash Dump & Instant V-Shape Squeeze
1790612751630,29720.29,30973.48,29643.79,30345.89,437.4,2026-09-28T16:25:51.630Z,Flash Dump & Instant V-Shape Squeeze
1790612811630,30345.89,30853.67,30207.39,30844.89,517.9,2026-09-28T16:26:51.630Z,Flash Dump & Instant V-Shape Squeeze
1790612871630,30844.89,31522.85,30679.7,31188.97,637.5,2026-09-28T16:27:51.630Z,Flash Dump & Instant V-Shape Squeeze
1790612931630,31188.97,31439.79,30602.87,30643,473.9,2026-09-28T16:28:51.630Z,Flash Dump & Instant V-Shape Squeeze
1790612991630,30643,30783.25,29742.39,29838.33,557.4,2026-09-28T16:29:51.630Z,Flash Dump & Instant V-Shape Squeeze
1790613051630,29838.33,29886.94,29306.24,29462.81,336.3,2026-09-28T16:30:51.630Z,Flash Dump & Instant V-Shape Squeeze
1790613111630,29462.81,29541.16,28644.17,29071.59,747,2026-09-28T16:31:51.630Z,Flash Dump & Instant V-Shape Squeeze
1790613171630,29071.59,29267.22,28619.51,28848.84,273.5,2026-09-28T16:32:51.630Z,Flash Dump & Instant V-Shape Squeeze
1790613231630,28848.84,29161.43,28466.14,28545.75,635.6,2026-09-28T16:33:51.630Z,Flash Dump & Instant V-Shape Squeeze
1790613291630,28545.75,29024.77,28287.8,28320.43,642.1,2026-09-28T16:34:51.630Z,Flash Dump & Instant V-Shape Squeeze
1790613351630,28320.43,28486.47,28125.7,28173.51,255.4,2026-09-28T16:35:51.630Z,Flash Dump & Instant V-Shape Squeeze
1790613411630,28173.51,28369.27,27930.71,27958.31,577.2,2026-09-28T16:36:51.630Z,Flash Dump & Instant V-Shape Squeeze
1790613471630,27958.31,28184.73,27735.2,28034.12,466.1,2026-09-28T16:37:51.630Z,Flash Dump & Instant V-Shape Squeeze
1790613531630,28034.12,28189.75,27359.48,27881.03,381.6,2026-09-28T16:38:51.630Z,Flash Dump & Instant V-Shape Squeeze
1790613591630,27881.03,27933.99,27710.53,27771.99,211.5,2026-09-28T16:39:51.630Z,Flash Dump & Instant V-Shape Squeeze
1790613651630,27771.99,27926.79,27670.08,27870.16,324.7,2026-09-28T16:40:51.630Z,Flash Dump & Instant V-Shape Squeeze
1790613711630,27870.16,28067.61,27588.24,27949.27,478.3,2026-09-28T16:41:51.630Z,Flash Dump & Instant V-Shape Squeeze
1790613771630,27949.27,28049.27,27804.51,27949.69,284.6,2026-09-28T16:42:51.630Z,Flash Dump & Instant V-Shape Squeeze
1790613831630,27949.69,28357.94,27607.66,27817.45,515.2,2026-09-28T16:43:51.630Z,Flash Dump & Instant V-Shape Squeeze
1790613891630,27817.45,28087.72,27318.44,27904.64,482,2026-09-28T16:44:51.630Z,Flash Dump & Instant V-Shape Squeeze
1790613951630,27904.64,28293.43,27205.04,27755.31,640.5,2026-09-28T16:45:51.630Z,Flash Dump & Instant V-Shape Squeeze
1790614011630,27755.31,27890.65,27610.92,27687.6,598.6,2026-09-28T16:46:51.630Z,Flash Dump & Instant V-Shape Squeeze
1790614071630,27687.6,28052.45,27611.2,27658.29,381.7,2026-09-28T16:47:51.630Z,Flash Dump & Instant V-Shape Squeeze
1790614131630,27658.29,27903.28,27532.03,27788.42,385.4,2026-09-28T16:48:51.630Z,Flash Dump & Instant V-Shape Squeeze
1790614191630,27788.42,28167.75,27529.01,27932.93,270.9,2026-09-28T16:49:51.630Z,Flash Dump & Instant V-Shape Squeeze
1790614251630,27932.93,28269.48,27376.05,28026.53,231.7,2026-09-28T16:50:51.630Z,Flash Dump & Instant V-Shape Squeeze
1790614311630,28026.53,28458.07,26655.58,27003.2,1120.4,2026-09-28T16:51:51.630Z,Flash Dump & Instant V-Shape Squeeze
1790614371630,27003.2,27215.28,26444.19,26938.48,420.6,2026-09-28T16:52:51.630Z,Flash Dump & Instant V-Shape Squeeze
1790614431630,26938.48,27051.03,26740.28,27044.3,623.4,2026-09-28T16:53:51.630Z,Flash Dump & Instant V-Shape Squeeze
1790614491630,27044.3,27054.65,26569.24,26712.05,392.1,2026-09-28T16:54:51.630Z,Flash Dump & Instant V-Shape Squeeze
1790614551630,26712.05,27597.48,26276.07,27286.19,503.7,2026-09-28T16:55:51.630Z,Flash Dump & Instant V-Shape Squeeze
1790614611630,27286.19,27377.37,26661.73,27000.59,408.7,2026-09-28T16:56:51.630Z,Flash Dump & Instant V-Shape Squeeze
1790614671630,27000.59,27076.13,26657.22,26676.55,378,2026-09-28T16:57:51.630Z,Flash Dump & Instant V-Shape Squeeze
1790614731630,26676.55,26962.04,26445.88,26521.17,274,2026-09-28T16:58:51.630Z,Flash Dump & Instant V-Shape Squeeze
1790614791630,26521.17,26577.15,26067.23,26246.61,339.8,2026-09-28T16:59:51.630Z,Flash Dump & Instant V-Shape Squeeze
1790614851630,26246.61,26284.46,26051.14,26280.49,560.6,2026-09-28T17:00:51.630Z,Flash Dump & Instant V-Shape Squeeze
1790614911630,26280.49,26833.62,26050.97,26771.05,821.1,2026-09-28T17:01:51.630Z,Flash Dump & Instant V-Shape Squeeze
1790614971630,26771.05,27422.42,26583.29,27139.46,750.4,2026-09-28T17:02:51.630Z,Flash Dump & Instant V-Shape Squeeze
1790615031630,27139.46,27322.56,26856.56,26917.18,484.3,2026-09-28T17:03:51.630Z,Flash Dump & Instant V-Shape Squeeze
1790615091630,26917.18,27070.46,26278,26897.4,200.9,2026-09-28T17:04:51.630Z,Flash Dump & Instant V-Shape Squeeze
1790615151630,26897.4,26937.93,26742.06,26895.77,348.9,2026-09-28T17:05:51.630Z,Flash Dump & Instant V-Shape Squeeze
1790615211630,26895.77,27142.34,26780.83,26938.02,141.9,2026-09-28T17:06:51.630Z,Flash Dump & Instant V-Shape Squeeze
1790615271630,26938.02,28351.76,26922.89,28200.57,936.8,2026-09-28T17:07:51.630Z,Flash Dump & Instant V-Shape Squeeze
1790615331630,28200.57,28586.08,27286.95,27524.23,557.8,2026-09-28T17:08:51.630Z,Flash Dump & Instant V-Shape Squeeze
1790615391630,27524.23,27715.96,26567.09,26894.03,547.1,2026-09-28T17:09:51.630Z,Flash Dump & Instant V-Shape Squeeze
1790615451630,26894.03,26957.65,26006.48,26428.44,720.9,2026-09-28T17:10:51.630Z,Flash Dump & Instant V-Shape Squeeze
1790615511630,26428.44,26796.9,26237.63,26432.14,139.9,2026-09-28T17:11:51.630Z,Flash Dump & Instant V-Shape Squeeze
1790615571630,26432.14,27041.26,26334.34,26990.86,719.9,2026-09-28T17:12:51.630Z,Flash Dump & Instant V-Shape Squeeze
1790615631630,26990.86,27807.32,26627.9,27586.86,855.3,2026-09-28T17:13:51.630Z,Flash Dump & Instant V-Shape Squeeze
1790615691630,27586.86,28101.99,27093.92,28029.29,498.5,2026-09-28T17:14:51.630Z,Flash Dump & Instant V-Shape Squeeze
1790615751630,28029.29,28647.59,27755.78,28538.98,765.6,2026-09-28T17:15:51.630Z,Flash Dump & Instant V-Shape Squeeze
1790615811630,28538.98,29151.93,28359.41,28980.7,491.2,2026-09-28T17:16:51.630Z,Flash Dump & Instant V-Shape Squeeze
1790615871630,28980.7,29570.6,28975.18,29347.78,442.5,2026-09-28T17:17:51.630Z,Flash Dump & Instant V-Shape Squeeze
1790615931630,29347.78,29983.73,29293.93,29748.04,568.3,2026-09-28T17:18:51.630Z,Flash Dump & Instant V-Shape Squeeze
1790615991630,29748.04,29976.22,29630.17,29813.51,181.6,2026-09-28T17:19:51.630Z,Flash Dump & Instant V-Shape Squeeze
1790616051630,29813.51,30016.21,28686.26,28896.16,597.2,2026-09-28T17:20:51.630Z,Flash Dump & Instant V-Shape Squeeze
1790616111630,28896.16,29451.41,28611.79,28965.41,189.4,2026-09-28T17:21:51.630Z,Flash Dump & Instant V-Shape Squeeze
1790616171630,28965.41,29220.03,28155.83,28370.63,699.9,2026-09-28T17:22:51.630Z,Flash Dump & Instant V-Shape Squeeze
1790616231630,28370.63,28671.16,27985.7,28071.07,307,2026-09-28T17:23:51.630Z,Flash Dump & Instant V-Shape Squeeze
1790616291630,28071.07,28163.36,26422.51,26602,1103.7,2026-09-28T17:24:51.630Z,Flash Dump & Instant V-Shape Squeeze
1790616351630,26602,26623.8,26038.18,26340.13,666.7,2026-09-28T17:25:51.630Z,Flash Dump & Instant V-Shape Squeeze
1790616411630,26340.13,26427.05,25687.73,26075.21,472.7,2026-09-28T17:26:51.630Z,Flash Dump & Instant V-Shape Squeeze
1790616471630,26075.21,26205.17,25863.47,25927.57,508.9,2026-09-28T17:27:51.630Z,Flash Dump & Instant V-Shape Squeeze
1790616531630,25927.57,26285.2,25141.17,25703.57,629.6,2026-09-28T17:28:51.630Z,Flash Dump & Instant V-Shape Squeeze
1790616591630,25703.57,26258.6,25320.46,25568.37,676.2,2026-09-28T17:29:51.630Z,Flash Dump & Instant V-Shape Squeeze
1790616651630,25568.37,25590.94,25094.84,25326.11,412.4,2026-09-28T17:30:51.630Z,Flash Dump & Instant V-Shape Squeeze
1790616711630,25326.11,25789.16,25282.27,25360.57,575,2026-09-28T17:31:51.630Z,Flash Dump & Instant V-Shape Squeeze
1790616771630,25360.57,25695.81,25121.37,25524.99,258.8,2026-09-28T17:32:51.630Z,Flash Dump & Instant V-Shape Squeeze
1790616831630,25524.99,26238.43,25354.36,25819.73,298.5,2026-09-28T17:33:51.630Z,Flash Dump & Instant V-Shape Squeeze
1790616891630,25819.73,26254.83,25159.54,25469.02,333.7,2026-09-28T17:34:51.630Z,Flash Dump & Instant V-Shape Squeeze
1790616951630,25469.02,26063.76,25375.66,25649.63,477.3,2026-09-28T17:35:51.630Z,Flash Dump & Instant V-Shape Squeeze
1790617011630,25649.63,26144.89,25484.7,25834.78,494,2026-09-28T17:36:51.630Z,Flash Dump & Instant V-Shape Squeeze
1790617071630,25834.78,26742.33,25800.95,26501.84,774.4,2026-09-28T17:37:51.630Z,Flash Dump & Instant V-Shape Squeeze
1790617131630,26501.84,27196.74,26268.6,26664.83,551.1,2026-09-28T17:38:51.630Z,Flash Dump & Instant V-Shape Squeeze
1790617191630,26664.83,26966.48,26116,26690.22,580.4,2026-09-28T17:39:51.630Z,Flash Dump & Instant V-Shape Squeeze
1790617251630,26690.22,27155.43,26565.59,26632.14,232.3,2026-09-28T17:40:51.630Z,Flash Dump & Instant V-Shape Squeeze
1790617311630,26632.14,27031.28,25801.41,25928.16,812.8,2026-09-28T17:41:51.630Z,Flash Dump & Instant V-Shape Squeeze
1790617371630,25928.16,26369.72,25804.16,26086.57,234.7,2026-09-28T17:42:51.630Z,Flash Dump & Instant V-Shape Squeeze
1790617431630,26086.57,26221.08,26043.96,26086.93,232.3,2026-09-28T17:43:51.630Z,Flash Dump & Instant V-Shape Squeeze
1790617491630,26086.93,26445.17,25611.52,26184.7,491.5,2026-09-28T17:44:51.630Z,Flash Dump & Instant V-Shape Squeeze
1790617551630,26184.7,27286,25800.12,27111.57,1005.1,2026-09-28T17:45:51.630Z,Flash Dump & Instant V-Shape Squeeze
1790617611630,27111.57,27378.8,26771.71,27249.31,183.5,2026-09-28T17:46:51.630Z,Flash Dump & Instant V-Shape Squeeze
1790617671630,27249.31,27310.78,26767.03,27164.43,443.1,2026-09-28T17:47:51.630Z,Flash Dump & Instant V-Shape Squeeze
1790617731630,27164.43,28186.13,27139.92,27848.23,714.2,2026-09-28T17:48:51.630Z,Flash Dump & Instant V-Shape Squeeze
1790617791630,27848.23,28781.85,27649.21,28523.25,923.9,2026-09-28T17:49:51.630Z,Flash Dump & Instant V-Shape Squeeze
1790617851630,28523.25,29037.27,28463.76,28895.52,575,2026-09-28T17:50:51.630Z,Flash Dump & Instant V-Shape Squeeze
1790617911630,28895.52,29546.73,28816.98,29459.51,850.1,2026-09-28T17:51:51.630Z,Flash Dump & Instant V-Shape Squeeze
1790617971630,29459.51,29993.73,29138.53,29917.4,557.2,2026-09-28T17:52:51.630Z,Flash Dump & Instant V-Shape Squeeze
1790618031630,29917.4,30473.29,29736.12,30221.01,328.3,2026-09-28T17:53:51.630Z,Flash Dump & Instant V-Shape Squeeze
1790618091630,30221.01,30659.14,30148.21,30576.01,587.9,2026-09-28T17:54:51.630Z,Flash Dump & Instant V-Shape Squeeze
1790618151630,30576.01,31944.5,30498.18,31337.53,502.7,2026-09-28T17:55:51.630Z,Flash Dump & Instant V-Shape Squeeze
1790618211630,31337.53,32168.58,31223.13,31414.72,416.7,2026-09-28T17:56:51.630Z,Flash Dump & Instant V-Shape Squeeze
1790618271630,31414.72,31566.87,31018.5,31455.08,158.4,2026-09-28T17:57:51.630Z,Flash Dump & Instant V-Shape Squeeze
1790618331630,31455.08,32337.79,31245.19,31760.2,741.6,2026-09-28T17:58:51.630Z,Flash Dump & Instant V-Shape Squeeze
1790618391630,31760.2,32365.46,31502.94,31718.76,250.5,2026-09-28T17:59:51.630Z,Flash Dump & Instant V-Shape Squeeze
1790618451630,31718.76,32204.91,31555.5,31925.11,339.4,2026-09-28T18:00:51.630Z,Flash Dump & Instant V-Shape Squeeze
1790618511630,31925.11,32440.81,31685.49,32213.55,352.1,2026-09-28T18:01:51.630Z,Flash Dump & Instant V-Shape Squeeze
1790618571630,32213.55,32525.95,31515.04,32388.12,316.5,2026-09-28T18:02:51.630Z,Flash Dump & Instant V-Shape Squeeze
1790618631630,32388.12,32392.3,31706.89,32303.99,266.7,2026-09-28T18:03:51.630Z,Flash Dump & Instant V-Shape Squeeze
1790618691630,32303.99,32336.59,31926.17,32289.42,388.1,2026-09-28T18:04:51.630Z,Flash Dump & Instant V-Shape Squeeze
1790618751630,32289.42,32403.67,31912.44,32154.54,574.4,2026-09-28T18:05:51.630Z,Flash Dump & Instant V-Shape Squeeze
1790618811630,32154.54,32210.11,32069.33,32209.32,316.1,2026-09-28T18:06:51.630Z,Flash Dump & Instant V-Shape Squeeze
1790618871630,32209.32,32457.62,31338.79,31437.96,789,2026-09-28T18:07:51.630Z,Flash Dump & Instant V-Shape Squeeze
1790618931630,31437.96,32029.52,31239.33,31594.45,566.7,2026-09-28T18:08:51.630Z,Flash Dump & Instant V-Shape Squeeze
1790618991630,31594.45,32174.69,31549.4,31621.97,386.5,2026-09-28T18:09:51.630Z,Flash Dump & Instant V-Shape Squeeze
1790619051630,31621.97,31860.53,31355.41,31787.31,471.8,2026-09-28T18:10:51.630Z,Flash Dump & Instant V-Shape Squeeze
1790619111630,31787.31,32161.05,31439,31757.48,543.8,2026-09-28T18:11:51.630Z,Flash Dump & Instant V-Shape Squeeze
1790619171630,31757.48,31877.33,31494.31,31746.15,274.5,2026-09-28T18:12:51.630Z,Flash Dump & Instant V-Shape Squeeze
1790619231630,31746.15,32169.88,31015.39,31731.41,400.5,2026-09-28T18:13:51.630Z,Flash Dump & Instant V-Shape Squeeze
1790619291630,31731.41,32110.33,31229.95,31839.21,315.2,2026-09-28T18:14:51.630Z,Flash Dump & Instant V-Shape Squeeze
1790619351630,31839.21,32424.67,31476.59,31715.01,224.7,2026-09-28T18:15:51.630Z,Flash Dump & Instant V-Shape Squeeze
1790619411630,31715.01,32144.09,31489.8,31845.04,250.5,2026-09-28T18:16:51.630Z,Flash Dump & Instant V-Shape Squeeze
1790619471630,31845.04,31975.47,31728.68,31931.64,499.7,2026-09-28T18:17:51.630Z,Flash Dump & Instant V-Shape Squeeze
1790619531630,31931.64,32562.75,31555.06,31958.67,177,2026-09-28T18:18:51.630Z,Flash Dump & Instant V-Shape Squeeze
1790619591630,31958.67,32164.12,31674.82,31833.03,421.9,2026-09-28T18:19:51.630Z,Flash Dump & Instant V-Shape Squeeze
1790619651630,31833.03,32981.52,31758.82,32732.84,865.7,2026-09-28T18:20:51.630Z,Flash Dump & Instant V-Shape Squeeze
1790619711630,32732.84,33640.08,32100.9,33443.66,647.2,2026-09-28T18:21:51.630Z,Flash Dump & Instant V-Shape Squeeze
1790619771630,33443.66,34539.49,33240.98,34204.8,829.4,2026-09-28T18:22:51.630Z,Flash Dump & Instant V-Shape Squeeze
1790619831630,34204.8,35255.05,33910.41,34840.71,499,2026-09-28T18:23:51.630Z,Flash Dump & Instant V-Shape Squeeze
1790619891630,34840.71,35569.11,34402.94,35468.45,404.1,2026-09-28T18:24:51.630Z,Flash Dump & Instant V-Shape Squeeze
1790619951630,35468.45,36091.98,35361.17,36070.54,804.8,2026-09-28T18:25:51.630Z,Flash Dump & Instant V-Shape Squeeze
1790620011630,36070.54,36363.69,34959.13,35152.15,819,2026-09-28T18:26:51.630Z,Flash Dump & Instant V-Shape Squeeze
1790620071630,35152.15,35719.92,34930.49,35549.76,419.5,2026-09-28T18:27:51.630Z,Flash Dump & Instant V-Shape Squeeze
1790620131630,35549.76,36526.63,35335.24,35844.24,587.1,2026-09-28T18:28:51.630Z,Flash Dump & Instant V-Shape Squeeze
1790620191630,35844.24,36398.71,35486.69,36058.92,222.2,2026-09-28T18:29:51.630Z,Flash Dump & Instant V-Shape Squeeze
1790620251630,36058.92,36752.7,35837.89,36435.03,324.8,2026-09-28T18:30:51.630Z,Flash Dump & Instant V-Shape Squeeze
1790620311630,36435.03,36644.55,35895.19,36462.92,415.2,2026-09-28T18:31:51.630Z,Flash Dump & Instant V-Shape Squeeze
1790620371630,36462.92,38147.8,35950.91,37568.65,635.6,2026-09-28T18:32:51.630Z,Flash Dump & Instant V-Shape Squeeze
1790620431630,37568.65,38748.09,37106.4,38574.11,723,2026-09-28T18:33:51.630Z,Flash Dump & Instant V-Shape Squeeze
1790620491630,38574.11,39803.49,38411.97,39400.08,570.1,2026-09-28T18:34:51.630Z,Flash Dump & Instant V-Shape Squeeze
1790620551630,39400.08,40254.73,39074.77,40122.83,614.7,2026-09-28T18:35:51.630Z,Flash Dump & Instant V-Shape Squeeze
1790620611630,40122.83,41212.13,39957.87,40808.01,392.3,2026-09-28T18:36:51.630Z,Flash Dump & Instant V-Shape Squeeze
1790620671630,40808.01,41181.9,40417.03,41157.49,291,2026-09-28T18:37:51.630Z,Flash Dump & Instant V-Shape Squeeze
1790620731630,41157.49,41832.81,40811.78,41643.61,718.6,2026-09-28T18:38:51.630Z,Flash Dump & Instant V-Shape Squeeze
1790620791630,41643.61,42711.44,41600.95,41970.53,636,2026-09-28T18:39:51.630Z,Flash Dump & Instant V-Shape Squeeze
1790620851630,41970.53,42635.2,41227.8,42348.2,333,2026-09-28T18:40:51.630Z,Flash Dump & Instant V-Shape Squeeze
1790620911630,42348.2,43128.85,41269.46,42642.61,525.9,2026-09-28T18:41:51.630Z,Flash Dump & Instant V-Shape Squeeze
1790620971630,42642.61,43185.49,42429.11,42842.26,502.7,2026-09-28T18:42:51.630Z,Flash Dump & Instant V-Shape Squeeze
1790621031630,42842.26,43395.84,41975.36,43002.93,499.9,2026-09-28T18:43:51.630Z,Flash Dump & Instant V-Shape Squeeze
1790621091630,43002.93,43565.57,41642.95,42162.12,491.7,2026-09-28T18:44:51.630Z,Flash Dump & Instant V-Shape Squeeze
1790621151630,42162.12,42348.33,42037.94,42241.83,549,2026-09-28T18:45:51.630Z,Flash Dump & Instant V-Shape Squeeze
1790621211630,42241.83,42638.38,42184.81,42516.18,264,2026-09-28T18:46:51.630Z,Flash Dump & Instant V-Shape Squeeze
1790621271630,42516.18,42950.88,41782.93,41870.78,356.6,2026-09-28T18:47:51.630Z,Flash Dump & Instant V-Shape Squeeze
1790621331630,41870.78,42106.76,41068.42,41490.64,524.6,2026-09-28T18:48:51.630Z,Flash Dump & Instant V-Shape Squeeze
1790621391630,41490.64,42301.33,40638.53,41324.12,480.8,2026-09-28T18:49:51.630Z,Flash Dump & Instant V-Shape Squeeze
1790621451630,41324.12,41595.05,39206.75,39905.73,624.5,2026-09-28T18:50:51.630Z,Flash Dump & Instant V-Shape Squeeze
1790621511630,39905.73,40305.42,38849.65,39132.87,740.5,2026-09-28T18:51:51.630Z,Flash Dump & Instant V-Shape Squeeze
1790621571630,39132.87,39723.15,37748.22,38112.46,911.3,2026-09-28T18:52:51.630Z,Flash Dump & Instant V-Shape Squeeze
1790621631630,38112.46,38179.63,37416.98,37551.34,748.8,2026-09-28T18:53:51.630Z,Flash Dump & Instant V-Shape Squeeze
1790621691630,37551.34,37957.78,36436.08,37106.95,595.3,2026-09-28T18:54:51.630Z,Flash Dump & Instant V-Shape Squeeze
1790621751630,37106.95,37361.54,36667.09,36756.08,378.9,2026-09-28T18:55:51.630Z,Flash Dump & Instant V-Shape Squeeze
1790621811630,36756.08,37594.98,36103.22,36264.75,688,2026-09-28T18:56:51.630Z,Flash Dump & Instant V-Shape Squeeze
1790621871630,36264.75,36959.78,35648.12,36022.71,528.9,2026-09-28T18:57:51.630Z,Flash Dump & Instant V-Shape Squeeze
1790621931630,36022.71,36236.36,34856.73,35539.95,549.3,2026-09-28T18:58:51.630Z,Flash Dump & Instant V-Shape Squeeze
1790621991630,35539.95,36730.03,35376.3,36687.92,1059.1,2026-09-28T18:59:51.630Z,Flash Dump & Instant V-Shape Squeeze
1790622051630,36687.92,36786.94,36545.8,36554.26,544.6,2026-09-28T19:00:51.630Z,Flash Dump & Instant V-Shape Squeeze
1790622111630,36554.26,36695.23,36199.01,36441.03,601.4,2026-09-28T19:01:51.630Z,Flash Dump & Instant V-Shape Squeeze
1790622171630,36441.03,36518.8,36214.11,36478.78,166.2,2026-09-28T19:02:51.630Z,Flash Dump & Instant V-Shape Squeeze
1790622231630,36478.78,36813.24,36086.19,36285.33,281.8,2026-09-28T19:03:51.630Z,Flash Dump & Instant V-Shape Squeeze
1790622291630,36285.33,36504.82,35996.56,36124.29,299.1,2026-09-28T19:04:51.630Z,Flash Dump & Instant V-Shape Squeeze
1790622351630,36124.29,36587.55,35814.51,35890.7,216.9,2026-09-28T19:05:51.630Z,Flash Dump & Instant V-Shape Squeeze
1790622411630,35890.7,35961.95,35696.04,35866.95,379.8,2026-09-28T19:06:51.630Z,Flash Dump & Instant V-Shape Squeeze
1790622471630,35866.95,35890.56,35688.19,35808.94,348,2026-09-28T19:07:51.630Z,Flash Dump & Instant V-Shape Squeeze
1790622531630,35808.94,36296.46,34752.75,35051.2,680.1,2026-09-28T19:08:51.630Z,Flash Dump & Instant V-Shape Squeeze
1790622591630,35051.2,35220.39,34426.98,34556.93,426.6,2026-09-28T19:09:51.630Z,Flash Dump & Instant V-Shape Squeeze
1790622651630,34556.93,35074.55,33819.14,33878.88,590.8,2026-09-28T19:10:51.630Z,Flash Dump & Instant V-Shape Squeeze
1790622711630,33878.88,33937.18,33271.96,33398.89,515,2026-09-28T19:11:51.630Z,Flash Dump & Instant V-Shape Squeeze
1790622771630,33398.89,33445.47,31886.62,32327.66,1029.5,2026-09-28T19:12:51.630Z,Flash Dump & Instant V-Shape Squeeze
1790622831630,32327.66,33442.92,32030.97,33306.9,664.9,2026-09-28T19:13:51.630Z,Flash Dump & Instant V-Shape Squeeze
1790622891630,33306.9,33469.95,33080.37,33231.85,342.2,2026-09-28T19:14:51.630Z,Flash Dump & Instant V-Shape Squeeze
1790622951630,33231.85,33582.95,32879.09,32893.44,407.7,2026-09-28T19:15:51.630Z,Flash Dump & Instant V-Shape Squeeze
1790623011630,32893.44,33399.13,32686.53,32896.31,496.7,2026-09-28T19:16:51.630Z,Flash Dump & Instant V-Shape Squeeze
1790623071630,32896.31,33774.51,32241.69,33718.26,873.7,2026-09-28T19:17:51.630Z,Flash Dump & Instant V-Shape Squeeze
1790623131630,33718.26,33846.02,33324.16,33447.37,643.5,2026-09-28T19:18:51.630Z,Flash Dump & Instant V-Shape Squeeze
1790623191630,33447.37,33862.51,32990.65,33400.61,182,2026-09-28T19:19:51.630Z,Flash Dump & Instant V-Shape Squeeze
1790623251630,33400.61,34397.67,33159.54,34084.43,540.2,2026-09-28T19:20:51.630Z,Flash Dump & Instant V-Shape Squeeze
1790623311630,34084.43,34785.83,33877.06,34667.59,584.2,2026-09-28T19:21:51.630Z,Flash Dump & Instant V-Shape Squeeze
1790623371630,34667.59,35864.35,34365.06,35507.62,541,2026-09-28T19:22:51.630Z,Flash Dump & Instant V-Shape Squeeze
1790623431630,35507.62,36204.87,35185.25,35964.79,425.3,2026-09-28T19:23:51.630Z,Flash Dump & Instant V-Shape Squeeze
1790623491630,35964.79,35981.12,35238.64,35353.61,804.1,2026-09-28T19:24:51.630Z,Flash Dump & Instant V-Shape Squeeze
1790623551630,35353.61,35380.05,34941.94,35123.76,289.9,2026-09-28T19:25:51.630Z,Flash Dump & Instant V-Shape Squeeze
1790623611630,35123.76,35732.48,34768.62,35537.6,347,2026-09-28T19:26:51.630Z,Flash Dump & Instant V-Shape Squeeze
1790623671630,35537.6,36472.9,35244.7,35672.63,199.9,2026-09-28T19:27:51.630Z,Flash Dump & Instant V-Shape Squeeze
1790623731630,35672.63,35872.55,34300.1,34675.98,710.7,2026-09-28T19:28:51.630Z,Flash Dump & Instant V-Shape Squeeze
1790623791630,34675.98,34821.26,33340.53,33722.02,744.8,2026-09-28T19:29:51.630Z,Flash Dump & Instant V-Shape Squeeze
1790623851630,33722.02,34118.12,32622.87,32800.19,730.5,2026-09-28T19:30:51.630Z,Flash Dump & Instant V-Shape Squeeze
1790623911630,32800.19,33162.81,32194.75,32198.05,608.3,2026-09-28T19:31:51.630Z,Flash Dump & Instant V-Shape Squeeze
1790623971630,32198.05,32295.72,30940.16,31601.04,754.1,2026-09-28T19:32:51.630Z,Flash Dump & Instant V-Shape Squeeze
1790624031630,31601.04,31801.6,30810.85,30964.38,763.7,2026-09-28T19:33:51.630Z,Flash Dump & Instant V-Shape Squeeze
1790624091630,30964.38,31464.41,30215.58,30422.17,830.2,2026-09-28T19:34:51.630Z,Flash Dump & Instant V-Shape Squeeze
1790624151630,30422.17,30723.75,29782.92,30059.85,373.2,2026-09-28T19:35:51.630Z,Flash Dump & Instant V-Shape Squeeze
1790624211630,30059.85,30085.88,29568.47,29720.99,436.8,2026-09-28T19:36:51.630Z,Flash Dump & Instant V-Shape Squeeze
1790624271630,29720.99,30552.39,29489.18,30497.23,810.2,2026-09-28T19:37:51.630Z,Flash Dump & Instant V-Shape Squeeze
1790624331630,30497.23,30712,29820.33,30479.77,323.1,2026-09-28T19:38:51.630Z,Flash Dump & Instant V-Shape Squeeze
1790624391630,30479.77,30731.64,30207.8,30371.92,463.7,2026-09-28T19:39:51.630Z,Flash Dump & Instant V-Shape Squeeze
1790624451630,30371.92,30642.84,30121.41,30230.18,591.1,2026-09-28T19:40:51.630Z,Flash Dump & Instant V-Shape Squeeze
1790624511630,30230.18,30581.36,29981.21,30096.89,613,2026-09-28T19:41:51.630Z,Flash Dump & Instant V-Shape Squeeze
1790624571630,30096.89,30959.64,29858.71,30724.09,477.4,2026-09-28T19:42:51.630Z,Flash Dump & Instant V-Shape Squeeze
1790624631630,30724.09,31101.14,30369.5,31086.8,404.2,2026-09-28T19:43:51.630Z,Flash Dump & Instant V-Shape Squeeze
1790624691630,31086.8,31389.31,30500.53,30580.68,754.7,2026-09-28T19:44:51.630Z,Flash Dump & Instant V-Shape Squeeze
1790624751630,30580.68,31024.23,30135.23,30169.51,464.2,2026-09-28T19:45:51.630Z,Flash Dump & Instant V-Shape Squeeze
1790624811630,30169.51,30484.25,29691.05,29898.68,648.8,2026-09-28T19:46:51.630Z,Flash Dump & Instant V-Shape Squeeze
1790624871630,29898.68,30485.72,29292.08,29473.38,679.6,2026-09-28T19:47:51.630Z,Flash Dump & Instant V-Shape Squeeze
1790624931630,29473.38,30772.82,29294.47,30400.1,781.2,2026-09-28T19:48:51.630Z,Flash Dump & Instant V-Shape Squeeze
1790624991630,30400.1,31229.97,29766.88,31018.74,504.1,2026-09-28T19:49:51.630Z,Flash Dump & Instant V-Shape Squeeze
1790625051630,31018.74,31245.56,29837.8,30466.52,725.4,2026-09-28T19:50:51.630Z,Flash Dump & Instant V-Shape Squeeze
1790625111630,30466.52,31709.49,30359.12,31187.28,727.7,2026-09-28T19:51:51.630Z,Flash Dump & Instant V-Shape Squeeze
1790625171630,31187.28,32269.12,30863.95,31683.41,616.9,2026-09-28T19:52:51.630Z,Flash Dump & Instant V-Shape Squeeze
1790625231630,31683.41,32163.19,31361.73,32012.48,617.1,2026-09-28T19:53:51.630Z,Flash Dump & Instant V-Shape Squeeze
1790625291630,32012.48,33119.35,31809.54,32416.56,431.6,2026-09-28T19:54:51.630Z,Flash Dump & Instant V-Shape Squeeze
1790625351630,32416.56,32839.75,32382.36,32768.54,278.1,2026-09-28T19:55:51.630Z,Flash Dump & Instant V-Shape Squeeze
1790625411630,32768.54,35170.28,32281.55,34556.93,1289.4,2026-09-28T19:56:51.630Z,Flash Dump & Instant V-Shape Squeeze
1790625471630,34556.93,35023.11,34551.09,34621.76,413.4,2026-09-28T19:57:51.630Z,Flash Dump & Instant V-Shape Squeeze
1790625531630,34621.76,34945.82,33956.76,34625.61,380.1,2026-09-28T19:58:51.630Z,Flash Dump & Instant V-Shape Squeeze
1790625591630,34625.61,35105,34421.94,34799.56,592.6,2026-09-28T19:59:51.630Z,Flash Dump & Instant V-Shape Squeeze
1790625651630,34799.56,35142.44,34333.25,35082.63,425.4,2026-09-28T20:00:51.630Z,Flash Dump & Instant V-Shape Squeeze
1790625711630,35082.63,35465.14,34766.06,35069.31,420.3,2026-09-28T20:01:51.630Z,Flash Dump & Instant V-Shape Squeeze
1790625771630,35069.31,35316.11,34087.73,34369.9,551.6,2026-09-28T20:02:51.630Z,Flash Dump & Instant V-Shape Squeeze
1790625831630,34369.9,34687.43,31955.78,32447.74,1418.8,2026-09-28T20:03:51.630Z,Flash Dump & Instant V-Shape Squeeze
1790625891630,32447.74,32678,31259.62,31377.61,973.3,2026-09-28T20:04:51.630Z,Flash Dump & Instant V-Shape Squeeze
1790625951630,31377.61,31592.08,30628.01,30769.18,585,2026-09-28T20:05:51.630Z,Flash Dump & Instant V-Shape Squeeze
1790626011630,30769.18,30796.14,29392.38,29641.28,1087.3,2026-09-28T20:06:51.630Z,Flash Dump & Instant V-Shape Squeeze
1790626071630,29641.28,30040.38,29103.73,29491.38,377.8,2026-09-28T20:07:51.630Z,Flash Dump & Instant V-Shape Squeeze
1790626131630,29491.38,29584.09,28213.56,28511.77,938.6,2026-09-28T20:08:51.630Z,Flash Dump & Instant V-Shape Squeeze
1790626191630,28511.77,28526.58,28358.08,28396.23,466.5,2026-09-28T20:09:51.630Z,Flash Dump & Instant V-Shape Squeeze
1790626251630,28396.23,28734.38,27853.64,28148.08,410.6,2026-09-28T20:10:51.630Z,Flash Dump & Instant V-Shape Squeeze
1790626311630,28148.08,28333.17,27719.89,28064.89,257.4,2026-09-28T20:11:51.630Z,Flash Dump & Instant V-Shape Squeeze
1790626371630,28064.89,28350.56,27520.55,27821.48,368.7,2026-09-28T20:12:51.630Z,Flash Dump & Instant V-Shape Squeeze
1790626431630,27821.48,28296.34,27674.42,27846.7,507.5,2026-09-28T20:13:51.630Z,Flash Dump & Instant V-Shape Squeeze
1790626491630,27846.7,28108.1,27577.13,27869.54,215.7,2026-09-28T20:14:51.630Z,Flash Dump & Instant V-Shape Squeeze
1790626551630,27869.54,27987.72,26382.19,26666.1,1175.3,2026-09-28T20:15:51.630Z,Flash Dump & Instant V-Shape Squeeze
1790626611630,26666.1,26756.49,26454.29,26593.04,427.2,2026-09-28T20:16:51.630Z,Flash Dump & Instant V-Shape Squeeze
1790626671630,26593.04,26958.41,26459.07,26553.14,441.1,2026-09-28T20:17:51.630Z,Flash Dump & Instant V-Shape Squeeze
1790626731630,26553.14,27247.69,26234.19,27184.25,851.7,2026-09-28T20:18:51.630Z,Flash Dump & Instant V-Shape Squeeze
1790626791630,27184.25,27340.59,26850.02,27010.23,515.5,2026-09-28T20:19:51.630Z,Flash Dump & Instant V-Shape Squeeze
1790626851630,27010.23,27136.23,26156.5,26540.61,484.6,2026-09-28T20:20:51.630Z,Flash Dump & Instant V-Shape Squeeze
1790626911630,26540.61,27524.99,26030.19,27141.62,734.1,2026-09-28T20:21:51.630Z,Flash Dump & Instant V-Shape Squeeze
1790626971630,27141.62,27831.74,26888.64,27516.89,720.8,2026-09-28T20:22:51.630Z,Flash Dump & Instant V-Shape Squeeze
1790627031630,27516.89,29218.22,26991.27,28832.96,931.7,2026-09-28T20:23:51.630Z,Flash Dump & Instant V-Shape Squeeze
1790627091630,28832.96,29337.28,28454.3,29089.62,490.9,2026-09-28T20:24:51.630Z,Flash Dump & Instant V-Shape Squeeze
1790627151630,29089.62,29505.53,28805.65,29467.02,570.4,2026-09-28T20:25:51.630Z,Flash Dump & Instant V-Shape Squeeze
1790627211630,29467.02,29959.22,29297.92,29902.53,383.6,2026-09-28T20:26:51.630Z,Flash Dump & Instant V-Shape Squeeze
1790627271630,29902.53,30008.11,28890.84,29130.98,894.8,2026-09-28T20:27:51.630Z,Flash Dump & Instant V-Shape Squeeze
1790627331630,29130.98,29677.29,28967.08,29481.98,502.9,2026-09-28T20:28:51.630Z,Flash Dump & Instant V-Shape Squeeze
1790627391630,29481.98,29767.6,29308.32,29747.69,280.7,2026-09-28T20:29:51.630Z,Flash Dump & Instant V-Shape Squeeze
1790627451630,29747.69,30285.74,29246.96,30002.62,355,2026-09-28T20:30:51.630Z,Flash Dump & Instant V-Shape Squeeze
1790627511630,30002.62,30401.91,29496.62,30193.7,464.1,2026-09-28T20:31:51.630Z,Flash Dump & Instant V-Shape Squeeze
1790627571630,30193.7,30772.75,30059.73,30438.02,585,2026-09-28T20:32:51.630Z,Flash Dump & Instant V-Shape Squeeze
1790627631630,30438.02,30853.47,30005.37,30398.66,249.7,2026-09-28T20:33:51.630Z,Flash Dump & Instant V-Shape Squeeze
1790627691630,30398.66,30698.19,30119.31,30522.34,396.6,2026-09-28T20:34:51.630Z,Flash Dump & Instant V-Shape Squeeze
1790627751630,30522.34,30941.53,30084.23,30433.8,516.3,2026-09-28T20:35:51.630Z,Flash Dump & Instant V-Shape Squeeze
1790627811630,30433.8,30921.82,30341.97,30408.56,224.8,2026-09-28T20:36:51.630Z,Flash Dump & Instant V-Shape Squeeze
1790627871630,30408.56,30752.55,29621.25,29683.36,573.2,2026-09-28T20:37:51.630Z,Flash Dump & Instant V-Shape Squeeze
1790627931630,29683.36,29713.03,28919.3,29570.1,248.7,2026-09-28T20:38:51.630Z,Flash Dump & Instant V-Shape Squeeze
1790627991630,29570.1,30246.88,29468.76,29696,196.7,2026-09-28T20:39:51.630Z,Flash Dump & Instant V-Shape Squeeze
1790628051630,29696,29987.06,29597.9,29759.78,482.3,2026-09-28T20:40:51.630Z,Flash Dump & Instant V-Shape Squeeze
1790628111630,29759.78,30153.76,29748.49,29882.22,422,2026-09-28T20:41:51.630Z,Flash Dump & Instant V-Shape Squeeze
1790628171630,29882.22,29939.35,29642.17,29839.18,413.7,2026-09-28T20:42:51.630Z,Flash Dump & Instant V-Shape Squeeze
1790628231630,29839.18,30196.78,29552.94,29738.68,214,2026-09-28T20:43:51.630Z,Flash Dump & Instant V-Shape Squeeze
1790628291630,29738.68,29925.27,29482.19,29743.42,161.2,2026-09-28T20:44:51.630Z,Flash Dump & Instant V-Shape Squeeze
1790628351630,29743.42,30042.62,29537.82,29678.89,168.2,2026-09-28T20:45:51.630Z,Flash Dump & Instant V-Shape Squeeze
1790628411630,29678.89,29884.94,29148.29,29749.1,505.7,2026-09-28T20:46:51.630Z,Flash Dump & Instant V-Shape Squeeze
1790628471630,29749.1,29971.46,29675.82,29713.54,306.3,2026-09-28T20:47:51.630Z,Flash Dump & Instant V-Shape Squeeze
1790628531630,29713.54,29921.37,29556.49,29799.49,456.6,2026-09-28T20:48:51.630Z,Flash Dump & Instant V-Shape Squeeze
1790628591630,29799.49,30348.64,29193.31,29820.13,603.7,2026-09-28T20:49:51.630Z,Flash Dump & Instant V-Shape Squeeze
1790628651630,29820.13,29999.89,29085.86,29764.25,405.8,2026-09-28T20:50:51.630Z,Flash Dump & Instant V-Shape Squeeze
1790628711630,29764.25,30085.36,29543.83,29814.22,588,2026-09-28T20:51:51.630Z,Flash Dump & Instant V-Shape Squeeze
1790628771630,29814.22,30014.85,29569.47,29880.1,535.5,2026-09-28T20:52:51.630Z,Flash Dump & Instant V-Shape Squeeze
1790628831630,29880.1,30224.54,28835.36,28898.06,1084.7,2026-09-28T20:53:51.630Z,Flash Dump & Instant V-Shape Squeeze
1790628891630,28898.06,29299.3,28749.18,28985.27,316.1,2026-09-28T20:54:51.630Z,Flash Dump & Instant V-Shape Squeeze
1790628951630,28985.27,29048.36,28736.43,28848.26,440.1,2026-09-28T20:55:51.630Z,Flash Dump & Instant V-Shape Squeeze
1790629011630,28848.26,28929.23,28818.05,28918.87,620,2026-09-28T20:56:51.630Z,Flash Dump & Instant V-Shape Squeeze
1790629071630,28918.87,30231.2,28628.53,29981.16,966.3,2026-09-28T20:57:51.630Z,Flash Dump & Instant V-Shape Squeeze
1790629131630,29981.16,30284.59,29307.2,29809.58,523.9,2026-09-28T20:58:51.630Z,Flash Dump & Instant V-Shape Squeeze
1790629191630,29809.58,29898.56,29654.95,29696.72,362.9,2026-09-28T20:59:51.630Z,Flash Dump & Instant V-Shape Squeeze
1790629251630,29696.72,29891.31,27859.81,28290.59,974.9,2026-09-28T21:00:51.630Z,Flash Dump & Instant V-Shape Squeeze
1790629311630,28290.59,28472.1,27723.8,27770.92,453,2026-09-28T21:01:51.630Z,Flash Dump & Instant V-Shape Squeeze
1790629371630,27770.92,27947.02,27206.13,27308.46,486.3,2026-09-28T21:02:51.630Z,Flash Dump & Instant V-Shape Squeeze
1790629431630,27308.46,28410.62,27093.55,27993.38,928.2,2026-09-28T21:03:51.630Z,Flash Dump & Instant V-Shape Squeeze
1790629491630,27993.38,28047,27431.2,27623.65,793.8,2026-09-28T21:04:51.630Z,Flash Dump & Instant V-Shape Squeeze
1790629551630,27623.65,27969.25,27258.78,27960.49,394.6,2026-09-28T21:05:51.630Z,Flash Dump & Instant V-Shape Squeeze
1790629611630,27960.49,29435.17,27642.01,29021.58,1033.1,2026-09-28T21:06:51.630Z,Flash Dump & Instant V-Shape Squeeze
1790629671630,29021.58,29682.54,28728.15,29167.62,215.8,2026-09-28T21:07:51.630Z,Flash Dump & Instant V-Shape Squeeze
1790629731630,29167.62,29568.74,28937.23,29419.33,391.7,2026-09-28T21:08:51.630Z,Flash Dump & Instant V-Shape Squeeze
1790629791630,29419.33,29882.42,29294.96,29644.55,603.2,2026-09-28T21:09:51.630Z,Flash Dump & Instant V-Shape Squeeze
1790629851630,29644.55,29967.52,29400.96,29862.56,332.1,2026-09-28T21:10:51.630Z,Flash Dump & Instant V-Shape Squeeze
1790629911630,29862.56,30136.81,28787.53,28876.36,885.9,2026-09-28T21:11:51.630Z,Flash Dump & Instant V-Shape Squeeze
1790629971630,28876.36,29207.81,28712.28,29031.23,363,2026-09-28T21:12:51.630Z,Flash Dump & Instant V-Shape Squeeze
1790630031630,29031.23,29559.71,28316.34,29001.6,541.6,2026-09-28T21:13:51.630Z,Flash Dump & Instant V-Shape Squeeze
1790630091630,29001.6,29061.98,27848.75,27954.82,923.4,2026-09-28T21:14:51.630Z,Flash Dump & Instant V-Shape Squeeze
1790630151630,27954.82,27997.26,27685.16,27976.05,503.7,2026-09-28T21:15:51.630Z,Flash Dump & Instant V-Shape Squeeze
1790630211630,27976.05,28104.5,27733.61,27909.23,231,2026-09-28T21:16:51.630Z,Flash Dump & Instant V-Shape Squeeze
1790630271630,27909.23,28279.02,27670.22,27995.69,369.7,2026-09-28T21:17:51.630Z,Flash Dump & Instant V-Shape Squeeze
1790630331630,27995.69,28488.68,27733.62,28089.3,463.2,2026-09-28T21:18:51.630Z,Flash Dump & Instant V-Shape Squeeze
1790630391630,28089.3,28666.16,27574.87,28270.67,640.4,2026-09-28T21:19:51.630Z,Flash Dump & Instant V-Shape Squeeze
1790630451630,28270.67,29207.09,28124.59,29047.22,859.4,2026-09-28T21:20:51.630Z,Flash Dump & Instant V-Shape Squeeze
1790630511630,29047.22,30138.14,28724.76,29640.94,677.6,2026-09-28T21:21:51.630Z,Flash Dump & Instant V-Shape Squeeze
1790630571630,29640.94,31511.29,29592.67,31296.57,1041.8,2026-09-28T21:22:51.630Z,Flash Dump & Instant V-Shape Squeeze
1790630631630,31296.57,31668.13,31049.8,31568.74,620.5,2026-09-28T21:23:51.630Z,Flash Dump & Instant V-Shape Squeeze
1790630691630,31568.74,32254.98,31397.58,32065.42,781.1,2026-09-28T21:24:51.630Z,Flash Dump & Instant V-Shape Squeeze
1790630751630,32065.42,32453.57,31807.38,32418.57,352.9,2026-09-28T21:25:51.630Z,Flash Dump & Instant V-Shape Squeeze
1790630811630,32418.57,33139.52,32415.23,32876.99,745.6,2026-09-28T21:26:51.630Z,Flash Dump & Instant V-Shape Squeeze
1790630871630,32876.99,33243.77,32211.28,32504.14,412.7,2026-09-28T21:27:51.630Z,Flash Dump & Instant V-Shape Squeeze
1790630931630,32504.14,32805.97,32482.7,32765.23,626.9,2026-09-28T21:28:51.630Z,Flash Dump & Instant V-Shape Squeeze
1790630991630,32765.23,33316.76,31235.13,31743.07,935.6,2026-09-28T21:29:51.630Z,Flash Dump & Instant V-Shape Squeeze
1790631051630,31743.07,31970.78,31715.16,31854.65,318.7,2026-09-28T21:30:51.630Z,Flash Dump & Instant V-Shape Squeeze
1790631111630,31854.65,32509.95,31789.59,32171.34,612.9,2026-09-28T21:31:51.630Z,Flash Dump & Instant V-Shape Squeeze
1790631171630,32171.34,32510.83,31962.36,32256.64,553.7,2026-09-28T21:32:51.630Z,Flash Dump & Instant V-Shape Squeeze
1790631231630,32256.64,32889.01,32149.28,32411.98,321.6,2026-09-28T21:33:51.630Z,Flash Dump & Instant V-Shape Squeeze
1790631291630,32411.98,32603.18,32350.91,32391.66,502.7,2026-09-28T21:34:51.630Z,Flash Dump & Instant V-Shape Squeeze
1790631351630,32391.66,32675.93,31987.8,32607.99,294.6,2026-09-28T21:35:51.630Z,Flash Dump & Instant V-Shape Squeeze
1790631411630,32607.99,32754.03,32366.85,32735.35,248.1,2026-09-28T21:36:51.630Z,Flash Dump & Instant V-Shape Squeeze
1790631471630,32735.35,32997.42,32589.36,32932.59,677.4,2026-09-28T21:37:51.630Z,Flash Dump & Instant V-Shape Squeeze
1790631531630,32932.59,33059.34,32507.17,33004.43,179.5,2026-09-28T21:38:51.630Z,Flash Dump & Instant V-Shape Squeeze
1790631591630,33004.43,33063.73,32804.89,32912.34,160.3,2026-09-28T21:39:51.630Z,Flash Dump & Instant V-Shape Squeeze
1790631651630,32912.34,33178.29,32644.34,32882.08,440.5,2026-09-28T21:40:51.630Z,Flash Dump & Instant V-Shape Squeeze
1790631711630,32882.08,33643.74,32825.45,32993.58,184.1,2026-09-28T21:41:51.630Z,Flash Dump & Instant V-Shape Squeeze
1790631771630,32993.58,33149.47,32197.12,32226.01,764.1,2026-09-28T21:42:51.630Z,Flash Dump & Instant V-Shape Squeeze
1790631831630,32226.01,32230.55,31112.62,31675.36,527.3,2026-09-28T21:43:51.630Z,Flash Dump & Instant V-Shape Squeeze
1790631891630,31675.36,32684.45,31611.45,32131.09,334.9,2026-09-28T21:44:51.630Z,Flash Dump & Instant V-Shape Squeeze
1790631951630,32131.09,32456.35,31257,31692.2,678.2,2026-09-28T21:45:51.630Z,Flash Dump & Instant V-Shape Squeeze
1790632011630,31692.2,31884.11,30785.23,31144.98,453.3,2026-09-28T21:46:51.630Z,Flash Dump & Instant V-Shape Squeeze
1790632071630,31144.98,31300.06,30596.36,30779.34,715.8,2026-09-28T21:47:51.630Z,Flash Dump & Instant V-Shape Squeeze
1790632131630,30779.34,30791.97,30262.88,30605.39,201.1,2026-09-28T21:48:51.630Z,Flash Dump & Instant V-Shape Squeeze
1790632191630,30605.39,31457.44,30015.37,31440.02,951.2,2026-09-28T21:49:51.630Z,Flash Dump & Instant V-Shape Squeeze
1790632251630,31440.02,31828.03,30888.52,31388.18,170.6,2026-09-28T21:50:51.630Z,Flash Dump & Instant V-Shape Squeeze
1790632311630,31388.18,31496.86,30562.95,31325.53,582.7,2026-09-28T21:51:51.630Z,Flash Dump & Instant V-Shape Squeeze
1790632371630,31325.53,31390.16,31310.92,31314.92,303.2,2026-09-28T21:52:51.630Z,Flash Dump & Instant V-Shape Squeeze
1790632431630,31314.92,31578.02,30801.3,31198.92,369.3,2026-09-28T21:53:51.630Z,Flash Dump & Instant V-Shape Squeeze
1790632491630,31198.92,31523.32,31182.03,31224.3,238.7,2026-09-28T21:54:51.630Z,Flash Dump & Instant V-Shape Squeeze
1790632551630,31224.3,31380.02,31008.64,31253.65,599.5,2026-09-28T21:55:51.630Z,Flash Dump & Instant V-Shape Squeeze
1790632611630,31253.65,31852.05,30981.27,31272.43,211.7,2026-09-28T21:56:51.630Z,Flash Dump & Instant V-Shape Squeeze
1790632671630,31272.43,31800.52,31084.84,31207.09,330.9,2026-09-28T21:57:51.630Z,Flash Dump & Instant V-Shape Squeeze
1790632731630,31207.09,31474.45,30714.82,31105.9,461.5,2026-09-28T21:58:51.630Z,Flash Dump & Instant V-Shape Squeeze
1790632791630,31105.9,32203.17,31021,32183.85,876,2026-09-28T21:59:51.630Z,Flash Dump & Instant V-Shape Squeeze
1790632851630,32183.85,33175.84,31772.92,32942.25,699.2,2026-09-28T22:00:51.630Z,Flash Dump & Instant V-Shape Squeeze
1790632911630,32942.25,33674.1,32841.33,33496.05,437.6,2026-09-28T22:01:51.630Z,Flash Dump & Instant V-Shape Squeeze
1790632971630,33496.05,34560.13,33189.73,34091.79,654.4,2026-09-28T22:02:51.630Z,Flash Dump & Instant V-Shape Squeeze
1790633031630,34091.79,34646.26,33881.59,34522.85,369.8,2026-09-28T22:03:51.630Z,Flash Dump & Instant V-Shape Squeeze
1790633091630,34522.85,35162.52,34367.62,35139.52,507.7,2026-09-28T22:04:51.630Z,Flash Dump & Instant V-Shape Squeeze
1790633151630,35139.52,35792.99,34921.4,35710.44,678.5,2026-09-28T22:05:51.630Z,Flash Dump & Instant V-Shape Squeeze
1790633211630,35710.44,36451.52,35230.6,36092.61,535.9,2026-09-28T22:06:51.630Z,Flash Dump & Instant V-Shape Squeeze
1790633271630,36092.61,36631.68,35644.05,36522.95,420.2,2026-09-28T22:07:51.630Z,Flash Dump & Instant V-Shape Squeeze
1790633331630,36522.95,37044,36154.57,36744.09,272.8,2026-09-28T22:08:51.630Z,Flash Dump & Instant V-Shape Squeeze
1790633391630,36744.09,37649.08,36551,37048.39,311.9,2026-09-28T22:09:51.630Z,Flash Dump & Instant V-Shape Squeeze
1790633451630,37048.39,37843.93,35824.43,36212.4,686.3,2026-09-28T22:10:51.630Z,Flash Dump & Instant V-Shape Squeeze
1790633511630,36212.4,36402.38,34920.44,35318.19,539.7,2026-09-28T22:11:51.630Z,Flash Dump & Instant V-Shape Squeeze
1790633571630,35318.19,35521.55,34378.69,34836.42,357,2026-09-28T22:12:51.630Z,Flash Dump & Instant V-Shape Squeeze
1790633631630,34836.42,34987.58,34034.36,34349.75,397.9,2026-09-28T22:13:51.630Z,Flash Dump & Instant V-Shape Squeeze
1790633691630,34349.75,34522.82,33814.48,34110.8,634.1,2026-09-28T22:14:51.630Z,Flash Dump & Instant V-Shape Squeeze
1790633751630,34110.8,34454.66,33495.48,33887.03,569.3,2026-09-28T22:15:51.630Z,Flash Dump & Instant V-Shape Squeeze
1790633811630,33887.03,34125.09,33248.02,33490.15,289.6,2026-09-28T22:16:51.630Z,Flash Dump & Instant V-Shape Squeeze
1790633871630,33490.15,33813.38,32865.29,33135.57,362.8,2026-09-28T22:17:51.630Z,Flash Dump & Instant V-Shape Squeeze
1790633931630,33135.57,33302.56,32346.7,33087.29,145.5,2026-09-28T22:18:51.630Z,Flash Dump & Instant V-Shape Squeeze
1790633991630,33087.29,33365.3,32596.44,32809.75,492.5,2026-09-28T22:19:51.630Z,Flash Dump & Instant V-Shape Squeeze
1790634051630,32809.75,33585.39,32538.11,33206.15,407,2026-09-28T22:20:51.630Z,Flash Dump & Instant V-Shape Squeeze
1790634111630,33206.15,33733.96,32590.63,33523.19,657.8,2026-09-28T22:21:51.630Z,Flash Dump & Instant V-Shape Squeeze
1790634171630,33523.19,34145.04,33261.94,33952.86,665,2026-09-28T22:22:51.630Z,Flash Dump & Instant V-Shape Squeeze
1790634231630,33952.86,34453.59,33833.86,34078.04,220.8,2026-09-28T22:23:51.630Z,Flash Dump & Instant V-Shape Squeeze
1790634291630,34078.04,34253.71,34077.74,34191.5,462.1,2026-09-28T22:24:51.630Z,Flash Dump & Instant V-Shape Squeeze
1790634351630,34191.5,34405.31,33921.92,34224.53,432.2,2026-09-28T22:25:51.630Z,Flash Dump & Instant V-Shape Squeeze
1790634411630,34224.53,34562,34082.4,34405.21,223,2026-09-28T22:26:51.630Z,Flash Dump & Instant V-Shape Squeeze
1790634471630,34405.21,34717.6,33735.73,34516.2,267.9,2026-09-28T22:27:51.630Z,Flash Dump & Instant V-Shape Squeeze
1790634531630,34516.2,35095.03,34451.86,34616.93,189.7,2026-09-28T22:28:51.630Z,Flash Dump & Instant V-Shape Squeeze
1790634591630,34616.93,36306.86,34313.58,36226.04,949.8,2026-09-28T22:29:51.630Z,Flash Dump & Instant V-Shape Squeeze
1790634651630,36226.04,36564.89,36056.3,36447.33,344.9,2026-09-28T22:30:51.630Z,Flash Dump & Instant V-Shape Squeeze
1790634711630,36447.33,37009.49,36425.94,36641.11,563.2,2026-09-28T22:31:51.630Z,Flash Dump & Instant V-Shape Squeeze
1790634771630,36641.11,37111.73,36406.28,36910.58,533.1,2026-09-28T22:32:51.630Z,Flash Dump & Instant V-Shape Squeeze
1790634831630,36910.58,37337.22,36898.12,37144.71,603.8,2026-09-28T22:33:51.630Z,Flash Dump & Instant V-Shape Squeeze
1790634891630,37144.71,37311.57,36798.14,37153.37,149.4,2026-09-28T22:34:51.630Z,Flash Dump & Instant V-Shape Squeeze
1790634951630,37153.37,38325.6,36902.34,38034.31,861,2026-09-28T22:35:51.630Z,Flash Dump & Instant V-Shape Squeeze
1790635011630,38034.31,39099.04,37853.87,38552.92,697.5,2026-09-28T22:36:51.630Z,Flash Dump & Instant V-Shape Squeeze
1790635071630,38552.92,39543.94,38464.38,39223.24,662.3,2026-09-28T22:37:51.630Z,Flash Dump & Instant V-Shape Squeeze
1790635131630,39223.24,39859.6,38827.62,39616.3,617.6,2026-09-28T22:38:51.630Z,Flash Dump & Instant V-Shape Squeeze
1790635191630,39616.3,40355.23,39574.49,40101.86,554.9,2026-09-28T22:39:51.630Z,Flash Dump & Instant V-Shape Squeeze
1790635251630,40101.86,40738.05,39506.54,40730.6,338.2,2026-09-28T22:40:51.630Z,Flash Dump & Instant V-Shape Squeeze
1790635311630,40730.6,41638.45,40584.1,41449.58,566,2026-09-28T22:41:51.630Z,Flash Dump & Instant V-Shape Squeeze
1790635371630,41449.58,41895.05,40507.99,40911.53,376.8,2026-09-28T22:42:51.630Z,Flash Dump & Instant V-Shape Squeeze
1790635431630,40911.53,42393.32,40797.23,41622.07,503.7,2026-09-28T22:43:51.630Z,Flash Dump & Instant V-Shape Squeeze
1790635491630,41622.07,41761.74,40126.87,40386.11,700.4,2026-09-28T22:44:51.630Z,Flash Dump & Instant V-Shape Squeeze
1790635551630,40386.11,40527.76,39493.02,39549.9,838.5,2026-09-28T22:45:51.630Z,Flash Dump & Instant V-Shape Squeeze
1790635611630,39549.9,39763.78,37935.89,38618.58,760.2,2026-09-28T22:46:51.630Z,Flash Dump & Instant V-Shape Squeeze
1790635671630,38618.58,38744.47,38485.02,38518.07,192.7,2026-09-28T22:47:51.630Z,Flash Dump & Instant V-Shape Squeeze
1790635731630,38518.07,38996.85,37604.24,37815.78,520.2,2026-09-28T22:48:51.630Z,Flash Dump & Instant V-Shape Squeeze
1790635791630,37815.78,38073.89,35645.07,35912.74,1090.7,2026-09-28T22:49:51.630Z,Flash Dump & Instant V-Shape Squeeze
1790635851630,35912.74,36227.35,35501.49,35719.02,601.5,2026-09-28T22:50:51.630Z,Flash Dump & Instant V-Shape Squeeze
1790635911630,35719.02,36688.65,35030.64,36419.17,501.4,2026-09-28T22:51:51.630Z,Flash Dump & Instant V-Shape Squeeze
1790635971630,36419.17,36785.95,35788.08,36150.01,375.4,2026-09-28T22:52:51.630Z,Flash Dump & Instant V-Shape Squeeze
1790636031630,36150.01,36741.25,35449.18,35735.21,385.1,2026-09-28T22:53:51.630Z,Flash Dump & Instant V-Shape Squeeze
1790636091630,35735.21,36382.59,34762.61,35441.84,463,2026-09-28T22:54:51.630Z,Flash Dump & Instant V-Shape Squeeze
1790636151630,35441.84,35462.83,34807.67,35426.03,152.9,2026-09-28T22:55:51.630Z,Flash Dump & Instant V-Shape Squeeze
1790636211630,35426.03,35610.99,34098.58,34478.84,915.9,2026-09-28T22:56:51.630Z,Flash Dump & Instant V-Shape Squeeze
1790636271630,34478.84,34552.53,34065.64,34523.04,548.1,2026-09-28T22:57:51.630Z,Flash Dump & Instant V-Shape Squeeze
1790636331630,34523.04,35376.39,34420.88,34484.22,272.4,2026-09-28T22:58:51.630Z,Flash Dump & Instant V-Shape Squeeze
1790636391630,34484.22,35008.41,33936.96,34316.86,313.9,2026-09-28T22:59:51.630Z,Flash Dump & Instant V-Shape Squeeze
1790636451630,34316.86,34898.29,33166.92,33731.5,679.7,2026-09-28T23:00:51.630Z,Flash Dump & Instant V-Shape Squeeze
1790636511630,33731.5,34003.07,32856.66,33221.75,462.7,2026-09-28T23:01:51.630Z,Flash Dump & Instant V-Shape Squeeze
1790636571630,33221.75,33540.58,32575.89,32840.1,588,2026-09-28T23:02:51.630Z,Flash Dump & Instant V-Shape Squeeze
1790636631630,32840.1,32872.21,32626.28,32714.34,185.3,2026-09-28T23:03:51.630Z,Flash Dump & Instant V-Shape Squeeze
1790636691630,32714.34,33274.03,32372.36,32625.21,468.4,2026-09-28T23:04:51.630Z,Flash Dump & Instant V-Shape Squeeze
1790636751630,32625.21,32713.72,31810.95,32318.72,542.6,2026-09-28T23:05:51.630Z,Flash Dump & Instant V-Shape Squeeze
1790636811630,32318.72,33040.6,31724.04,32056.74,547.2,2026-09-28T23:06:51.630Z,Flash Dump & Instant V-Shape Squeeze
1790636871630,32056.74,32541.06,31682.18,31720.19,496.2,2026-09-28T23:07:51.630Z,Flash Dump & Instant V-Shape Squeeze
1790636931630,31720.19,31842.94,30685.72,30896.28,790.5,2026-09-28T23:08:51.630Z,Flash Dump & Instant V-Shape Squeeze
1790636991630,30896.28,30925.43,29610.76,30233.35,522.6,2026-09-28T23:09:51.630Z,Flash Dump & Instant V-Shape Squeeze
1790637051630,30233.35,30272.36,29414.5,29490.25,600.6,2026-09-28T23:10:51.630Z,Flash Dump & Instant V-Shape Squeeze
1790637111630,29490.25,29661.98,28480.55,28845.36,830.3,2026-09-28T23:11:51.630Z,Flash Dump & Instant V-Shape Squeeze
1790637171630,28845.36,28947.08,28501.79,28544.79,574.6,2026-09-28T23:12:51.630Z,Flash Dump & Instant V-Shape Squeeze
1790637231630,28544.79,28762.96,27931.69,28096.09,715.9,2026-09-28T23:13:51.630Z,Flash Dump & Instant V-Shape Squeeze
1790637291630,28096.09,28234.75,27238.21,27703.06,650.2,2026-09-28T23:14:51.630Z,Flash Dump & Instant V-Shape Squeeze
1790637351630,27703.06,27848.62,26806.78,27354.41,583.8,2026-09-28T23:15:51.630Z,Flash Dump & Instant V-Shape Squeeze
1790637411630,27354.41,27511.42,26323.63,26611.28,680.5,2026-09-28T23:16:51.630Z,Flash Dump & Instant V-Shape Squeeze
1790637471630,26611.28,26917.59,26164.53,26302.84,436.4,2026-09-28T23:17:51.630Z,Flash Dump & Instant V-Shape Squeeze
1790637531630,26302.84,26917.19,25733.32,26088.2,427.3,2026-09-28T23:18:51.630Z,Flash Dump & Instant V-Shape Squeeze
1790637591630,26088.2,26497.66,25542.95,25940.64,251.4,2026-09-28T23:19:51.630Z,Flash Dump & Instant V-Shape Squeeze
1790637651630,25940.64,25995.45,25492.84,25921.49,511.3,2026-09-28T23:20:51.630Z,Flash Dump & Instant V-Shape Squeeze
1790637711630,25921.49,25985.53,25672.31,25943.63,178.1,2026-09-28T23:21:51.630Z,Flash Dump & Instant V-Shape Squeeze
1790637771630,25943.63,26068.63,25705.09,25783.08,358.1,2026-09-28T23:22:51.630Z,Flash Dump & Instant V-Shape Squeeze
1790637831630,25783.08,25790.01,24523.77,24779.93,896.2,2026-09-28T23:23:51.630Z,Flash Dump & Instant V-Shape Squeeze
1790637891630,24779.93,24914.49,24393.74,24643.49,540.2,2026-09-28T23:24:51.630Z,Flash Dump & Instant V-Shape Squeeze
1790637951630,24643.49,24767.87,24239,24594.25,384.4,2026-09-28T23:25:51.630Z,Flash Dump & Instant V-Shape Squeeze
1790638011630,24594.25,24749.58,24009.48,24658.95,391.9,2026-09-28T23:26:51.630Z,Flash Dump & Instant V-Shape Squeeze
1790638071630,24658.95,24898.39,24620.6,24735.89,215.4,2026-09-28T23:27:51.630Z,Flash Dump & Instant V-Shape Squeeze
1790638131630,24735.89,24785.21,24678.7,24680.11,424.4,2026-09-28T23:28:51.630Z,Flash Dump & Instant V-Shape Squeeze
1790638191630,24680.11,24817.04,24533.27,24716.53,595.1,2026-09-28T23:29:51.630Z,Flash Dump & Instant V-Shape Squeeze
1790638251630,24716.53,24866.39,24335.36,24371.62,687.5,2026-09-28T23:30:51.630Z,Flash Dump & Instant V-Shape Squeeze
1790638311630,24371.62,24769.71,24182.82,24368.74,598.1,2026-09-28T23:31:51.630Z,Flash Dump & Instant V-Shape Squeeze
1790638371630,24368.74,24779.92,23357.34,23618.31,710.5,2026-09-28T23:32:51.630Z,Flash Dump & Instant V-Shape Squeeze
1790638431630,23618.31,23852.87,22757.54,22984.88,810.1,2026-09-28T23:33:51.630Z,Flash Dump & Instant V-Shape Squeeze
1790638491630,22984.88,23200.97,22298.88,22656.06,796,2026-09-28T23:34:51.630Z,Flash Dump & Instant V-Shape Squeeze
1790638551630,22656.06,22854.45,22166.71,22392.03,448.7,2026-09-28T23:35:51.630Z,Flash Dump & Instant V-Shape Squeeze
1790638611630,22392.03,23462.88,22204.9,23119.15,1029.5,2026-09-28T23:36:51.630Z,Flash Dump & Instant V-Shape Squeeze
1790638671630,23119.15,23130.88,22805.45,22976.95,253.6,2026-09-28T23:37:51.630Z,Flash Dump & Instant V-Shape Squeeze
1790638731630,22976.95,23124.22,22304.2,22771.76,356.9,2026-09-28T23:38:51.630Z,Flash Dump & Instant V-Shape Squeeze
1790638791630,22771.76,22947.39,22672.8,22711.56,204.1,2026-09-28T23:39:51.630Z,Flash Dump & Instant V-Shape Squeeze
1790638851630,22711.56,23350.65,22693.46,23280.52,633.2,2026-09-28T23:40:51.630Z,Flash Dump & Instant V-Shape Squeeze
1790638911630,23280.52,23990.66,23119.4,23623.9,650.4,2026-09-28T23:41:51.630Z,Flash Dump & Instant V-Shape Squeeze
1790638971630,23623.9,24202.81,23354.36,24036.99,801.8,2026-09-28T23:42:51.630Z,Flash Dump & Instant V-Shape Squeeze
1790639031630,24036.99,24680.57,23848.84,24399.35,595.6,2026-09-28T23:43:51.630Z,Flash Dump & Instant V-Shape Squeeze
1790639091630,24399.35,24910.36,24095.06,24685.27,735,2026-09-28T23:44:51.630Z,Flash Dump & Instant V-Shape Squeeze
1790639151630,24685.27,24854.96,23888.32,24025.01,617.3,2026-09-28T23:45:51.630Z,Flash Dump & Instant V-Shape Squeeze
1790639211630,24025.01,24501.72,23953.99,24361.03,773.5,2026-09-28T23:46:51.630Z,Flash Dump & Instant V-Shape Squeeze
1790639271630,24361.03,24797.22,24038.77,24076.41,507.3,2026-09-28T23:47:51.630Z,Flash Dump & Instant V-Shape Squeeze
1790639331630,24076.41,24353.83,23669.45,24346.34,503.7,2026-09-28T23:48:51.630Z,Flash Dump & Instant V-Shape Squeeze
1790639391630,24346.34,24533.04,24239.87,24400.02,487.9,2026-09-28T23:49:51.630Z,Flash Dump & Instant V-Shape Squeeze
1790639451630,24400.02,25662.3,24319.89,25404.26,870.6,2026-09-28T23:50:51.630Z,Flash Dump & Instant V-Shape Squeeze
1790639511630,25404.26,25881.71,25380.13,25668.4,372.9,2026-09-28T23:51:51.630Z,Flash Dump & Instant V-Shape Squeeze
1790639571630,25668.4,26095.21,25071.86,25806.75,649.3,2026-09-28T23:52:51.630Z,Flash Dump & Instant V-Shape Squeeze
1790639631630,25806.75,25820.45,24707.43,24963.57,751.1,2026-09-28T23:53:51.630Z,Flash Dump & Instant V-Shape Squeeze
1790639691630,24963.57,25719.62,24558.12,25222.79,636.5,2026-09-28T23:54:51.630Z,Flash Dump & Instant V-Shape Squeeze
1790639751630,25222.79,25537.89,25204.53,25403.97,534.7,2026-09-28T23:55:51.630Z,Flash Dump & Instant V-Shape Squeeze
1790639811630,25403.97,26078.83,25182.91,25507.16,561.9,2026-09-28T23:56:51.630Z,Flash Dump & Instant V-Shape Squeeze
1790639871630,25507.16,26447.11,25198.14,26338.5,980.9,2026-09-28T23:57:51.630Z,Flash Dump & Instant V-Shape Squeeze
1790639931630,26338.5,26554.18,26244.99,26407,333.8,2026-09-28T23:58:51.630Z,Flash Dump & Instant V-Shape Squeeze
1790639991630,26407,26828.53,25241.26,25417.75,738.2,2026-09-28T23:59:51.630Z,Flash Dump & Instant V-Shape Squeeze
1790640051630,25417.75,25582.46,25303.42,25462.79,345.5,2026-09-29T00:00:51.630Z,Flash Dump & Instant V-Shape Squeeze
1790640111630,25462.79,25613.87,25316.29,25567.19,349,2026-09-29T00:01:51.630Z,Flash Dump & Instant V-Shape Squeeze
1790640171630,25567.19,26212.39,25320.52,26162.6,616.3,2026-09-29T00:02:51.630Z,Flash Dump & Instant V-Shape Squeeze
1790640231630,26162.6,26689.74,26032.14,26054.59,346.4,2026-09-29T00:03:51.630Z,Flash Dump & Instant V-Shape Squeeze
1790640291630,26054.59,26775.49,25839.39,26607.4,578,2026-09-29T00:04:51.630Z,Flash Dump & Instant V-Shape Squeeze
1790640351630,26607.4,27407.61,26254.18,27189.65,558,2026-09-29T00:05:51.630Z,Flash Dump & Instant V-Shape Squeeze
1790640411630,27189.65,27946.39,27121.59,27795.09,710.5,2026-09-29T00:06:51.630Z,Flash Dump & Instant V-Shape Squeeze
1790640471630,27795.09,28763.5,27265.01,28191.41,725.9,2026-09-29T00:07:51.630Z,Flash Dump & Instant V-Shape Squeeze
1790640531630,28191.41,28312.46,27407.44,27547.14,579.6,2026-09-29T00:08:51.630Z,Flash Dump & Instant V-Shape Squeeze
1790640591630,27547.14,27839.46,27461.23,27838.53,330.5,2026-09-29T00:09:51.630Z,Flash Dump & Instant V-Shape Squeeze
1790640651630,27838.53,28651.46,27627.28,28276.89,719.1,2026-09-29T00:10:51.630Z,Flash Dump & Instant V-Shape Squeeze
1790640711630,28276.89,28665.96,27717.14,27816.3,456,2026-09-29T00:11:51.630Z,Flash Dump & Instant V-Shape Squeeze
1790640771630,27816.3,28413.9,26987.75,27286,841.6,2026-09-29T00:12:51.630Z,Flash Dump & Instant V-Shape Squeeze
1790640831630,27286,27406.14,26570.32,26818.03,856.7,2026-09-29T00:13:51.630Z,Flash Dump & Instant V-Shape Squeeze
1790640891630,26818.03,27129.72,26581.36,26724.95,369.1,2026-09-29T00:14:51.630Z,Flash Dump & Instant V-Shape Squeeze
1790640951630,26724.95,27714.63,26304.94,27518.26,1041.9,2026-09-29T00:15:51.630Z,Flash Dump & Instant V-Shape Squeeze
1790641011630,27518.26,28537.29,27495.58,28045.19,547.4,2026-09-29T00:16:51.630Z,Flash Dump & Instant V-Shape Squeeze
1790641071630,28045.19,28139.73,27201.85,27668.36,475.2,2026-09-29T00:17:51.630Z,Flash Dump & Instant V-Shape Squeeze
1790641131630,27668.36,28235.32,27444.12,28100.03,370,2026-09-29T00:18:51.630Z,Flash Dump & Instant V-Shape Squeeze
1790641191630,28100.03,28421.73,27967.06,28392.46,491.9,2026-09-29T00:19:51.630Z,Flash Dump & Instant V-Shape Squeeze
1790641251630,28392.46,28774.83,28376.04,28742.54,401.9,2026-09-29T00:20:51.630Z,Flash Dump & Instant V-Shape Squeeze
1790641311630,28742.54,29976.97,28724.4,29786.5,813.3,2026-09-29T00:21:51.630Z,Flash Dump & Instant V-Shape Squeeze
1790641371630,29786.5,29876.81,29446.8,29856.96,402,2026-09-29T00:22:51.630Z,Flash Dump & Instant V-Shape Squeeze
1790641431630,29856.96,30047.24,29770.24,29918.54,148.9,2026-09-29T00:23:51.630Z,Flash Dump & Instant V-Shape Squeeze
1790641491630,29918.54,30166.57,29444.23,29978.46,395,2026-09-29T00:24:51.630Z,Flash Dump & Instant V-Shape Squeeze
1790641551630,29978.46,30105.01,29256.7,29285.11,638,2026-09-29T00:25:51.630Z,Flash Dump & Instant V-Shape Squeeze
1790641611630,29285.11,29493.7,28536.96,28574.15,673.6,2026-09-29T00:26:51.630Z,Flash Dump & Instant V-Shape Squeeze
1790641671630,28574.15,28662.65,27805.51,27996.74,656.2,2026-09-29T00:27:51.630Z,Flash Dump & Instant V-Shape Squeeze
1790641731630,27996.74,28506.95,27027.37,27567.68,445.7,2026-09-29T00:28:51.630Z,Flash Dump & Instant V-Shape Squeeze
1790641791630,27567.68,27781.12,27022.49,27098.25,824.4,2026-09-29T00:29:51.630Z,Flash Dump & Instant V-Shape Squeeze
1790641851630,27098.25,27345.56,26507.7,26811.23,293.2,2026-09-29T00:30:51.630Z,Flash Dump & Instant V-Shape Squeeze
1790641911630,26811.23,27089.62,26077.92,26433.94,783,2026-09-29T00:31:51.630Z,Flash Dump & Instant V-Shape Squeeze
1790641971630,26433.94,26448.34,25745.88,26063.48,367,2026-09-29T00:32:51.630Z,Flash Dump & Instant V-Shape Squeeze
1790642031630,26063.48,26422.71,25414.98,25870.07,429.2,2026-09-29T00:33:51.630Z,Flash Dump & Instant V-Shape Squeeze
1790642091630,25870.07,25910.42,24625.21,25018.61,826.3,2026-09-29T00:34:51.630Z,Flash Dump & Instant V-Shape Squeeze
1790642151630,25018.61,25181.5,23408.87,23492.87,1309.8,2026-09-29T00:35:51.630Z,Flash Dump & Instant V-Shape Squeeze
1790642211630,23492.87,23727.83,22522.5,22960.22,807.7,2026-09-29T00:36:51.630Z,Flash Dump & Instant V-Shape Squeeze
1790642271630,22960.22,23165.13,21837.26,22363.94,573.6,2026-09-29T00:37:51.630Z,Flash Dump & Instant V-Shape Squeeze
1790642331630,22363.94,23043.12,22159.14,22895.66,759.1,2026-09-29T00:38:51.630Z,Flash Dump & Instant V-Shape Squeeze
1790642391630,22895.66,22899.46,22273.16,22438.79,414.7,2026-09-29T00:39:51.630Z,Flash Dump & Instant V-Shape Squeeze
1790642451630,22438.79,22659.84,21901.06,22112.25,618.2,2026-09-29T00:40:51.630Z,Flash Dump & Instant V-Shape Squeeze
1790642511630,22112.25,22255.96,21783.72,21874.98,692.9,2026-09-29T00:41:51.630Z,Flash Dump & Instant V-Shape Squeeze
1790642571630,21874.98,22158.81,21444.38,21588.24,390.5,2026-09-29T00:42:51.630Z,Flash Dump & Instant V-Shape Squeeze
1790642631630,21588.24,21717.45,21029.36,21358.86,694.4,2026-09-29T00:43:51.630Z,Flash Dump & Instant V-Shape Squeeze
1790642691630,21358.86,21888.26,21302.38,21852.89,931.8,2026-09-29T00:44:51.630Z,Flash Dump & Instant V-Shape Squeeze
1790642751630,21852.89,23744.04,21774.28,23368.68,1562,2026-09-29T00:45:51.630Z,Flash Dump & Instant V-Shape Squeeze
1790642811630,23368.68,23804.59,23197.27,23739.56,822.3,2026-09-29T00:46:51.630Z,Flash Dump & Instant V-Shape Squeeze
1790642871630,23739.56,24001.4,22294.68,22369.42,1339.5,2026-09-29T00:47:51.630Z,Flash Dump & Instant V-Shape Squeeze
1790642931630,22369.42,22457.41,21892.2,22086.84,289.7,2026-09-29T00:48:51.630Z,Flash Dump & Instant V-Shape Squeeze
1790642991630,22086.84,22764.21,21762.1,22584.63,442.1,2026-09-29T00:49:51.630Z,Flash Dump & Instant V-Shape Squeeze
1790643051630,22584.63,22656.24,21931.91,22015.15,687.6,2026-09-29T00:50:51.630Z,Flash Dump & Instant V-Shape Squeeze
1790643111630,22015.15,22182.69,21484.63,21505.68,552.2,2026-09-29T00:51:51.630Z,Flash Dump & Instant V-Shape Squeeze
1790643171630,21505.68,21855.63,20699.5,21042.38,583.2,2026-09-29T00:52:51.630Z,Flash Dump & Instant V-Shape Squeeze
1790643231630,21042.38,21334.9,20528.33,20593.52,917.1,2026-09-29T00:53:51.630Z,Flash Dump & Instant V-Shape Squeeze
1790643291630,20593.52,20929.45,19513.16,19654.37,844.6,2026-09-29T00:54:51.630Z,Flash Dump & Instant V-Shape Squeeze
1790643351630,19654.37,19756.65,19277.77,19477.13,680.1,2026-09-29T00:55:51.630Z,Flash Dump & Instant V-Shape Squeeze
1790643411630,19477.13,19836.98,19234.15,19348.39,297.2,2026-09-29T00:56:51.630Z,Flash Dump & Instant V-Shape Squeeze
1790643471630,19348.39,19547.03,18917.86,19140.07,474,2026-09-29T00:57:51.630Z,Flash Dump & Instant V-Shape Squeeze
1790643531630,19140.07,20582.79,18912.15,20581.02,1425.5,2026-09-29T00:58:51.630Z,Flash Dump & Instant V-Shape Squeeze
1790643591630,20581.02,21419.07,20172.2,21181.73,891.2,2026-09-29T00:59:51.630Z,Flash Dump & Instant V-Shape Squeeze
1790643651630,21181.73,21818.7,21119.27,21691.16,946.4,2026-09-29T01:00:51.630Z,Flash Dump & Instant V-Shape Squeeze
1790643711630,21691.16,22492.24,21673.23,22126.28,406.4,2026-09-29T01:01:51.630Z,Flash Dump & Instant V-Shape Squeeze
1790643771630,22126.28,22603.81,22107.46,22499.64,829.3,2026-09-29T01:02:51.630Z,Flash Dump & Instant V-Shape Squeeze
1790643831630,22499.64,22903.14,22383.65,22798.91,537.9,2026-09-29T01:03:51.630Z,Flash Dump & Instant V-Shape Squeeze
1790643891630,22798.91,23205.26,22564.56,22616.28,270.3,2026-09-29T01:04:51.630Z,Flash Dump & Instant V-Shape Squeeze
1790643951630,22616.28,22953.77,22550.18,22763.13,410.3,2026-09-29T01:05:51.630Z,Flash Dump & Instant V-Shape Squeeze
1790644011630,22763.13,22894.73,22574.9,22814.81,517.9,2026-09-29T01:06:51.630Z,Flash Dump & Instant V-Shape Squeeze
1790644071630,22814.81,23086.09,22664,22922.39,295.2,2026-09-29T01:07:51.630Z,Flash Dump & Instant V-Shape Squeeze
1790644131630,22922.39,23273.41,22632.15,23160.2,420.7,2026-09-29T01:08:51.630Z,Flash Dump & Instant V-Shape Squeeze
1790644191630,23160.2,23717.08,22939.47,23311.15,228.5,2026-09-29T01:09:51.630Z,Flash Dump & Instant V-Shape Squeeze
1790644251630,23311.15,24222.46,23290.06,23914.35,664.2,2026-09-29T01:10:51.630Z,Flash Dump & Instant V-Shape Squeeze
1790644311630,23914.35,24604.51,23785.94,24464.98,532.9,2026-09-29T01:11:51.630Z,Flash Dump & Instant V-Shape Squeeze
1790644371630,24464.98,25110.78,24241.07,24861.52,547.9,2026-09-29T01:12:51.630Z,Flash Dump & Instant V-Shape Squeeze
1790644431630,24861.52,25551.37,24810.27,25364.51,879.7,2026-09-29T01:13:51.630Z,Flash Dump & Instant V-Shape Squeeze
1790644491630,25364.51,25503.04,24540.18,24748.45,556.7,2026-09-29T01:14:51.630Z,Flash Dump & Instant V-Shape Squeeze
1790644551630,24748.45,25672.46,24664.32,25176.41,506.3,2026-09-29T01:15:51.630Z,Flash Dump & Instant V-Shape Squeeze
1790644611630,25176.41,25600.69,25042.77,25459.43,568.1,2026-09-29T01:16:51.630Z,Flash Dump & Instant V-Shape Squeeze
1790644671630,25459.43,25951.89,25314.58,25811.03,690.2,2026-09-29T01:17:51.630Z,Flash Dump & Instant V-Shape Squeeze
1790644731630,25811.03,26335.16,25628.29,25980.75,471.5,2026-09-29T01:18:51.630Z,Flash Dump & Instant V-Shape Squeeze
1790644791630,25980.75,26391.22,25882.54,26147.65,536.8,2026-09-29T01:19:51.630Z,Flash Dump & Instant V-Shape Squeeze
1790644851630,26147.65,27105.23,25627.98,26977,1003.2,2026-09-29T01:20:51.630Z,Flash Dump & Instant V-Shape Squeeze
1790644911630,26977,27853.22,26693.01,27826.35,814.6,2026-09-29T01:21:51.630Z,Flash Dump & Instant V-Shape Squeeze
1790644971630,27826.35,28680.2,27372.83,28274.01,839.9,2026-09-29T01:22:51.630Z,Flash Dump & Instant V-Shape Squeeze
1790645031630,28274.01,28967.52,28097.46,28726.89,497.3,2026-09-29T01:23:51.630Z,Flash Dump & Instant V-Shape Squeeze
1790645091630,28726.89,29626.2,28346.23,29246.23,467.5,2026-09-29T01:24:51.630Z,Flash Dump & Instant V-Shape Squeeze
1790645151630,29246.23,29573.94,29026.12,29504.31,320.3,2026-09-29T01:25:51.630Z,Flash Dump & Instant V-Shape Squeeze
1790645211630,29504.31,30179.43,29441.13,29844.3,417.3,2026-09-29T01:26:51.630Z,Flash Dump & Instant V-Shape Squeeze
1790645271630,29844.3,30209.14,29114.19,29525.81,312.3,2026-09-29T01:27:51.630Z,Flash Dump & Instant V-Shape Squeeze
1790645331630,29525.81,29987.47,29412.34,29852.38,728.7,2026-09-29T01:28:51.630Z,Flash Dump & Instant V-Shape Squeeze
1790645391630,29852.38,31322.06,29576.11,30796.15,906.4,2026-09-29T01:29:51.630Z,Flash Dump & Instant V-Shape Squeeze
1790645451630,30796.15,31034.88,30519.07,30893.29,434.9,2026-09-29T01:30:51.630Z,Flash Dump & Instant V-Shape Squeeze
1790645511630,30893.29,31188.87,30708.73,31021.78,295.2,2026-09-29T01:31:51.630Z,Flash Dump & Instant V-Shape Squeeze
1790645571630,31021.78,31519.33,30452.34,31054.61,437,2026-09-29T01:32:51.630Z,Flash Dump & Instant V-Shape Squeeze
1790645631630,31054.61,31063.91,30836.67,31026.74,195.2,2026-09-29T01:33:51.630Z,Flash Dump & Instant V-Shape Squeeze
1790645691630,31026.74,31428.95,30452.43,31211.14,562.7,2026-09-29T01:34:51.630Z,Flash Dump & Instant V-Shape Squeeze
1790645751630,31211.14,31778.44,30941.14,31199.84,335.8,2026-09-29T01:35:51.630Z,Flash Dump & Instant V-Shape Squeeze
1790645811630,31199.84,31912.38,31039.64,31458.4,556,2026-09-29T01:36:51.630Z,Flash Dump & Instant V-Shape Squeeze
1790645871630,31458.4,32262.54,31317.46,31940.8,367.1,2026-09-29T01:37:51.630Z,Flash Dump & Instant V-Shape Squeeze
1790645931630,31940.8,32378.1,31788.56,31963.43,177.9,2026-09-29T01:38:51.630Z,Flash Dump & Instant V-Shape Squeeze
1790645991630,31963.43,32398.81,31402.57,31929.73,204.8,2026-09-29T01:39:51.630Z,Flash Dump & Instant V-Shape Squeeze
1790646051630,31929.73,32080.91,31562.3,31792.88,547.9,2026-09-29T01:40:51.630Z,Flash Dump & Instant V-Shape Squeeze
1790646111630,31792.88,32296.93,31032.41,31926.42,565.6,2026-09-29T01:41:51.630Z,Flash Dump & Instant V-Shape Squeeze
1790646171630,31926.42,32348.88,31839.66,31850.34,444.2,2026-09-29T01:42:51.630Z,Flash Dump & Instant V-Shape Squeeze
1790646231630,31850.34,32225.1,31126.28,31803.08,203.5,2026-09-29T01:43:51.630Z,Flash Dump & Instant V-Shape Squeeze
1790646291630,31803.08,32279.63,31517.08,31658.54,343,2026-09-29T01:44:51.630Z,Flash Dump & Instant V-Shape Squeeze
1790646351630,31658.54,32281.05,31413.61,31512.61,649.7,2026-09-29T01:45:51.630Z,Flash Dump & Instant V-Shape Squeeze
1790646411630,31512.61,31772.1,31300.62,31419.08,173.5,2026-09-29T01:46:51.630Z,Flash Dump & Instant V-Shape Squeeze
1790646471630,31419.08,31808.19,31340.49,31615.85,361.6,2026-09-29T01:47:51.630Z,Flash Dump & Instant V-Shape Squeeze
1790646531630,31615.85,32073.05,31336.89,31743.6,648.3,2026-09-29T01:48:51.630Z,Flash Dump & Instant V-Shape Squeeze
1790646591630,31743.6,32110.54,31364.39,31644.14,331.9,2026-09-29T01:49:51.630Z,Flash Dump & Instant V-Shape Squeeze
1790646651630,31644.14,31815.73,31555.89,31759.06,570.1,2026-09-29T01:50:51.630Z,Flash Dump & Instant V-Shape Squeeze
1790646711630,31759.06,32310.61,31583.06,31737.94,222.6,2026-09-29T01:51:51.630Z,Flash Dump & Instant V-Shape Squeeze
1790646771630,31737.94,32457.28,31623.86,31888.47,367,2026-09-29T01:52:51.630Z,Flash Dump & Instant V-Shape Squeeze
1790646831630,31888.47,32559.31,31633.98,32016.25,341.6,2026-09-29T01:53:51.630Z,Flash Dump & Instant V-Shape Squeeze
1790646891630,32016.25,32372.73,31753.44,32052.34,142.6,2026-09-29T01:54:51.630Z,Flash Dump & Instant V-Shape Squeeze
1790646951630,32052.34,33578.99,31938.76,33444.68,1085.4,2026-09-29T01:55:51.630Z,Flash Dump & Instant V-Shape Squeeze
1790647011630,33444.68,34417.1,33221.9,34211.55,899.8,2026-09-29T01:56:51.630Z,Flash Dump & Instant V-Shape Squeeze
1790647071630,34211.55,34592.19,33300.29,33314.56,681.7,2026-09-29T01:57:51.630Z,Flash Dump & Instant V-Shape Squeeze
1790647131630,33314.56,33523.99,32569.92,33485.47,480.1,2026-09-29T01:58:51.630Z,Flash Dump & Instant V-Shape Squeeze
1790647191630,33485.47,34008.39,33017.41,33441.97,480.4,2026-09-29T01:59:51.630Z,Flash Dump & Instant V-Shape Squeeze
1790647251630,33441.97,34030.48,33409.83,33636.04,243.5,2026-09-29T02:00:51.630Z,Flash Dump & Instant V-Shape Squeeze
1790647311630,33636.04,34214.93,33343.9,33488.44,451.3,2026-09-29T02:01:51.630Z,Flash Dump & Instant V-Shape Squeeze
1790647371630,33488.44,33912.3,31679.94,32089.25,743.5,2026-09-29T02:02:51.630Z,Flash Dump & Instant V-Shape Squeeze
1790647431630,32089.25,32128.54,31920.5,31989.44,260.4,2026-09-29T02:03:51.630Z,Flash Dump & Instant V-Shape Squeeze
1790647491630,31989.44,32819.86,31611.51,32780.71,880.6,2026-09-29T02:04:51.630Z,Flash Dump & Instant V-Shape Squeeze
1790647551630,32780.71,33931.23,32280.17,33553.3,792.1,2026-09-29T02:05:51.630Z,Flash Dump & Instant V-Shape Squeeze
1790647611630,33553.3,34828.68,33489.33,34448.72,960.4,2026-09-29T02:06:51.630Z,Flash Dump & Instant V-Shape Squeeze
1790647671630,34448.72,35327.49,33865.99,35033.61,753.2,2026-09-29T02:07:51.630Z,Flash Dump & Instant V-Shape Squeeze
1790647731630,35033.61,35880.3,34738.43,35461.77,439.7,2026-09-29T02:08:51.630Z,Flash Dump & Instant V-Shape Squeeze
1790647791630,35461.77,35797.43,35448.8,35724.84,241.8,2026-09-29T02:09:51.630Z,Flash Dump & Instant V-Shape Squeeze
1790647851630,35724.84,36694.87,35238.64,36105.22,392.9,2026-09-29T02:10:51.630Z,Flash Dump & Instant V-Shape Squeeze
1790647911630,36105.22,36642.68,36085.18,36260.25,504.8,2026-09-29T02:11:51.630Z,Flash Dump & Instant V-Shape Squeeze
1790647971630,36260.25,36870.53,36072.46,36755.4,652,2026-09-29T02:12:51.630Z,Flash Dump & Instant V-Shape Squeeze
1790648031630,36755.4,37169.01,36612.19,36972.75,301.9,2026-09-29T02:13:51.630Z,Flash Dump & Instant V-Shape Squeeze
1790648091630,36972.75,38075.81,36874.33,37745.74,579.8,2026-09-29T02:14:51.630Z,Flash Dump & Instant V-Shape Squeeze
1790648151630,37745.74,38913.62,37445,38377.43,402.5,2026-09-29T02:15:51.630Z,Flash Dump & Instant V-Shape Squeeze
1790648211630,38377.43,39584.52,37747.11,38952.96,604.9,2026-09-29T02:16:51.630Z,Flash Dump & Instant V-Shape Squeeze
1790648271630,38952.96,39597.52,38858.05,39564.19,618.2,2026-09-29T02:17:51.630Z,Flash Dump & Instant V-Shape Squeeze
1790648331630,39564.19,40576.67,39349.6,40257.88,512.6,2026-09-29T02:18:51.630Z,Flash Dump & Instant V-Shape Squeeze
1790648391630,40257.88,40603.39,39233.69,39606.16,754.8,2026-09-29T02:19:51.630Z,Flash Dump & Instant V-Shape Squeeze
1790648451630,39606.16,39894.01,38175.99,38724.17,675.1,2026-09-29T02:20:51.630Z,Flash Dump & Instant V-Shape Squeeze
1790648511630,38724.17,38793.6,38137.43,38245.24,669.6,2026-09-29T02:21:51.630Z,Flash Dump & Instant V-Shape Squeeze
1790648571630,38245.24,38791.46,37507.27,37763.63,586.8,2026-09-29T02:22:51.630Z,Flash Dump & Instant V-Shape Squeeze
1790648631630,37763.63,37837.81,36320.85,37125.24,502,2026-09-29T02:23:51.630Z,Flash Dump & Instant V-Shape Squeeze
1790648691630,37125.24,37303.26,34667.74,35395.13,1044.8,2026-09-29T02:24:51.630Z,Flash Dump & Instant V-Shape Squeeze
1790648751630,35395.13,35534.1,34480.55,35000.45,554,2026-09-29T02:25:51.630Z,Flash Dump & Instant V-Shape Squeeze
1790648811630,35000.45,35207.13,34411.71,34892.89,372.1,2026-09-29T02:26:51.630Z,Flash Dump & Instant V-Shape Squeeze
1790648871630,34892.89,35413.63,33902.24,34621.8,397.3,2026-09-29T02:27:51.630Z,Flash Dump & Instant V-Shape Squeeze
1790648931630,34621.8,35286.49,34388.31,34495.75,641.4,2026-09-29T02:28:51.630Z,Flash Dump & Instant V-Shape Squeeze
1790648991630,34495.75,35274.28,34337.14,35201.69,867.1,2026-09-29T02:29:51.630Z,Flash Dump & Instant V-Shape Squeeze
1790649051630,35201.69,36359.56,35117.68,35645.06,477.7,2026-09-29T02:30:51.630Z,Flash Dump & Instant V-Shape Squeeze
1790649111630,35645.06,36326.31,34835.2,35997.71,320.8,2026-09-29T02:31:51.630Z,Flash Dump & Instant V-Shape Squeeze
1790649171630,35997.71,36817.73,35967.66,36500.67,540.1,2026-09-29T02:32:51.630Z,Flash Dump & Instant V-Shape Squeeze
1790649231630,36500.67,36928.68,36118.91,36696.01,202.1,2026-09-29T02:33:51.630Z,Flash Dump & Instant V-Shape Squeeze
1790649291630,36696.01,37150.18,36035.2,36100.55,472.5,2026-09-29T02:34:51.630Z,Flash Dump & Instant V-Shape Squeeze
1790649351630,36100.55,36595.59,35817.22,36331.75,264.8,2026-09-29T02:35:51.630Z,Flash Dump & Instant V-Shape Squeeze
1790649411630,36331.75,36722.15,36159.29,36565.77,232.4,2026-09-29T02:36:51.630Z,Flash Dump & Instant V-Shape Squeeze
1790649471630,36565.77,37304.62,36439.84,36763.74,530.4,2026-09-29T02:37:51.630Z,Flash Dump & Instant V-Shape Squeeze
1790649531630,36763.74,37384.9,36135.65,37184.32,531.3,2026-09-29T02:38:51.630Z,Flash Dump & Instant V-Shape Squeeze
1790649591630,37184.32,38200.35,37063.31,37359.78,227.4,2026-09-29T02:39:51.630Z,Flash Dump & Instant V-Shape Squeeze
1790649651630,37359.78,38112.88,36841.9,37339,295.2,2026-09-29T02:40:51.630Z,Flash Dump & Instant V-Shape Squeeze
1790649711630,37339,38468.01,36859.8,38131.96,825.4,2026-09-29T02:41:51.630Z,Flash Dump & Instant V-Shape Squeeze
1790649771630,38131.96,39457.78,37636.5,39029.67,543.4,2026-09-29T02:42:51.630Z,Flash Dump & Instant V-Shape Squeeze
1790649831630,39029.67,40096.05,38673.16,39767.75,735.1,2026-09-29T02:43:51.630Z,Flash Dump & Instant V-Shape Squeeze
1790649891630,39767.75,40926.87,39673.54,40314.48,597.1,2026-09-29T02:44:51.630Z,Flash Dump & Instant V-Shape Squeeze
1790649951630,40314.48,41114.11,39405.05,39475.42,653.2,2026-09-29T02:45:51.630Z,Flash Dump & Instant V-Shape Squeeze
1790650011630,39475.42,40122.42,39101.38,39152.22,539.2,2026-09-29T02:46:51.630Z,Flash Dump & Instant V-Shape Squeeze
1790650071630,39152.22,40324.96,38541.56,39633.54,612,2026-09-29T02:47:51.630Z,Flash Dump & Instant V-Shape Squeeze
1790650131630,39633.54,40096.77,38686.83,39869.08,410.6,2026-09-29T02:48:51.630Z,Flash Dump & Instant V-Shape Squeeze
1790650191630,39869.08,40943.42,39432.77,40251.34,567.3,2026-09-29T02:49:51.630Z,Flash Dump & Instant V-Shape Squeeze
1790650251630,40251.34,42270.08,39887.02,41716.66,724.2,2026-09-29T02:50:51.630Z,Flash Dump & Instant V-Shape Squeeze
1790650311630,41716.66,42882.76,41307.39,42841.31,725.4,2026-09-29T02:51:51.630Z,Flash Dump & Instant V-Shape Squeeze
1790650371630,42841.31,44102.45,42602.29,44008.84,827.9,2026-09-29T02:52:51.630Z,Flash Dump & Instant V-Shape Squeeze
1790650431630,44008.84,45125.3,43467.86,45025.54,725.5,2026-09-29T02:53:51.630Z,Flash Dump & Instant V-Shape Squeeze
1790650491630,45025.54,46540.57,44692.63,46224.05,562.2,2026-09-29T02:54:51.630Z,Flash Dump & Instant V-Shape Squeeze
1790650551630,46224.05,47694.8,46222.2,47065.94,568,2026-09-29T02:55:51.630Z,Flash Dump & Instant V-Shape Squeeze
1790650611630,47065.94,47956.79,46355.55,47669.05,778.8,2026-09-29T02:56:51.630Z,Flash Dump & Instant V-Shape Squeeze
1790650671630,47669.05,48982.21,47548.08,48323.57,628.5,2026-09-29T02:57:51.630Z,Flash Dump & Instant V-Shape Squeeze
1790650731630,48323.57,49109.26,48165.84,48980.8,596.1,2026-09-29T02:58:51.630Z,Flash Dump & Instant V-Shape Squeeze
1790650791630,48980.8,50624.68,48723.7,49614.12,612,2026-09-29T02:59:51.630Z,Flash Dump & Instant V-Shape Squeeze
1790650851630,49614.12,51092.45,49298.34,50042.46,417.9,2026-09-29T03:00:51.630Z,Flash Dump & Instant V-Shape Squeeze
1790650911630,50042.46,51233.42,49441.16,50651.44,486.9,2026-09-29T03:01:51.630Z,Flash Dump & Instant V-Shape Squeeze
1790650971630,50651.44,51518.35,50042.5,50801.4,597.7,2026-09-29T03:02:51.630Z,Flash Dump & Instant V-Shape Squeeze
1790651031630,50801.4,51208.32,50310.55,50930,465,2026-09-29T03:03:51.630Z,Flash Dump & Instant V-Shape Squeeze
1790651091630,50930,51337.91,49945.74,51180.96,463,2026-09-29T03:04:51.630Z,Flash Dump & Instant V-Shape Squeeze
1790651151630,51180.96,52101.18,50977.45,51657.04,720.2,2026-09-29T03:05:51.630Z,Flash Dump & Instant V-Shape Squeeze
1790651211630,51657.04,52258.01,51569.72,52004.86,574.3,2026-09-29T03:06:51.630Z,Flash Dump & Instant V-Shape Squeeze
1790651271630,52004.86,53089.77,51748.82,52020.24,353.8,2026-09-29T03:07:51.630Z,Flash Dump & Instant V-Shape Squeeze
1790651331630,52020.24,52996.97,51368.57,51987.13,414,2026-09-29T03:08:51.630Z,Flash Dump & Instant V-Shape Squeeze
1790651391630,51987.13,53252.21,51434.85,52405.82,241.7,2026-09-29T03:09:51.630Z,Flash Dump & Instant V-Shape Squeeze
1790651451630,52405.82,53012.5,51455.86,52289.21,590.6,2026-09-29T03:10:51.630Z,Flash Dump & Instant V-Shape Squeeze
1790651511630,52289.21,53206.96,52132.73,52621.87,223.2,2026-09-29T03:11:51.630Z,Flash Dump & Instant V-Shape Squeeze
1790651571630,52621.87,53095.39,52095.89,52920.95,309,2026-09-29T03:12:51.630Z,Flash Dump & Instant V-Shape Squeeze
1790651631630,52920.95,53247.08,52710.5,52742.62,199.3,2026-09-29T03:13:51.630Z,Flash Dump & Instant V-Shape Squeeze
1790651691630,52742.62,53449.57,52520.04,52805.23,295.5,2026-09-29T03:14:51.630Z,Flash Dump & Instant V-Shape Squeeze
1790651751630,52805.23,53230.98,52282.49,52753.24,264.7,2026-09-29T03:15:51.630Z,Flash Dump & Instant V-Shape Squeeze
1790651811630,52753.24,53090.46,52632.69,52813.63,170.5,2026-09-29T03:16:51.630Z,Flash Dump & Instant V-Shape Squeeze
1790651871630,52813.63,55663.93,52569.68,55266.65,832.7,2026-09-29T03:17:51.630Z,Flash Dump & Instant V-Shape Squeeze
1790651931630,55266.65,56054.16,54384.21,55441.24,205.1,2026-09-29T03:18:51.630Z,Flash Dump & Instant V-Shape Squeeze
1790651991630,55441.24,56341.58,55172.41,55457.29,233.2,2026-09-29T03:19:51.630Z,Flash Dump & Instant V-Shape Squeeze
1790652051630,55457.29,59437.48,55288.92,59011.16,1154.6,2026-09-29T03:20:51.630Z,Flash Dump & Instant V-Shape Squeeze
1790652111630,59011.16,59351.47,58216.76,59154.52,492.8,2026-09-29T03:21:51.630Z,Flash Dump & Instant V-Shape Squeeze
1790652171630,59154.52,60678.93,58761.47,60423.88,429.1,2026-09-29T03:22:51.630Z,Flash Dump & Instant V-Shape Squeeze
1790652231630,60423.88,61845.32,59641.07,61041.3,567.2,2026-09-29T03:23:51.630Z,Flash Dump & Instant V-Shape Squeeze
1790652291630,61041.3,62278.26,60766.08,61587.47,682.7,2026-09-29T03:24:51.630Z,Flash Dump & Instant V-Shape Squeeze
1790652351630,61587.47,62220.17,61218.02,61911.97,319.2,2026-09-29T03:25:51.630Z,Flash Dump & Instant V-Shape Squeeze
1790652411630,61911.97,65212.02,61628.6,65043.78,985.6,2026-09-29T03:26:51.630Z,Flash Dump & Instant V-Shape Squeeze
1790652471630,65043.78,66235.83,64946.56,65771.6,458.6,2026-09-29T03:27:51.630Z,Flash Dump & Instant V-Shape Squeeze
1790652531630,65771.6,67496.45,65313.03,66127.69,433,2026-09-29T03:28:51.630Z,Flash Dump & Instant V-Shape Squeeze
1790652591630,66127.69,66740.2,63446.35,64338.28,577.2,2026-09-29T03:29:51.630Z,Flash Dump & Instant V-Shape Squeeze
1790652651630,64338.28,64639.09,63797.16,64507.36,635.4,2026-09-29T03:30:51.630Z,Flash Dump & Instant V-Shape Squeeze
1790652711630,64507.36,64665.72,63739.42,64449.39,534.8,2026-09-29T03:31:51.630Z,Flash Dump & Instant V-Shape Squeeze
1790652771630,64449.39,65472.29,63394.38,64744.22,626.2,2026-09-29T03:32:51.630Z,Flash Dump & Instant V-Shape Squeeze
1790652831630,64744.22,65359.28,64336.36,64719.5,508,2026-09-29T03:33:51.630Z,Flash Dump & Instant V-Shape Squeeze
1790652891630,64719.5,64983.72,64550.24,64651.06,472.6,2026-09-29T03:34:51.630Z,Flash Dump & Instant V-Shape Squeeze
1790652951630,64651.06,64835.26,64626.01,64827.13,613,2026-09-29T03:35:51.630Z,Flash Dump & Instant V-Shape Squeeze
1790653011630,64827.13,65618.18,64114.17,65238.9,343.8,2026-09-29T03:36:51.630Z,Flash Dump & Instant V-Shape Squeeze
1790653071630,65238.9,66243.03,64718.53,65037.15,149.5,2026-09-29T03:37:51.630Z,Flash Dump & Instant V-Shape Squeeze
1790653131630,65037.15,67214.56,64627.89,66424.64,759.5,2026-09-29T03:38:51.630Z,Flash Dump & Instant V-Shape Squeeze
1790653191630,66424.64,71099.36,66320.67,70662.13,1496.8,2026-09-29T03:39:51.630Z,Flash Dump & Instant V-Shape Squeeze
1790653251630,34200,34418.05,33312.96,33522.6,761.7,2026-09-29T03:40:51.630Z,High-Leverage Chop & Squeeze Cascade
1790653311630,33522.6,33634.91,32679.6,33070.44,352.3,2026-09-29T03:41:51.630Z,High-Leverage Chop & Squeeze Cascade
1790653371630,33070.44,33308.31,32440.73,32627.56,522.8,2026-09-29T03:42:51.630Z,High-Leverage Chop & Squeeze Cascade
1790653431630,32627.56,32906.08,32150.83,32186.3,315.3,2026-09-29T03:43:51.630Z,High-Leverage Chop & Squeeze Cascade
1790653491630,32186.3,32364.94,31316.62,31726.57,486.3,2026-09-29T03:44:51.630Z,High-Leverage Chop & Squeeze Cascade
1790653551630,31726.57,32291.77,30674.74,31255.76,351.5,2026-09-29T03:45:51.630Z,High-Leverage Chop & Squeeze Cascade
1790653611630,31255.76,31348.54,30467.32,30896.02,553.5,2026-09-29T03:46:51.630Z,High-Leverage Chop & Squeeze Cascade
1790653671630,30896.02,31199.74,30459.2,30535.57,526.5,2026-09-29T03:47:51.630Z,High-Leverage Chop & Squeeze Cascade
1790653731630,30535.57,30607.54,30000.24,30322.4,654.2,2026-09-29T03:48:51.630Z,High-Leverage Chop & Squeeze Cascade
1790653791630,30322.4,30533.86,29201.47,29867.42,604.1,2026-09-29T03:49:51.630Z,High-Leverage Chop & Squeeze Cascade
1790653851630,29867.42,30269.04,29311.27,29502.02,741.7,2026-09-29T03:50:51.630Z,High-Leverage Chop & Squeeze Cascade
1790653911630,29502.02,29620.85,28821.65,29192.7,747.8,2026-09-29T03:51:51.630Z,High-Leverage Chop & Squeeze Cascade
1790653971630,29192.7,29272.89,28471.28,28768.87,579.7,2026-09-29T03:52:51.630Z,High-Leverage Chop & Squeeze Cascade
1790654031630,28768.87,29385.78,27800.46,28313.79,491.1,2026-09-29T03:53:51.630Z,High-Leverage Chop & Squeeze Cascade
1790654091630,28313.79,28546.69,27842.35,28079.01,227.1,2026-09-29T03:54:51.630Z,High-Leverage Chop & Squeeze Cascade
1790654151630,28079.01,29624.59,27918.64,29211.66,851.2,2026-09-29T03:55:51.630Z,High-Leverage Chop & Squeeze Cascade
1790654211630,29211.66,29713.14,27522.43,27583.61,1106.7,2026-09-29T03:56:51.630Z,High-Leverage Chop & Squeeze Cascade
1790654271630,27583.61,27752.11,27324.76,27599.47,565.6,2026-09-29T03:57:51.630Z,High-Leverage Chop & Squeeze Cascade
1790654331630,27599.47,27630.98,27526.1,27594.48,289,2026-09-29T03:58:51.630Z,High-Leverage Chop & Squeeze Cascade
1790654391630,27594.48,27781.47,27401.33,27574.33,232.6,2026-09-29T03:59:51.630Z,High-Leverage Chop & Squeeze Cascade
1790654451630,27574.33,27676.95,27261.78,27577.85,369.4,2026-09-29T04:00:51.630Z,High-Leverage Chop & Squeeze Cascade
1790654511630,27577.85,27986.66,27373.15,27509.63,475.6,2026-09-29T04:01:51.630Z,High-Leverage Chop & Squeeze Cascade
1790654571630,27509.63,27964.52,27470.56,27607.68,389,2026-09-29T04:02:51.630Z,High-Leverage Chop & Squeeze Cascade
1790654631630,27607.68,28186.71,27557.25,27627.7,489.7,2026-09-29T04:03:51.630Z,High-Leverage Chop & Squeeze Cascade
1790654691630,27627.7,28253.67,27332.98,27673.1,414.3,2026-09-29T04:04:51.630Z,High-Leverage Chop & Squeeze Cascade
1790654751630,27673.1,28003.8,27516.3,27578.97,187.8,2026-09-29T04:05:51.630Z,High-Leverage Chop & Squeeze Cascade
1790654811630,27578.97,28824.43,27432.31,28237.01,702.6,2026-09-29T04:06:51.630Z,High-Leverage Chop & Squeeze Cascade
1790654871630,28237.01,28956.28,28022.29,28777.28,567.6,2026-09-29T04:07:51.630Z,High-Leverage Chop & Squeeze Cascade
1790654931630,28777.28,29461.43,27699.53,27763.46,1114.2,2026-09-29T04:08:51.630Z,High-Leverage Chop & Squeeze Cascade
1790654991630,27763.46,28370.16,27393.09,28103,352.6,2026-09-29T04:09:51.630Z,High-Leverage Chop & Squeeze Cascade
1790655051630,28103,28920.59,27620.11,28346.08,692.6,2026-09-29T04:10:51.630Z,High-Leverage Chop & Squeeze Cascade
1790655111630,28346.08,28756.07,28018.73,28540.89,323.7,2026-09-29T04:11:51.630Z,High-Leverage Chop & Squeeze Cascade
1790655171630,28540.89,29070.4,28134.93,28620.12,256.2,2026-09-29T04:12:51.630Z,High-Leverage Chop & Squeeze Cascade
1790655231630,28620.12,28910.09,28260.25,28810.18,647.8,2026-09-29T04:13:51.630Z,High-Leverage Chop & Squeeze Cascade
1790655291630,28810.18,29095.72,28090.2,28991.97,363.6,2026-09-29T04:14:51.630Z,High-Leverage Chop & Squeeze Cascade
1790655351630,28991.97,29106.45,28938.41,28971.53,118.5,2026-09-29T04:15:51.630Z,High-Leverage Chop & Squeeze Cascade
1790655411630,28971.53,29433.48,28606.89,28946.56,300.3,2026-09-29T04:16:51.630Z,High-Leverage Chop & Squeeze Cascade
1790655471630,28946.56,29264.03,28441.62,29139.77,484.5,2026-09-29T04:17:51.630Z,High-Leverage Chop & Squeeze Cascade
1790655531630,29139.77,29981.48,28777.23,29923.54,729.8,2026-09-29T04:18:51.630Z,High-Leverage Chop & Squeeze Cascade
1790655591630,29923.54,30208.69,29894.09,30035.69,281.3,2026-09-29T04:19:51.630Z,High-Leverage Chop & Squeeze Cascade
1790655651630,30035.69,30360.23,29936.92,30220.97,478.7,2026-09-29T04:20:51.630Z,High-Leverage Chop & Squeeze Cascade
1790655711630,30220.97,30799.47,30042.88,30409.85,354,2026-09-29T04:21:51.630Z,High-Leverage Chop & Squeeze Cascade
1790655771630,30409.85,30646.21,30145.49,30384.8,527.4,2026-09-29T04:22:51.630Z,High-Leverage Chop & Squeeze Cascade
1790655831630,30384.8,30507.45,29852.93,30313.4,157.5,2026-09-29T04:23:51.630Z,High-Leverage Chop & Squeeze Cascade
1790655891630,30313.4,30689.37,30170.4,30480.7,431.9,2026-09-29T04:24:51.630Z,High-Leverage Chop & Squeeze Cascade
1790655951630,30480.7,30516.7,29712.64,29923.17,757.4,2026-09-29T04:25:51.630Z,High-Leverage Chop & Squeeze Cascade
1790656011630,29923.17,30009.75,29562.2,29712.54,666.1,2026-09-29T04:26:51.630Z,High-Leverage Chop & Squeeze Cascade
1790656071630,29712.54,29977.58,29325.4,29368.36,551.9,2026-09-29T04:27:51.630Z,High-Leverage Chop & Squeeze Cascade
1790656131630,29368.36,29616.23,29166.89,29189.4,397.5,2026-09-29T04:28:51.630Z,High-Leverage Chop & Squeeze Cascade
1790656191630,29189.4,29252.11,28495.43,28848.17,395.3,2026-09-29T04:29:51.630Z,High-Leverage Chop & Squeeze Cascade
1790656251630,28848.17,28869.05,28285.57,28834.68,279.7,2026-09-29T04:30:51.630Z,High-Leverage Chop & Squeeze Cascade
1790656311630,28834.68,29059.11,28035.69,28563.63,619.6,2026-09-29T04:31:51.630Z,High-Leverage Chop & Squeeze Cascade
1790656371630,28563.63,28654.61,28505.25,28517.14,512.9,2026-09-29T04:32:51.630Z,High-Leverage Chop & Squeeze Cascade
1790656431630,28517.14,28631.31,28285,28553.02,561.3,2026-09-29T04:33:51.630Z,High-Leverage Chop & Squeeze Cascade
1790656491630,28553.02,28870.68,28125.08,28353.44,480.8,2026-09-29T04:34:51.630Z,High-Leverage Chop & Squeeze Cascade
1790656551630,28353.44,28754.05,28228.65,28327.68,395.2,2026-09-29T04:35:51.630Z,High-Leverage Chop & Squeeze Cascade
1790656611630,28327.68,28618.79,28049.14,28315.83,272.9,2026-09-29T04:36:51.630Z,High-Leverage Chop & Squeeze Cascade
1790656671630,28315.83,28423.73,28134.82,28217.77,264.1,2026-09-29T04:37:51.630Z,High-Leverage Chop & Squeeze Cascade
1790656731630,28217.77,28432.06,27735.31,28176.07,279.2,2026-09-29T04:38:51.630Z,High-Leverage Chop & Squeeze Cascade
1790656791630,28176.07,28467.38,27961.48,28145.91,283,2026-09-29T04:39:51.630Z,High-Leverage Chop & Squeeze Cascade
1790656851630,28145.91,28465.16,27880.78,28239.54,226.7,2026-09-29T04:40:51.630Z,High-Leverage Chop & Squeeze Cascade
1790656911630,28239.54,28365.91,27973.07,28315.28,627.3,2026-09-29T04:41:51.630Z,High-Leverage Chop & Squeeze Cascade
1790656971630,28315.28,28958.14,27975.24,28458.52,611.1,2026-09-29T04:42:51.630Z,High-Leverage Chop & Squeeze Cascade
1790657031630,28458.52,29800.42,28091.53,29613.13,1020.4,2026-09-29T04:43:51.630Z,High-Leverage Chop & Squeeze Cascade
1790657091630,29613.13,29794.8,29174.57,29429.88,268.4,2026-09-29T04:44:51.630Z,High-Leverage Chop & Squeeze Cascade
1790657151630,29429.88,29790.76,29211.49,29382.86,132.8,2026-09-29T04:45:51.630Z,High-Leverage Chop & Squeeze Cascade
1790657211630,29382.86,29728.44,27668.39,27961.08,880.1,2026-09-29T04:46:51.630Z,High-Leverage Chop & Squeeze Cascade
1790657271630,27961.08,28544.29,27596.67,28053.17,331.9,2026-09-29T04:47:51.630Z,High-Leverage Chop & Squeeze Cascade
1790657331630,28053.17,28529.65,27908.17,28180.63,262.7,2026-09-29T04:48:51.630Z,High-Leverage Chop & Squeeze Cascade
1790657391630,28180.63,28822.37,28061.84,28330.42,240.3,2026-09-29T04:49:51.630Z,High-Leverage Chop & Squeeze Cascade
1790657451630,28330.42,29328.34,27604.62,29153.76,543.1,2026-09-29T04:50:51.630Z,High-Leverage Chop & Squeeze Cascade
1790657511630,29153.76,30505.75,29060.93,29830.77,612,2026-09-29T04:51:51.630Z,High-Leverage Chop & Squeeze Cascade
1790657571630,29830.77,30170.92,28837.86,29080.53,910.5,2026-09-29T04:52:51.630Z,High-Leverage Chop & Squeeze Cascade
1790657631630,29080.53,29101.42,28437.22,28593.52,614.3,2026-09-29T04:53:51.630Z,High-Leverage Chop & Squeeze Cascade
1790657691630,28593.52,28850.04,28198.29,28323.06,641.6,2026-09-29T04:54:51.630Z,High-Leverage Chop & Squeeze Cascade
1790657751630,28323.06,28515.03,27348.36,27903.44,455.3,2026-09-29T04:55:51.630Z,High-Leverage Chop & Squeeze Cascade
1790657811630,27903.44,28089.72,27485.87,27599.07,367.6,2026-09-29T04:56:51.630Z,High-Leverage Chop & Squeeze Cascade
1790657871630,27599.07,27713.39,27319.57,27383.7,404.3,2026-09-29T04:57:51.630Z,High-Leverage Chop & Squeeze Cascade
1790657931630,27383.7,27581.61,27284.46,27313.13,492.3,2026-09-29T04:58:51.630Z,High-Leverage Chop & Squeeze Cascade
1790657991630,27313.13,28062.82,26973.48,28048.57,863.5,2026-09-29T04:59:51.630Z,High-Leverage Chop & Squeeze Cascade
1790658051630,28048.57,28208.27,27206.55,27212.51,644.1,2026-09-29T05:00:51.630Z,High-Leverage Chop & Squeeze Cascade
1790658111630,27212.51,27470.24,26107.53,26288.15,610.3,2026-09-29T05:01:51.630Z,High-Leverage Chop & Squeeze Cascade
1790658171630,26288.15,26409.59,25934.22,26199.32,292.3,2026-09-29T05:02:51.630Z,High-Leverage Chop & Squeeze Cascade
1790658231630,26199.32,26693.86,25885.9,26263.37,529.8,2026-09-29T05:03:51.630Z,High-Leverage Chop & Squeeze Cascade
1790658291630,26263.37,26773.86,25804.61,26053.33,450.8,2026-09-29T05:04:51.630Z,High-Leverage Chop & Squeeze Cascade
1790658351630,26053.33,26311.24,25968.8,26106.23,392.2,2026-09-29T05:05:51.630Z,High-Leverage Chop & Squeeze Cascade
1790658411630,26106.23,27560.69,25571.74,27138.71,718.6,2026-09-29T05:06:51.630Z,High-Leverage Chop & Squeeze Cascade
1790658471630,27138.71,27684.61,26860.24,27020.19,553.7,2026-09-29T05:07:51.630Z,High-Leverage Chop & Squeeze Cascade
1790658531630,27020.19,27304.26,26737.93,27089.88,284.6,2026-09-29T05:08:51.630Z,High-Leverage Chop & Squeeze Cascade
1790658591630,27089.88,27270.65,25575.36,26072.44,931.1,2026-09-29T05:09:51.630Z,High-Leverage Chop & Squeeze Cascade
1790658651630,26072.44,26188.26,24850.74,25399.05,770.6,2026-09-29T05:10:51.630Z,High-Leverage Chop & Squeeze Cascade
1790658711630,25399.05,25509.15,23548.91,23767.1,1431,2026-09-29T05:11:51.630Z,High-Leverage Chop & Squeeze Cascade
1790658771630,23767.1,24263.15,22094.81,22164.92,1593.3,2026-09-29T05:12:51.630Z,High-Leverage Chop & Squeeze Cascade
1790658831630,22164.92,22222.52,21286.99,21687.15,671.7,2026-09-29T05:13:51.630Z,High-Leverage Chop & Squeeze Cascade
1790658891630,21687.15,22095.53,21058.9,21278.93,436,2026-09-29T05:14:51.630Z,High-Leverage Chop & Squeeze Cascade
1790658951630,21278.93,21403.1,20983.15,21087.98,440.4,2026-09-29T05:15:51.630Z,High-Leverage Chop & Squeeze Cascade
1790659011630,21087.98,21188.09,20822.04,20860.92,599,2026-09-29T05:16:51.630Z,High-Leverage Chop & Squeeze Cascade
1790659071630,20860.92,21122.25,20418.7,20595.38,509.6,2026-09-29T05:17:51.630Z,High-Leverage Chop & Squeeze Cascade
1790659131630,20595.38,20818.58,20308.21,20420.77,603.3,2026-09-29T05:18:51.630Z,High-Leverage Chop & Squeeze Cascade
1790659191630,20420.77,20739.92,20325.62,20719.18,525.7,2026-09-29T05:19:51.630Z,High-Leverage Chop & Squeeze Cascade
1790659251630,20719.18,20777.68,19860.4,19982.74,723.2,2026-09-29T05:20:51.630Z,High-Leverage Chop & Squeeze Cascade
1790659311630,19982.74,20282.3,19845.64,19899.48,363.6,2026-09-29T05:21:51.630Z,High-Leverage Chop & Squeeze Cascade
1790659371630,19899.48,20027.04,19754.2,19916.3,139.8,2026-09-29T05:22:51.630Z,High-Leverage Chop & Squeeze Cascade
1790659431630,19916.3,19996.27,19711.31,19941.74,247.3,2026-09-29T05:23:51.630Z,High-Leverage Chop & Squeeze Cascade
1790659491630,19941.74,20086.81,19263.09,19677.72,451.7,2026-09-29T05:24:51.630Z,High-Leverage Chop & Squeeze Cascade
1790659551630,19677.72,21160.68,19533.38,21016.11,1608.7,2026-09-29T05:25:51.630Z,High-Leverage Chop & Squeeze Cascade
1790659611630,21016.11,21951.97,20745.1,21579.37,719.7,2026-09-29T05:26:51.630Z,High-Leverage Chop & Squeeze Cascade
1790659671630,21579.37,22259.6,21431.71,21924.61,773.6,2026-09-29T05:27:51.630Z,High-Leverage Chop & Squeeze Cascade
1790659731630,21924.61,22846.64,21667.55,22451.36,837.4,2026-09-29T05:28:51.630Z,High-Leverage Chop & Squeeze Cascade
1790659791630,22451.36,22760.72,22321.8,22686.2,468.6,2026-09-29T05:29:51.630Z,High-Leverage Chop & Squeeze Cascade
1790659851630,22686.2,22899.68,22091.76,22150.63,835.4,2026-09-29T05:30:51.630Z,High-Leverage Chop & Squeeze Cascade
1790659911630,22150.63,22227.11,21087.89,21630.42,915.9,2026-09-29T05:31:51.630Z,High-Leverage Chop & Squeeze Cascade
1790659971630,21630.42,21908.75,21293.1,21775.39,503.6,2026-09-29T05:32:51.630Z,High-Leverage Chop & Squeeze Cascade
1790660031630,21775.39,22064.03,21537.1,21566.35,569.5,2026-09-29T05:33:51.630Z,High-Leverage Chop & Squeeze Cascade
1790660091630,21566.35,21905.18,20972.11,21246.62,449.7,2026-09-29T05:34:51.630Z,High-Leverage Chop & Squeeze Cascade
1790660151630,21246.62,21349.18,20568.73,20664.3,928.6,2026-09-29T05:35:51.630Z,High-Leverage Chop & Squeeze Cascade
1790660211630,20664.3,20779.55,20302.86,20430.73,721.3,2026-09-29T05:36:51.630Z,High-Leverage Chop & Squeeze Cascade
1790660271630,20430.73,20471.17,20257.79,20307.73,448.5,2026-09-29T05:37:51.630Z,High-Leverage Chop & Squeeze Cascade
1790660331630,20307.73,20476.57,20254.29,20289.78,374.4,2026-09-29T05:38:51.630Z,High-Leverage Chop & Squeeze Cascade
1790660391630,20289.78,20408.2,20057.14,20117.16,497,2026-09-29T05:39:51.630Z,High-Leverage Chop & Squeeze Cascade
1790660451630,20117.16,20170.71,19272.05,19358.76,951.5,2026-09-29T05:40:51.630Z,High-Leverage Chop & Squeeze Cascade
1790660511630,19358.76,19447.63,18784.53,19178,584.4,2026-09-29T05:41:51.630Z,High-Leverage Chop & Squeeze Cascade
1790660571630,19178,19382.97,18872.58,19122.72,521.4,2026-09-29T05:42:51.630Z,High-Leverage Chop & Squeeze Cascade
1790660631630,19122.72,19141.29,18835.18,19069.83,623.3,2026-09-29T05:43:51.630Z,High-Leverage Chop & Squeeze Cascade
1790660691630,19069.83,19179.48,18700.7,18953.83,635.8,2026-09-29T05:44:51.630Z,High-Leverage Chop & Squeeze Cascade
1790660751630,18953.83,19107.05,18851.58,18914.09,476.4,2026-09-29T05:45:51.630Z,High-Leverage Chop & Squeeze Cascade
1790660811630,18914.09,19125.85,18406.95,18603.45,413.6,2026-09-29T05:46:51.630Z,High-Leverage Chop & Squeeze Cascade
1790660871630,18603.45,18726.92,18129.31,18324.32,798.8,2026-09-29T05:47:51.630Z,High-Leverage Chop & Squeeze Cascade
1790660931630,18324.32,18339.35,17973.96,18130.73,379.7,2026-09-29T05:48:51.630Z,High-Leverage Chop & Squeeze Cascade
1790660991630,18130.73,18504.95,17807.36,17841.26,443.8,2026-09-29T05:49:51.630Z,High-Leverage Chop & Squeeze Cascade
1790661051630,17841.26,17964.99,17639.72,17708.97,240.4,2026-09-29T05:50:51.630Z,High-Leverage Chop & Squeeze Cascade
1790661111630,17708.97,17815.65,17421.15,17586.32,219.5,2026-09-29T05:51:51.630Z,High-Leverage Chop & Squeeze Cascade
1790661171630,17586.32,17666.91,17086.86,17114.83,831.2,2026-09-29T05:52:51.630Z,High-Leverage Chop & Squeeze Cascade
1790661231630,17114.83,17243.31,16460.2,16600.44,865.8,2026-09-29T05:53:51.630Z,High-Leverage Chop & Squeeze Cascade
1790661291630,16600.44,16719.87,16038.84,16157.69,688.3,2026-09-29T05:54:51.630Z,High-Leverage Chop & Squeeze Cascade
1790661351630,16157.69,16213.75,15827.22,15860.47,836.4,2026-09-29T05:55:51.630Z,High-Leverage Chop & Squeeze Cascade
1790661411630,15860.47,15875.4,15391.19,15548.91,505.6,2026-09-29T05:56:51.630Z,High-Leverage Chop & Squeeze Cascade
1790661471630,15548.91,15699.51,15236,15327.37,746.8,2026-09-29T05:57:51.630Z,High-Leverage Chop & Squeeze Cascade
1790661531630,15327.37,15399.53,14998.27,15103.81,365.5,2026-09-29T05:58:51.630Z,High-Leverage Chop & Squeeze Cascade
1790661591630,15103.81,15307.04,14719.47,14945.23,279.5,2026-09-29T05:59:51.630Z,High-Leverage Chop & Squeeze Cascade
1790661651630,14945.23,15431.89,14831.05,15340.43,876.8,2026-09-29T06:00:51.630Z,High-Leverage Chop & Squeeze Cascade
1790661711630,15340.43,15483.22,14379.39,14482.48,960.9,2026-09-29T06:01:51.630Z,High-Leverage Chop & Squeeze Cascade
1790661771630,14482.48,14502.4,14234.44,14297.53,599.3,2026-09-29T06:02:51.630Z,High-Leverage Chop & Squeeze Cascade
1790661831630,14297.53,14532.54,14259.04,14453.08,377.3,2026-09-29T06:03:51.630Z,High-Leverage Chop & Squeeze Cascade
1790661891630,14453.08,14540.24,13467.61,13534.21,1407,2026-09-29T06:04:51.630Z,High-Leverage Chop & Squeeze Cascade
1790661951630,13534.21,13675.73,13296,13436.32,298.9,2026-09-29T06:05:51.630Z,High-Leverage Chop & Squeeze Cascade
1790662011630,13436.32,13543.25,12784.43,12885.18,1061.3,2026-09-29T06:06:51.630Z,High-Leverage Chop & Squeeze Cascade
1790662071630,12885.18,12895.53,12601.07,12783.14,677.1,2026-09-29T06:07:51.630Z,High-Leverage Chop & Squeeze Cascade
1790662131630,12783.14,12865.65,12646.45,12719.34,615.8,2026-09-29T06:08:51.630Z,High-Leverage Chop & Squeeze Cascade
1790662191630,12719.34,12733.88,12478.22,12653.25,445.3,2026-09-29T06:09:51.630Z,High-Leverage Chop & Squeeze Cascade
1790662251630,12653.25,12886.21,12561.02,12752.04,274.5,2026-09-29T06:10:51.630Z,High-Leverage Chop & Squeeze Cascade
1790662311630,12752.04,13034.5,12462.03,12919.57,763.9,2026-09-29T06:11:51.630Z,High-Leverage Chop & Squeeze Cascade
1790662371630,12919.57,13371.57,12665.86,13245.73,840,2026-09-29T06:12:51.630Z,High-Leverage Chop & Squeeze Cascade
1790662431630,13245.73,13367.18,12980.17,13038.86,674.4,2026-09-29T06:13:51.630Z,High-Leverage Chop & Squeeze Cascade
1790662491630,13038.86,13289,12909.36,13211.91,469.9,2026-09-29T06:14:51.630Z,High-Leverage Chop & Squeeze Cascade
1790662551630,13211.91,13245.35,12931.25,13015.23,428,2026-09-29T06:15:51.630Z,High-Leverage Chop & Squeeze Cascade
1790662611630,13015.23,13105.85,12698.56,12780.47,664.8,2026-09-29T06:16:51.630Z,High-Leverage Chop & Squeeze Cascade
1790662671630,12780.47,12816.86,12467.94,12566.38,515.2,2026-09-29T06:17:51.630Z,High-Leverage Chop & Squeeze Cascade
1790662731630,12566.38,12762.24,12337.81,12388.3,668.3,2026-09-29T06:18:51.630Z,High-Leverage Chop & Squeeze Cascade
1790662791630,12388.3,12493.82,12193.12,12276.89,364,2026-09-29T06:19:51.630Z,High-Leverage Chop & Squeeze Cascade
1790662851630,12276.89,12290.5,12002.91,12180.16,563.7,2026-09-29T06:20:51.630Z,High-Leverage Chop & Squeeze Cascade
1790662911630,12180.16,12198.87,11902.6,12049.13,692.1,2026-09-29T06:21:51.630Z,High-Leverage Chop & Squeeze Cascade
1790662971630,12049.13,12063.49,11970.8,12014.62,638.2,2026-09-29T06:22:51.630Z,High-Leverage Chop & Squeeze Cascade
1790663031630,12014.62,12014.64,11877.17,11899.31,724.5,2026-09-29T06:23:51.630Z,High-Leverage Chop & Squeeze Cascade
1790663091630,11899.31,12063.87,11812.23,11916.39,181.7,2026-09-29T06:24:51.630Z,High-Leverage Chop & Squeeze Cascade
1790663151630,11916.39,12045.38,11710.38,11878.29,155,2026-09-29T06:25:51.630Z,High-Leverage Chop & Squeeze Cascade
1790663211630,11878.29,12079.22,11352.05,11419.18,1025,2026-09-29T06:26:51.630Z,High-Leverage Chop & Squeeze Cascade
1790663271630,11419.18,11419.97,11350.04,11402.54,294.2,2026-09-29T06:27:51.630Z,High-Leverage Chop & Squeeze Cascade
1790663331630,11402.54,11418.41,10885.55,11051.75,801.6,2026-09-29T06:28:51.630Z,High-Leverage Chop & Squeeze Cascade
1790663391630,11051.75,11078.79,10572.35,10666.61,1013.2,2026-09-29T06:29:51.630Z,High-Leverage Chop & Squeeze Cascade
1790663451630,10666.61,10899.32,10599.49,10629.44,591.2,2026-09-29T06:30:51.630Z,High-Leverage Chop & Squeeze Cascade
1790663511630,10629.44,10754.37,10571.47,10655.4,227.1,2026-09-29T06:31:51.630Z,High-Leverage Chop & Squeeze Cascade
1790663571630,10655.4,10828.54,10551.95,10700.64,229.1,2026-09-29T06:32:51.630Z,High-Leverage Chop & Squeeze Cascade
1790663631630,10700.64,10792.91,10627.69,10628.65,574.5,2026-09-29T06:33:51.630Z,High-Leverage Chop & Squeeze Cascade
1790663691630,10628.65,10679.02,10598.93,10615.91,394.8,2026-09-29T06:34:51.630Z,High-Leverage Chop & Squeeze Cascade
1790663751630,10615.91,10675.45,10468.51,10597.19,611.3,2026-09-29T06:35:51.630Z,High-Leverage Chop & Squeeze Cascade
1790663811630,10597.19,10956.97,10483.61,10830.8,632.7,2026-09-29T06:36:51.630Z,High-Leverage Chop & Squeeze Cascade
1790663871630,10830.8,11220.81,10786.42,10970.9,646,2026-09-29T06:37:51.630Z,High-Leverage Chop & Squeeze Cascade
1790663931630,10970.9,11671.39,10937.04,11629.33,1175.5,2026-09-29T06:38:51.630Z,High-Leverage Chop & Squeeze Cascade
1790663991630,11629.33,11869.46,11574.24,11758.49,763.3,2026-09-29T06:39:51.630Z,High-Leverage Chop & Squeeze Cascade
1790664051630,11758.49,11980.69,11502.01,11927.45,435.7,2026-09-29T06:40:51.630Z,High-Leverage Chop & Squeeze Cascade
1790664111630,11927.45,12141.97,11718.74,12018.99,276.7,2026-09-29T06:41:51.630Z,High-Leverage Chop & Squeeze Cascade
1790664171630,12018.99,12161.55,11937.54,12062.95,311.7,2026-09-29T06:42:51.630Z,High-Leverage Chop & Squeeze Cascade
1790664231630,12062.95,12202.74,12062.75,12179.34,585,2026-09-29T06:43:51.630Z,High-Leverage Chop & Squeeze Cascade
1790664291630,12179.34,12370.36,12082.14,12247.29,412.2,2026-09-29T06:44:51.630Z,High-Leverage Chop & Squeeze Cascade
1790664351630,12247.29,12296.41,11669.93,11780.28,831.7,2026-09-29T06:45:51.630Z,High-Leverage Chop & Squeeze Cascade
1790664411630,11780.28,11921.72,11721.14,11850.05,464.5,2026-09-29T06:46:51.630Z,High-Leverage Chop & Squeeze Cascade
1790664471630,11850.05,11973.36,11818.47,11851.23,546.7,2026-09-29T06:47:51.630Z,High-Leverage Chop & Squeeze Cascade
1790664531630,11851.23,12082.71,11662.44,11941.23,688.2,2026-09-29T06:48:51.630Z,High-Leverage Chop & Squeeze Cascade
1790664591630,11941.23,12068.17,11709.75,11965.91,207.8,2026-09-29T06:49:51.630Z,High-Leverage Chop & Squeeze Cascade
1790664651630,11965.91,12372.69,11864.96,12254.15,614.9,2026-09-29T06:50:51.630Z,High-Leverage Chop & Squeeze Cascade
1790664711630,12254.15,12362.67,12136.56,12345.5,439.6,2026-09-29T06:51:51.630Z,High-Leverage Chop & Squeeze Cascade
1790664771630,12345.5,12398.94,12198.94,12358.28,169.6,2026-09-29T06:52:51.630Z,High-Leverage Chop & Squeeze Cascade
1790664831630,12358.28,12367.57,11983.43,12052.89,791.4,2026-09-29T06:53:51.630Z,High-Leverage Chop & Squeeze Cascade
1790664891630,12052.89,12071.95,11778.13,11808.58,850.3,2026-09-29T06:54:51.630Z,High-Leverage Chop & Squeeze Cascade
1790664951630,11808.58,11825.44,11522.59,11564.97,720.6,2026-09-29T06:55:51.630Z,High-Leverage Chop & Squeeze Cascade
1790665011630,11564.97,11663.69,11338.91,11388.12,736.9,2026-09-29T06:56:51.630Z,High-Leverage Chop & Squeeze Cascade
1790665071630,11388.12,11549.73,11207.58,11283.76,576.7,2026-09-29T06:57:51.630Z,High-Leverage Chop & Squeeze Cascade
1790665131630,11283.76,11294.28,11151.05,11173.19,249.3,2026-09-29T06:58:51.630Z,High-Leverage Chop & Squeeze Cascade
1790665191630,11173.19,11234.12,10973.22,11066.87,612.5,2026-09-29T06:59:51.630Z,High-Leverage Chop & Squeeze Cascade
1790665251630,11066.87,11277.19,11032.36,11125.1,425.8,2026-09-29T07:00:51.630Z,High-Leverage Chop & Squeeze Cascade
1790665311630,11125.1,11559.4,11103.99,11425.24,879.1,2026-09-29T07:01:51.630Z,High-Leverage Chop & Squeeze Cascade
1790665371630,11425.24,11669.31,11402,11542.55,731.1,2026-09-29T07:02:51.630Z,High-Leverage Chop & Squeeze Cascade
1790665431630,11542.55,11648.8,11413.4,11569.5,469.2,2026-09-29T07:03:51.630Z,High-Leverage Chop & Squeeze Cascade
1790665491630,11569.5,11761.42,11358.25,11632.54,490.1,2026-09-29T07:04:51.630Z,High-Leverage Chop & Squeeze Cascade
1790665551630,11632.54,11799.43,11537.97,11648.56,156.8,2026-09-29T07:05:51.630Z,High-Leverage Chop & Squeeze Cascade
1790665611630,11648.56,11898.2,11528.7,11708.51,481.5,2026-09-29T07:06:51.630Z,High-Leverage Chop & Squeeze Cascade
1790665671630,11708.51,11796.86,11537.76,11782.19,547.4,2026-09-29T07:07:51.630Z,High-Leverage Chop & Squeeze Cascade
1790665731630,11782.19,11967.99,11731.27,11877.71,716.4,2026-09-29T07:08:51.630Z,High-Leverage Chop & Squeeze Cascade
1790665791630,11877.71,12030.24,11618.69,11894.01,294.4,2026-09-29T07:09:51.630Z,High-Leverage Chop & Squeeze Cascade
1790665851630,11894.01,12086.35,11654.18,12075.06,644.4,2026-09-29T07:10:51.630Z,High-Leverage Chop & Squeeze Cascade
1790665911630,12075.06,12391.8,11948.89,12249.2,325.4,2026-09-29T07:11:51.630Z,High-Leverage Chop & Squeeze Cascade
1790665971630,12249.2,12362.07,12221.2,12325.24,624.8,2026-09-29T07:12:51.630Z,High-Leverage Chop & Squeeze Cascade
1790666031630,12325.24,12636.8,12194.88,12419.01,400.4,2026-09-29T07:13:51.630Z,High-Leverage Chop & Squeeze Cascade
1790666091630,12419.01,12591.25,12230.6,12562.89,634.7,2026-09-29T07:14:51.630Z,High-Leverage Chop & Squeeze Cascade
1790666151630,12562.89,12697.08,12491.14,12621.59,332.3,2026-09-29T07:15:51.630Z,High-Leverage Chop & Squeeze Cascade
1790666211630,12621.59,12817.5,12591.09,12711.83,328,2026-09-29T07:16:51.630Z,High-Leverage Chop & Squeeze Cascade
1790666271630,12711.83,12729.08,12396.2,12432.3,772.5,2026-09-29T07:17:51.630Z,High-Leverage Chop & Squeeze Cascade
1790666331630,12432.3,12477.42,11829.41,11952.14,1068,2026-09-29T07:18:51.630Z,High-Leverage Chop & Squeeze Cascade
1790666391630,11952.14,12069.23,11775.78,12018.36,288.9,2026-09-29T07:19:51.630Z,High-Leverage Chop & Squeeze Cascade
1790666451630,12018.36,12231.25,11835.68,12024.04,156,2026-09-29T07:20:51.630Z,High-Leverage Chop & Squeeze Cascade
1790666511630,12024.04,12062.19,11244.78,11375.89,984.4,2026-09-29T07:21:51.630Z,High-Leverage Chop & Squeeze Cascade
1790666571630,11375.89,11378.94,10924.83,11117.18,740.8,2026-09-29T07:22:51.630Z,High-Leverage Chop & Squeeze Cascade
1790666631630,11117.18,11223.56,10780.08,10966.67,383.6,2026-09-29T07:23:51.630Z,High-Leverage Chop & Squeeze Cascade
1790666691630,10966.67,10999.6,10625.06,10785.31,692.3,2026-09-29T07:24:51.630Z,High-Leverage Chop & Squeeze Cascade
1790666751630,10785.31,10849.65,10618.24,10679.63,555.1,2026-09-29T07:25:51.630Z,High-Leverage Chop & Squeeze Cascade
1790666811630,10679.63,10867.22,10478.8,10593.73,269.7,2026-09-29T07:26:51.630Z,High-Leverage Chop & Squeeze Cascade
1790666871630,10593.73,10645.97,10505.21,10526.94,442.1,2026-09-29T07:27:51.630Z,High-Leverage Chop & Squeeze Cascade
1790666931630,10526.94,10682.92,10095.33,10217.38,1036.2,2026-09-29T07:28:51.630Z,High-Leverage Chop & Squeeze Cascade
1790666991630,10217.38,10276.67,9767.44,9911.83,807.3,2026-09-29T07:29:51.630Z,High-Leverage Chop & Squeeze Cascade
1790667051630,9911.83,9972.73,9587.93,9660.21,911.7,2026-09-29T07:30:51.630Z,High-Leverage Chop & Squeeze Cascade
1790667111630,9660.21,9826.79,8965.11,9083.75,1340.7,2026-09-29T07:31:51.630Z,High-Leverage Chop & Squeeze Cascade
1790667171630,9083.75,9207.74,8950.82,8954.24,657.8,2026-09-29T07:32:51.630Z,High-Leverage Chop & Squeeze Cascade
1790667231630,8954.24,9037.04,8761.65,8849.37,759.1,2026-09-29T07:33:51.630Z,High-Leverage Chop & Squeeze Cascade
1790667291630,8849.37,9012.88,8670.89,8970.75,782.6,2026-09-29T07:34:51.630Z,High-Leverage Chop & Squeeze Cascade
1790667351630,8970.75,8982.99,8781.66,8861.51,661.8,2026-09-29T07:35:51.630Z,High-Leverage Chop & Squeeze Cascade
1790667411630,8861.51,9041.51,8718.48,8747.98,789.1,2026-09-29T07:36:51.630Z,High-Leverage Chop & Squeeze Cascade
1790667471630,8747.98,8770.99,8261.79,8318.05,955.8,2026-09-29T07:37:51.630Z,High-Leverage Chop & Squeeze Cascade
1790667531630,8318.05,8333.1,8086.17,8226.37,465.7,2026-09-29T07:38:51.630Z,High-Leverage Chop & Squeeze Cascade
1790667591630,8226.37,8412.73,8157.92,8353.39,647.5,2026-09-29T07:39:51.630Z,High-Leverage Chop & Squeeze Cascade
1790667651630,8353.39,8416.51,7954.94,7955.76,978.7,2026-09-29T07:40:51.630Z,High-Leverage Chop & Squeeze Cascade
1790667711630,7955.76,8010.75,7697.89,7727.14,636.7,2026-09-29T07:41:51.630Z,High-Leverage Chop & Squeeze Cascade
1790667771630,7727.14,7801.63,7655.6,7790.88,697.5,2026-09-29T07:42:51.630Z,High-Leverage Chop & Squeeze Cascade
1790667831630,7790.88,7888.99,7631.48,7849.92,601.9,2026-09-29T07:43:51.630Z,High-Leverage Chop & Squeeze Cascade
1790667891630,7849.92,8060.83,7692.39,7889.8,372,2026-09-29T07:44:51.630Z,High-Leverage Chop & Squeeze Cascade
1790667951630,7889.8,8067.67,7807.94,8004.75,642,2026-09-29T07:45:51.630Z,High-Leverage Chop & Squeeze Cascade
1790668011630,8004.75,8153.93,7899.41,8068.01,345,2026-09-29T07:46:51.630Z,High-Leverage Chop & Squeeze Cascade
1790668071630,8068.01,8163.56,8054.25,8094,179.3,2026-09-29T07:47:51.630Z,High-Leverage Chop & Squeeze Cascade
1790668131630,8094,8272.81,8082.04,8131.38,402.7,2026-09-29T07:48:51.630Z,High-Leverage Chop & Squeeze Cascade
1790668191630,8131.38,8211.37,8099.5,8205.5,660.4,2026-09-29T07:49:51.630Z,High-Leverage Chop & Squeeze Cascade
1790668251630,8205.5,8228.29,8155.32,8207.22,167,2026-09-29T07:50:51.630Z,High-Leverage Chop & Squeeze Cascade
1790668311630,8207.22,8618.48,8188.88,8478.71,641.1,2026-09-29T07:51:51.630Z,High-Leverage Chop & Squeeze Cascade
1790668371630,8478.71,8720.12,8403.81,8645.54,467,2026-09-29T07:52:51.630Z,High-Leverage Chop & Squeeze Cascade
1790668431630,8645.54,8885.54,8531.75,8864.88,592.9,2026-09-29T07:53:51.630Z,High-Leverage Chop & Squeeze Cascade
1790668491630,8864.88,9432.32,8678.81,9253.22,850.7,2026-09-29T07:54:51.630Z,High-Leverage Chop & Squeeze Cascade
1790668551630,9253.22,9614.78,9156.13,9449.38,705.1,2026-09-29T07:55:51.630Z,High-Leverage Chop & Squeeze Cascade
1790668611630,9449.38,9704.64,9257.98,9627.89,713.3,2026-09-29T07:56:51.630Z,High-Leverage Chop & Squeeze Cascade
1790668671630,9627.89,9901.93,9565.7,9772.96,384.5,2026-09-29T07:57:51.630Z,High-Leverage Chop & Squeeze Cascade
1790668731630,9772.96,10023.49,9721.26,9910.54,560.8,2026-09-29T07:58:51.630Z,High-Leverage Chop & Squeeze Cascade
1790668791630,9910.54,10038.28,9797.34,9974.01,404.1,2026-09-29T07:59:51.630Z,High-Leverage Chop & Squeeze Cascade
1790668851630,9974.01,10095.48,9902.7,10080.6,354.5,2026-09-29T08:00:51.630Z,High-Leverage Chop & Squeeze Cascade
1790668911630,10080.6,10153.86,10052.43,10151.65,564.5,2026-09-29T08:01:51.630Z,High-Leverage Chop & Squeeze Cascade
1790668971630,10151.65,10178.91,10101.68,10178.42,408.1,2026-09-29T08:02:51.630Z,High-Leverage Chop & Squeeze Cascade
1790669031630,10178.42,10361.74,10139.91,10223.23,553.8,2026-09-29T08:03:51.630Z,High-Leverage Chop & Squeeze Cascade
1790669091630,10223.23,10562.54,10176.13,10402.64,496,2026-09-29T08:04:51.630Z,High-Leverage Chop & Squeeze Cascade
1790669151630,10402.64,10675.19,10222.78,10525.62,764.1,2026-09-29T08:05:51.630Z,High-Leverage Chop & Squeeze Cascade
1790669211630,10525.62,10730.73,10393.41,10708.75,838,2026-09-29T08:06:51.630Z,High-Leverage Chop & Squeeze Cascade
1790669271630,10708.75,10880.87,10634.33,10867.15,475.6,2026-09-29T08:07:51.630Z,High-Leverage Chop & Squeeze Cascade
1790669331630,10867.15,11105.54,10796.76,10968.2,554.7,2026-09-29T08:08:51.630Z,High-Leverage Chop & Squeeze Cascade
1790669391630,10968.2,11157.81,10781.13,11053.06,590.5,2026-09-29T08:09:51.630Z,High-Leverage Chop & Squeeze Cascade
1790669451630,11053.06,11331.62,10956.13,11073.7,332.3,2026-09-29T08:10:51.630Z,High-Leverage Chop & Squeeze Cascade
1790669511630,11073.7,11202.75,10944.29,11098.38,145.6,2026-09-29T08:11:51.630Z,High-Leverage Chop & Squeeze Cascade
1790669571630,11098.38,11749.76,11023.68,11688.25,1257.6,2026-09-29T08:12:51.630Z,High-Leverage Chop & Squeeze Cascade
1790669631630,11688.25,11752.6,11665.77,11750.69,537.1,2026-09-29T08:13:51.630Z,High-Leverage Chop & Squeeze Cascade
1790669691630,11750.69,11858.56,11590.7,11840.17,302.9,2026-09-29T08:14:51.630Z,High-Leverage Chop & Squeeze Cascade
1790669751630,11840.17,11934.32,11663.28,11869.15,264.4,2026-09-29T08:15:51.630Z,High-Leverage Chop & Squeeze Cascade
1790669811630,11869.15,11958.85,11439.95,11634.49,551.6,2026-09-29T08:16:51.630Z,High-Leverage Chop & Squeeze Cascade
1790669871630,11634.49,11659.58,11273.59,11420.47,562,2026-09-29T08:17:51.630Z,High-Leverage Chop & Squeeze Cascade
1790669931630,11420.47,11492.97,11027.72,11230.17,574.3,2026-09-29T08:18:51.630Z,High-Leverage Chop & Squeeze Cascade
1790669991630,11230.17,11251.83,11057.47,11108.18,598.7,2026-09-29T08:19:51.630Z,High-Leverage Chop & Squeeze Cascade
1790670051630,11108.18,11186.97,10889.79,10998.58,498.1,2026-09-29T08:20:51.630Z,High-Leverage Chop & Squeeze Cascade
1790670111630,10998.58,11149.84,10799.2,10930.84,519,2026-09-29T08:21:51.630Z,High-Leverage Chop & Squeeze Cascade
1790670171630,10930.84,10932.39,10835.88,10890.72,434.9,2026-09-29T08:22:51.630Z,High-Leverage Chop & Squeeze Cascade
1790670231630,10890.72,11118.51,10752.29,10809.24,566,2026-09-29T08:23:51.630Z,High-Leverage Chop & Squeeze Cascade
1790670291630,10809.24,10813.98,10664.92,10740.33,483.6,2026-09-29T08:24:51.630Z,High-Leverage Chop & Squeeze Cascade
1790670351630,10740.33,10788.25,10142.65,10373.09,1038.1,2026-09-29T08:25:51.630Z,High-Leverage Chop & Squeeze Cascade
1790670411630,10373.09,10475.53,9737.3,9839.12,1025.4,2026-09-29T08:26:51.630Z,High-Leverage Chop & Squeeze Cascade
1790670471630,9839.12,9894.53,9472.49,9579.01,849.2,2026-09-29T08:27:51.630Z,High-Leverage Chop & Squeeze Cascade
1790670531630,9579.01,9641.62,9319.52,9419.26,672.7,2026-09-29T08:28:51.630Z,High-Leverage Chop & Squeeze Cascade
1790670591630,9419.26,9606.11,9269.65,9282.02,559.6,2026-09-29T08:29:51.630Z,High-Leverage Chop & Squeeze Cascade
1790670651630,9282.02,9357.37,9005.32,9137.88,566.7,2026-09-29T08:30:51.630Z,High-Leverage Chop & Squeeze Cascade
1790670711630,9137.88,9165.89,8893.71,9062.87,493.1,2026-09-29T08:31:51.630Z,High-Leverage Chop & Squeeze Cascade
1790670771630,9062.87,9123.87,8944.66,8955.08,619.6,2026-09-29T08:32:51.630Z,High-Leverage Chop & Squeeze Cascade
1790670831630,8955.08,9107.09,8859.11,8868.54,447.5,2026-09-29T08:33:51.630Z,High-Leverage Chop & Squeeze Cascade
1790670891630,8868.54,9105.72,8852.79,9017.44,754.7,2026-09-29T08:34:51.630Z,High-Leverage Chop & Squeeze Cascade
1790670951630,9017.44,9177.37,8872.5,9127.51,393.8,2026-09-29T08:35:51.630Z,High-Leverage Chop & Squeeze Cascade
1790671011630,9127.51,9193.08,8764.53,8831.4,586.7,2026-09-29T08:36:51.630Z,High-Leverage Chop & Squeeze Cascade
1790671071630,8831.4,8987.99,8664.98,8709.67,703.2,2026-09-29T08:37:51.630Z,High-Leverage Chop & Squeeze Cascade
1790671131630,8709.67,9071.77,8607.67,9011.59,728,2026-09-29T08:38:51.630Z,High-Leverage Chop & Squeeze Cascade
1790671191630,9011.59,9059.65,8960.97,9016.83,378.1,2026-09-29T08:39:51.630Z,High-Leverage Chop & Squeeze Cascade
1790671251630,9016.83,9243.62,8952.48,9117.49,694.5,2026-09-29T08:40:51.630Z,High-Leverage Chop & Squeeze Cascade
1790671311630,9117.49,9357.15,8983.04,9196.65,358.3,2026-09-29T08:41:51.630Z,High-Leverage Chop & Squeeze Cascade
1790671371630,9196.65,9220.49,9104.04,9213.17,561.5,2026-09-29T08:42:51.630Z,High-Leverage Chop & Squeeze Cascade
1790671431630,9213.17,9270.86,9120.5,9265.79,349.8,2026-09-29T08:43:51.630Z,High-Leverage Chop & Squeeze Cascade
1790671491630,9265.79,9330.64,9197.34,9287.54,224.1,2026-09-29T08:44:51.630Z,High-Leverage Chop & Squeeze Cascade
1790671551630,9287.54,9350.83,9154.95,9262.23,180.1,2026-09-29T08:45:51.630Z,High-Leverage Chop & Squeeze Cascade
1790671611630,9262.23,9335.91,9227.44,9274.21,527.5,2026-09-29T08:46:51.630Z,High-Leverage Chop & Squeeze Cascade
1790671671630,9274.21,9411.62,8902.05,8977.62,681.7,2026-09-29T08:47:51.630Z,High-Leverage Chop & Squeeze Cascade
1790671731630,8977.62,9305.36,8911.75,9250.34,841.5,2026-09-29T08:48:51.630Z,High-Leverage Chop & Squeeze Cascade
1790671791630,9250.34,9493.58,9181.91,9479.4,711.1,2026-09-29T08:49:51.630Z,High-Leverage Chop & Squeeze Cascade
1790671851630,9479.4,9792.43,9437.89,9734.54,587.3,2026-09-29T08:50:51.630Z,High-Leverage Chop & Squeeze Cascade
1790671911630,9734.54,10093.02,9621.6,9865.59,701.6,2026-09-29T08:51:51.630Z,High-Leverage Chop & Squeeze Cascade
1790671971630,9865.59,9890.67,9516.11,9733.74,648.6,2026-09-29T08:52:51.630Z,High-Leverage Chop & Squeeze Cascade
1790672031630,9733.74,9862.07,9542.04,9641.12,562.6,2026-09-29T08:53:51.630Z,High-Leverage Chop & Squeeze Cascade
1790672091630,9641.12,9739.96,9397.15,9596.46,541.3,2026-09-29T08:54:51.630Z,High-Leverage Chop & Squeeze Cascade
1790672151630,9596.46,9739.13,9512.21,9584.49,226.2,2026-09-29T08:55:51.630Z,High-Leverage Chop & Squeeze Cascade
1790672211630,9584.49,9667.92,9404.71,9504.54,493.9,2026-09-29T08:56:51.630Z,High-Leverage Chop & Squeeze Cascade
1790672271630,9504.54,9536.12,9430.87,9440.64,636.8,2026-09-29T08:57:51.630Z,High-Leverage Chop & Squeeze Cascade
1790672331630,9440.64,9590.74,9231.23,9441.5,201.3,2026-09-29T08:58:51.630Z,High-Leverage Chop & Squeeze Cascade
1790672391630,9441.5,9481.02,9374.78,9389,608.9,2026-09-29T08:59:51.630Z,High-Leverage Chop & Squeeze Cascade
1790672451630,9389,9479.6,9272.06,9353.33,556.2,2026-09-29T09:00:51.630Z,High-Leverage Chop & Squeeze Cascade
1790672511630,9353.33,9456.44,9296.44,9349.03,487.5,2026-09-29T09:01:51.630Z,High-Leverage Chop & Squeeze Cascade
1790672571630,9349.03,9445.84,9015.53,9140.42,816.4,2026-09-29T09:02:51.630Z,High-Leverage Chop & Squeeze Cascade
1790672631630,9140.42,9329.96,9088.82,9177.33,591.7,2026-09-29T09:03:51.630Z,High-Leverage Chop & Squeeze Cascade
1790672691630,9177.33,9217.06,9083.1,9134.73,267.2,2026-09-29T09:04:51.630Z,High-Leverage Chop & Squeeze Cascade
1790672751630,9134.73,9842.44,9047.24,9685.08,1282.4,2026-09-29T09:05:51.630Z,High-Leverage Chop & Squeeze Cascade
1790672811630,9685.08,9914.88,9639.61,9868.33,530.9,2026-09-29T09:06:51.630Z,High-Leverage Chop & Squeeze Cascade
1790672871630,9868.33,10083.33,9799.69,10021.75,770.5,2026-09-29T09:07:51.630Z,High-Leverage Chop & Squeeze Cascade
1790672931630,10021.75,10336.06,9995.28,10277.57,527.3,2026-09-29T09:08:51.630Z,High-Leverage Chop & Squeeze Cascade
1790672991630,10277.57,10658.01,10207.9,10565.12,919.8,2026-09-29T09:09:51.630Z,High-Leverage Chop & Squeeze Cascade
1790673051630,10565.12,11172.3,10548.19,11152.25,1166.9,2026-09-29T09:10:51.630Z,High-Leverage Chop & Squeeze Cascade
1790673111630,11152.25,11331.88,10811.72,10987.37,569.5,2026-09-29T09:11:51.630Z,High-Leverage Chop & Squeeze Cascade
1790673171630,10987.37,11295.87,10985.74,11109.59,414,2026-09-29T09:12:51.630Z,High-Leverage Chop & Squeeze Cascade
1790673231630,11109.59,11304.34,11083.16,11188.19,371.2,2026-09-29T09:13:51.630Z,High-Leverage Chop & Squeeze Cascade
1790673291630,11188.19,11479.09,11132.82,11369.65,478.2,2026-09-29T09:14:51.630Z,High-Leverage Chop & Squeeze Cascade
1790673351630,11369.65,11583.03,11359.95,11420.61,353.5,2026-09-29T09:15:51.630Z,High-Leverage Chop & Squeeze Cascade
1790673411630,11420.61,11465.68,10968.62,10996.58,812.1,2026-09-29T09:16:51.630Z,High-Leverage Chop & Squeeze Cascade
1790673471630,10996.58,11084.23,10841.83,10849.95,492.5,2026-09-29T09:17:51.630Z,High-Leverage Chop & Squeeze Cascade
1790673531630,10849.95,10874.22,10659.75,10729.59,721.6,2026-09-29T09:18:51.630Z,High-Leverage Chop & Squeeze Cascade
1790673591630,10729.59,10907.6,10578.33,10678.54,540.7,2026-09-29T09:19:51.630Z,High-Leverage Chop & Squeeze Cascade
1790673651630,10678.54,10737.87,10410.38,10544.27,732.6,2026-09-29T09:20:51.630Z,High-Leverage Chop & Squeeze Cascade
1790673711630,10544.27,10727.09,10310.76,10473.36,534,2026-09-29T09:21:51.630Z,High-Leverage Chop & Squeeze Cascade
1790673771630,10473.36,10526.07,10419.17,10445.87,308.6,2026-09-29T09:22:51.630Z,High-Leverage Chop & Squeeze Cascade
1790673831630,10445.87,10624.9,10295.42,10622.28,728.9,2026-09-29T09:23:51.630Z,High-Leverage Chop & Squeeze Cascade
1790673891630,10622.28,10653.85,10514.4,10527.42,676.5,2026-09-29T09:24:51.630Z,High-Leverage Chop & Squeeze Cascade
1790673951630,10527.42,10625.77,10406.24,10468.62,211.6,2026-09-29T09:25:51.630Z,High-Leverage Chop & Squeeze Cascade
1790674011630,10468.62,10695.05,10464.16,10673.38,655.9,2026-09-29T09:26:51.630Z,High-Leverage Chop & Squeeze Cascade
1790674071630,10673.38,10721.78,10547.49,10588.31,704.7,2026-09-29T09:27:51.630Z,High-Leverage Chop & Squeeze Cascade
1790674131630,10588.31,10674.72,10485.52,10535.92,246.9,2026-09-29T09:28:51.630Z,High-Leverage Chop & Squeeze Cascade
1790674191630,10535.92,10711.74,10490.2,10576.4,636.8,2026-09-29T09:29:51.630Z,High-Leverage Chop & Squeeze Cascade
1790674251630,10576.4,10782.76,10409.78,10566.21,216.9,2026-09-29T09:30:51.630Z,High-Leverage Chop & Squeeze Cascade
1790674311630,10566.21,11289.75,10414.2,11197.87,1438.6,2026-09-29T09:31:51.630Z,High-Leverage Chop & Squeeze Cascade
1790674371630,11197.87,11333.35,10957.22,11004.65,827,2026-09-29T09:32:51.630Z,High-Leverage Chop & Squeeze Cascade
1790674431630,11004.65,11175.1,10733.2,10804.52,650.7,2026-09-29T09:33:51.630Z,High-Leverage Chop & Squeeze Cascade
1790674491630,10804.52,10980.86,10593.78,10642.93,413.9,2026-09-29T09:34:51.630Z,High-Leverage Chop & Squeeze Cascade
1790674551630,10642.93,10752.77,10440.64,10575.25,314.8,2026-09-29T09:35:51.630Z,High-Leverage Chop & Squeeze Cascade
1790674611630,10575.25,10650.52,10088.75,10256.31,987.3,2026-09-29T09:36:51.630Z,High-Leverage Chop & Squeeze Cascade
1790674671630,10256.31,10461.94,10192.76,10442.58,650.9,2026-09-29T09:37:51.630Z,High-Leverage Chop & Squeeze Cascade
1790674731630,10442.58,10478.94,10373.78,10427.14,520.7,2026-09-29T09:38:51.630Z,High-Leverage Chop & Squeeze Cascade
1790674791630,10427.14,10548.66,10377.96,10406.49,602.3,2026-09-29T09:39:51.630Z,High-Leverage Chop & Squeeze Cascade
1790674851630,10406.49,11044.93,10342.11,10976.91,1123,2026-09-29T09:40:51.630Z,High-Leverage Chop & Squeeze Cascade
1790674911630,10976.91,11191.81,10843.77,11149.87,360.6,2026-09-29T09:41:51.630Z,High-Leverage Chop & Squeeze Cascade
1790674971630,11149.87,11414.36,10970.37,11322.02,507.9,2026-09-29T09:42:51.630Z,High-Leverage Chop & Squeeze Cascade
1790675031630,11322.02,11644.11,11318.86,11507.29,419.1,2026-09-29T09:43:51.630Z,High-Leverage Chop & Squeeze Cascade
1790675091630,11507.29,11836.88,11393.8,11600.91,535.5,2026-09-29T09:44:51.630Z,High-Leverage Chop & Squeeze Cascade
1790675151630,11600.91,11819.21,11423.64,11767.43,397,2026-09-29T09:45:51.630Z,High-Leverage Chop & Squeeze Cascade
1790675211630,11767.43,11875.59,11680.98,11823.35,315.6,2026-09-29T09:46:51.630Z,High-Leverage Chop & Squeeze Cascade
1790675271630,11823.35,11995.87,11655.25,11959.41,568.9,2026-09-29T09:47:51.630Z,High-Leverage Chop & Squeeze Cascade
1790675331630,11959.41,12117.52,11938.4,12051.55,408.9,2026-09-29T09:48:51.630Z,High-Leverage Chop & Squeeze Cascade
1790675391630,12051.55,12267.33,12014.17,12169.53,284.2,2026-09-29T09:49:51.630Z,High-Leverage Chop & Squeeze Cascade
1790675451630,12169.53,12309.65,12130.34,12164.3,260.6,2026-09-29T09:50:51.630Z,High-Leverage Chop & Squeeze Cascade
1790675511630,12164.3,12296.91,12100.46,12198.54,151,2026-09-29T09:51:51.630Z,High-Leverage Chop & Squeeze Cascade
1790675571630,12198.54,12531.1,12184.62,12295.22,614.6,2026-09-29T09:52:51.630Z,High-Leverage Chop & Squeeze Cascade
1790675631630,12295.22,12395.06,12255.99,12337.7,621,2026-09-29T09:53:51.630Z,High-Leverage Chop & Squeeze Cascade
1790675691630,12337.7,12828.89,12128.45,12821.25,1147,2026-09-29T09:54:51.630Z,High-Leverage Chop & Squeeze Cascade
1790675751630,12821.25,12896.6,12708.09,12836.23,466.7,2026-09-29T09:55:51.630Z,High-Leverage Chop & Squeeze Cascade
1790675811630,12836.23,13338.9,12800.74,13238.48,641.2,2026-09-29T09:56:51.630Z,High-Leverage Chop & Squeeze Cascade
1790675871630,13238.48,13546.49,13025.44,13245.38,272.5,2026-09-29T09:57:51.630Z,High-Leverage Chop & Squeeze Cascade
1790675931630,13245.38,13338.5,13152.08,13271.27,503.8,2026-09-29T09:58:51.630Z,High-Leverage Chop & Squeeze Cascade
1790675991630,13271.27,13399.31,13093.32,13252.39,524.2,2026-09-29T09:59:51.630Z,High-Leverage Chop & Squeeze Cascade
1790676051630,13252.39,13615.64,12980.98,13574.82,570.1,2026-09-29T10:00:51.630Z,High-Leverage Chop & Squeeze Cascade
1790676111630,13574.82,13966.63,13530.59,13890.33,581.2,2026-09-29T10:01:51.630Z,High-Leverage Chop & Squeeze Cascade
1790676171630,13890.33,14456.51,13581.12,14149.25,615.4,2026-09-29T10:02:51.630Z,High-Leverage Chop & Squeeze Cascade
1790676231630,14149.25,14584.88,14072.55,14388.49,456.1,2026-09-29T10:03:51.630Z,High-Leverage Chop & Squeeze Cascade
1790676291630,14388.49,14750.6,14320.65,14634.58,741.8,2026-09-29T10:04:51.630Z,High-Leverage Chop & Squeeze Cascade
1790676351630,14634.58,14927.33,14584.69,14840.38,750.8,2026-09-29T10:05:51.630Z,High-Leverage Chop & Squeeze Cascade
1790676411630,14840.38,15379.05,14592.89,15305.66,1054.4,2026-09-29T10:06:51.630Z,High-Leverage Chop & Squeeze Cascade
1790676471630,15305.66,15476.79,15275.1,15454.61,469.7,2026-09-29T10:07:51.630Z,High-Leverage Chop & Squeeze Cascade
1790676531630,15454.61,15707.19,15436.61,15620.71,494.5,2026-09-29T10:08:51.630Z,High-Leverage Chop & Squeeze Cascade
1790676591630,15620.71,15927.23,15426.31,15766.42,254.6,2026-09-29T10:09:51.630Z,High-Leverage Chop & Squeeze Cascade
1790676651630,15766.42,16155.3,15634.44,15845.73,186.4,2026-09-29T10:10:51.630Z,High-Leverage Chop & Squeeze Cascade
1790676711630,15845.73,15945.22,15805.74,15919.89,246.5,2026-09-29T10:11:51.630Z,High-Leverage Chop & Squeeze Cascade
1790676771630,15919.89,16167.55,15774.89,15979.7,539.4,2026-09-29T10:12:51.630Z,High-Leverage Chop & Squeeze Cascade
1790676831630,15979.7,16202.4,15593.61,15773.74,427.8,2026-09-29T10:13:51.630Z,High-Leverage Chop & Squeeze Cascade
1790676891630,15773.74,15849.48,15450.38,15496.77,667.2,2026-09-29T10:14:51.630Z,High-Leverage Chop & Squeeze Cascade
1790676951630,15496.77,15578.64,15359.85,15368.88,299.7,2026-09-29T10:15:51.630Z,High-Leverage Chop & Squeeze Cascade
1790677011630,15368.88,15462.61,14320.14,14513.33,992.3,2026-09-29T10:16:51.630Z,High-Leverage Chop & Squeeze Cascade
1790677071630,14513.33,14647.46,14178.3,14416.02,397.2,2026-09-29T10:17:51.630Z,High-Leverage Chop & Squeeze Cascade
1790677131630,14416.02,14680.66,14399.5,14653,834.8,2026-09-29T10:18:51.630Z,High-Leverage Chop & Squeeze Cascade
1790677191630,14653,14710.84,14468.94,14472.3,764.2,2026-09-29T10:19:51.630Z,High-Leverage Chop & Squeeze Cascade
1790677251630,14472.3,15423.4,14412.68,15231.71,1137.8,2026-09-29T10:20:51.630Z,High-Leverage Chop & Squeeze Cascade
1790677311630,15231.71,15543.45,15065.66,15413.96,607.8,2026-09-29T10:21:51.630Z,High-Leverage Chop & Squeeze Cascade
1790677371630,15413.96,15472.57,15216.99,15260.25,502,2026-09-29T10:22:51.630Z,High-Leverage Chop & Squeeze Cascade
1790677431630,15260.25,15445.04,14998.72,15294.47,630.5,2026-09-29T10:23:51.630Z,High-Leverage Chop & Squeeze Cascade
1790677491630,15294.47,15410.04,15269.49,15326.29,251.8,2026-09-29T10:24:51.630Z,High-Leverage Chop & Squeeze Cascade
1790677551630,15326.29,15441.25,14589.62,14801.88,1024.2,2026-09-29T10:25:51.630Z,High-Leverage Chop & Squeeze Cascade
1790677611630,14801.88,15593.31,14672.75,15447,1032.1,2026-09-29T10:26:51.630Z,High-Leverage Chop & Squeeze Cascade
1790677671630,15447,15886.37,15184.14,15600.96,305.9,2026-09-29T10:27:51.630Z,High-Leverage Chop & Squeeze Cascade
1790677731630,15600.96,15793.21,15503,15646.08,175.9,2026-09-29T10:28:51.630Z,High-Leverage Chop & Squeeze Cascade
1790677791630,15646.08,15830.02,15382.39,15764.87,654,2026-09-29T10:29:51.630Z,High-Leverage Chop & Squeeze Cascade
1790677851630,15764.87,16088.24,15536.23,15834.46,444.2,2026-09-29T10:30:51.630Z,High-Leverage Chop & Squeeze Cascade
1790677911630,15834.46,16083.79,15795.19,15938.15,280.3,2026-09-29T10:31:51.630Z,High-Leverage Chop & Squeeze Cascade
1790677971630,15938.15,16030.12,15173.66,15240.53,1034.8,2026-09-29T10:32:51.630Z,High-Leverage Chop & Squeeze Cascade
1790678031630,15240.53,15382.52,14994.45,15291.45,231.7,2026-09-29T10:33:51.630Z,High-Leverage Chop & Squeeze Cascade
1790678091630,15291.45,15622.63,15267.33,15344.31,564.2,2026-09-29T10:34:51.630Z,High-Leverage Chop & Squeeze Cascade
1790678151630,15344.31,15411.75,14481.36,14670.81,1213.7,2026-09-29T10:35:51.630Z,High-Leverage Chop & Squeeze Cascade
1790678211630,14670.81,14807.41,14451.14,14615.64,270.3,2026-09-29T10:36:51.630Z,High-Leverage Chop & Squeeze Cascade
1790678271630,14615.64,14737.78,14368.97,14601.56,351.8,2026-09-29T10:37:51.630Z,High-Leverage Chop & Squeeze Cascade
1790678331630,14601.56,15145.52,14516.03,15078.78,1066.3,2026-09-29T10:38:51.630Z,High-Leverage Chop & Squeeze Cascade
1790678391630,15078.78,15776.01,14956.63,15488.19,678,2026-09-29T10:39:51.630Z,High-Leverage Chop & Squeeze Cascade
1790678451630,15488.19,15564.07,14737.75,14985.66,735.4,2026-09-29T10:40:51.630Z,High-Leverage Chop & Squeeze Cascade
1790678511630,14985.66,15115.89,14585.56,14671.74,814,2026-09-29T10:41:51.630Z,High-Leverage Chop & Squeeze Cascade
1790678571630,14671.74,14898.28,14093.24,14270.02,895,2026-09-29T10:42:51.630Z,High-Leverage Chop & Squeeze Cascade
1790678631630,14270.02,14402.69,14063.02,14070.76,526.9,2026-09-29T10:43:51.630Z,High-Leverage Chop & Squeeze Cascade
1790678691630,14070.76,14401.41,13649.15,13869.3,781.5,2026-09-29T10:44:51.630Z,High-Leverage Chop & Squeeze Cascade
1790678751630,13869.3,13962.69,13568.15,13646.56,541.7,2026-09-29T10:45:51.630Z,High-Leverage Chop & Squeeze Cascade
1790678811630,13646.56,13800.86,13191.63,13443.11,591.4,2026-09-29T10:46:51.630Z,High-Leverage Chop & Squeeze Cascade
1790678871630,13443.11,13903.97,13306.88,13727.49,490,2026-09-29T10:47:51.630Z,High-Leverage Chop & Squeeze Cascade
1790678931630,13727.49,14040.04,13459.57,13587.53,411,2026-09-29T10:48:51.630Z,High-Leverage Chop & Squeeze Cascade
1790678991630,13587.53,13665.4,13376.25,13558.82,397.5,2026-09-29T10:49:51.630Z,High-Leverage Chop & Squeeze Cascade
1790679051630,13558.82,13633.68,13053.69,13159.64,801.4,2026-09-29T10:50:51.630Z,High-Leverage Chop & Squeeze Cascade
1790679111630,13159.64,13300.24,12996.88,13022.03,568.4,2026-09-29T10:51:51.630Z,High-Leverage Chop & Squeeze Cascade
1790679171630,13022.03,13182,12754.8,12940.06,562.5,2026-09-29T10:52:51.630Z,High-Leverage Chop & Squeeze Cascade
1790679231630,12940.06,13165.59,12733.17,12826.52,570.7,2026-09-29T10:53:51.630Z,High-Leverage Chop & Squeeze Cascade
1790679291630,12826.52,13278.55,12568.35,13222.83,948.5,2026-09-29T10:54:51.630Z,High-Leverage Chop & Squeeze Cascade
1790679351630,13222.83,13722.18,13069.35,13577.79,824,2026-09-29T10:55:51.630Z,High-Leverage Chop & Squeeze Cascade
1790679411630,13577.79,13949.43,13527.85,13833.93,644.1,2026-09-29T10:56:51.630Z,High-Leverage Chop & Squeeze Cascade
1790679471630,13833.93,14013.53,13549.38,13625.12,364.9,2026-09-29T10:57:51.630Z,High-Leverage Chop & Squeeze Cascade
1790679531630,13625.12,14027,13331.14,13846.9,580.3,2026-09-29T10:58:51.630Z,High-Leverage Chop & Squeeze Cascade
1790679591630,13846.9,14178.36,13829.73,13981.64,641.9,2026-09-29T10:59:51.630Z,High-Leverage Chop & Squeeze Cascade
1790679651630,13981.64,14209.2,13697.01,13757.79,705.2,2026-09-29T11:00:51.630Z,High-Leverage Chop & Squeeze Cascade
1790679711630,13757.79,14178.71,13691.03,14156.16,869.7,2026-09-29T11:01:51.630Z,High-Leverage Chop & Squeeze Cascade
1790679771630,14156.16,14159.13,13358.43,13464.59,1059.1,2026-09-29T11:02:51.630Z,High-Leverage Chop & Squeeze Cascade
1790679831630,13464.59,13490.94,13151.05,13375.93,538.9,2026-09-29T11:03:51.630Z,High-Leverage Chop & Squeeze Cascade
1790679891630,13375.93,13907.65,13322.99,13648.51,693.7,2026-09-29T11:04:51.630Z,High-Leverage Chop & Squeeze Cascade
1790679951630,13648.51,13836.17,13528.23,13634.27,464.7,2026-09-29T11:05:51.630Z,High-Leverage Chop & Squeeze Cascade
1790680011630,13634.27,13652.46,13405.59,13514.92,715.9,2026-09-29T11:06:51.630Z,High-Leverage Chop & Squeeze Cascade
1790680071630,13514.92,13533.55,13373.26,13495.65,570.6,2026-09-29T11:07:51.630Z,High-Leverage Chop & Squeeze Cascade
1790680131630,13495.65,13746.21,13174.2,13436.18,387.4,2026-09-29T11:08:51.630Z,High-Leverage Chop & Squeeze Cascade
1790680191630,13436.18,13489.93,12814.1,12933.47,1143.4,2026-09-29T11:09:51.630Z,High-Leverage Chop & Squeeze Cascade
1790680251630,12933.47,13054.27,12875.17,12941.63,487.9,2026-09-29T11:10:51.630Z,High-Leverage Chop & Squeeze Cascade
1790680311630,12941.63,13033.07,12818.93,12855.49,341.7,2026-09-29T11:11:51.630Z,High-Leverage Chop & Squeeze Cascade
1790680371630,12855.49,12912.43,12775.77,12789.74,403.3,2026-09-29T11:12:51.630Z,High-Leverage Chop & Squeeze Cascade
1790680431630,12789.74,12885.45,12756.76,12823.99,218.3,2026-09-29T11:13:51.630Z,High-Leverage Chop & Squeeze Cascade
1790680491630,12823.99,13016.34,12614.84,12856.73,459.2,2026-09-29T11:14:51.630Z,High-Leverage Chop & Squeeze Cascade
1790680551630,12856.73,12948.12,12685.19,12768.55,449.9,2026-09-29T11:15:51.630Z,High-Leverage Chop & Squeeze Cascade
1790680611630,12768.55,13144.57,12641.44,13069.7,576.9,2026-09-29T11:16:51.630Z,High-Leverage Chop & Squeeze Cascade
1790680671630,13069.7,13357.57,13018.09,13346.3,436.9,2026-09-29T11:17:51.630Z,High-Leverage Chop & Squeeze Cascade
1790680731630,13346.3,13642.58,13233.58,13614.37,411.4,2026-09-29T11:18:51.630Z,High-Leverage Chop & Squeeze Cascade
1790680791630,13614.37,13901.54,13592.83,13863.67,404.4,2026-09-29T11:19:51.630Z,High-Leverage Chop & Squeeze Cascade
1790680851630,13863.67,14314.06,13862.92,14237.3,992.2,2026-09-29T11:20:51.630Z,High-Leverage Chop & Squeeze Cascade
1790680911630,14237.3,14655.37,14090.82,14428.37,481.1,2026-09-29T11:21:51.630Z,High-Leverage Chop & Squeeze Cascade
1790680971630,14428.37,14869.25,14313.66,14668.88,672.1,2026-09-29T11:22:51.630Z,High-Leverage Chop & Squeeze Cascade
1790681031630,14668.88,15167.97,14590.62,14894.23,748.2,2026-09-29T11:23:51.630Z,High-Leverage Chop & Squeeze Cascade
1790681091630,14894.23,15167.6,14786.51,15128.23,710.4,2026-09-29T11:24:51.630Z,High-Leverage Chop & Squeeze Cascade
1790681151630,15128.23,15406.07,15113.54,15240.06,390,2026-09-29T11:25:51.630Z,High-Leverage Chop & Squeeze Cascade
1790681211630,15240.06,15715.94,15234.61,15392.07,719.9,2026-09-29T11:26:51.630Z,High-Leverage Chop & Squeeze Cascade
1790681271630,15392.07,15790.32,15218.48,15565.02,670.8,2026-09-29T11:27:51.630Z,High-Leverage Chop & Squeeze Cascade
1790681331630,15565.02,15703.4,15501.04,15639.55,409.8,2026-09-29T11:28:51.630Z,High-Leverage Chop & Squeeze Cascade
1790681391630,15639.55,15959.64,15535.17,15691.47,242.6,2026-09-29T11:29:51.630Z,High-Leverage Chop & Squeeze Cascade
1790681451630,15691.47,15749.95,15476.94,15730.16,458.7,2026-09-29T11:30:51.630Z,High-Leverage Chop & Squeeze Cascade
1790681511630,15730.16,15852.55,15530.78,15829.93,213.3,2026-09-29T11:31:51.630Z,High-Leverage Chop & Squeeze Cascade
1790681571630,15829.93,15963.29,15678.31,15882.4,399.6,2026-09-29T11:32:51.630Z,High-Leverage Chop & Squeeze Cascade
1790681631630,15882.4,16092.24,15775.92,15937.03,456.5,2026-09-29T11:33:51.630Z,High-Leverage Chop & Squeeze Cascade
1790681691630,15937.03,16102.78,15809.65,16029.3,532,2026-09-29T11:34:51.630Z,High-Leverage Chop & Squeeze Cascade
1790681751630,16029.3,16295.95,15838.65,16118.84,342.4,2026-09-29T11:35:51.630Z,High-Leverage Chop & Squeeze Cascade
1790681811630,16118.84,16212.04,15957.66,16174.28,365.1,2026-09-29T11:36:51.630Z,High-Leverage Chop & Squeeze Cascade
1790681871630,16174.28,16476.81,16116.8,16202.38,494.4,2026-09-29T11:37:51.630Z,High-Leverage Chop & Squeeze Cascade
1790681931630,16202.38,16400.12,16104.31,16280.9,488.6,2026-09-29T11:38:51.630Z,High-Leverage Chop & Squeeze Cascade
1790681991630,16280.9,16446.17,16197.99,16199.7,343.6,2026-09-29T11:39:51.630Z,High-Leverage Chop & Squeeze Cascade
1790682051630,16199.7,16375.53,15750.5,15869.21,879.3,2026-09-29T11:40:51.630Z,High-Leverage Chop & Squeeze Cascade
1790682111630,15869.21,16530.01,15778.35,16325.03,820.3,2026-09-29T11:41:51.630Z,High-Leverage Chop & Squeeze Cascade
1790682171630,16325.03,16521.14,15744.8,16010.64,508.9,2026-09-29T11:42:51.630Z,High-Leverage Chop & Squeeze Cascade
1790682231630,16010.64,16381.75,15848.94,15869.58,700.8,2026-09-29T11:43:51.630Z,High-Leverage Chop & Squeeze Cascade
1790682291630,15869.58,16139.65,15641.23,15663.67,469.7,2026-09-29T11:44:51.630Z,High-Leverage Chop & Squeeze Cascade
1790682351630,15663.67,15747.19,14851.71,14930.44,849.5,2026-09-29T11:45:51.630Z,High-Leverage Chop & Squeeze Cascade
1790682411630,14930.44,14956.7,14648.06,14844.29,633.8,2026-09-29T11:46:51.630Z,High-Leverage Chop & Squeeze Cascade
1790682471630,14844.29,15026.93,14758.65,14813.83,519.3,2026-09-29T11:47:51.630Z,High-Leverage Chop & Squeeze Cascade
1790682531630,14813.83,14877.99,14578.97,14669.61,382.8,2026-09-29T11:48:51.630Z,High-Leverage Chop & Squeeze Cascade
1790682591630,14669.61,14780.9,14563.32,14648.08,242.6,2026-09-29T11:49:51.630Z,High-Leverage Chop & Squeeze Cascade
1790682651630,14648.08,15274.45,14571.31,15158.44,889.3,2026-09-29T11:50:51.630Z,High-Leverage Chop & Squeeze Cascade
1790682711630,15158.44,15705.19,15034.29,15483.25,855.3,2026-09-29T11:51:51.630Z,High-Leverage Chop & Squeeze Cascade
1790682771630,15483.25,15941.72,15357.97,15868.38,561,2026-09-29T11:52:51.630Z,High-Leverage Chop & Squeeze Cascade
1790682831630,15868.38,16302.52,15657.18,16134.07,535.4,2026-09-29T11:53:51.630Z,High-Leverage Chop & Squeeze Cascade
1790682891630,16134.07,16591.82,16129.63,16345.62,681.1,2026-09-29T11:54:51.630Z,High-Leverage Chop & Squeeze Cascade
1790682951630,16345.62,16494.86,15883.74,16056.07,691.6,2026-09-29T11:55:51.630Z,High-Leverage Chop & Squeeze Cascade
1790683011630,16056.07,16262.64,15938.8,16242.89,620.4,2026-09-29T11:56:51.630Z,High-Leverage Chop & Squeeze Cascade
1790683071630,16242.89,16339.67,15880.81,16016.54,393.6,2026-09-29T11:57:51.630Z,High-Leverage Chop & Squeeze Cascade
1790683131630,16016.54,16085.1,15837.71,15876.25,689.3,2026-09-29T11:58:51.630Z,High-Leverage Chop & Squeeze Cascade
1790683191630,15876.25,15929.17,15642.56,15757.95,506.5,2026-09-29T11:59:51.630Z,High-Leverage Chop & Squeeze Cascade
1790683251630,15757.95,15887.66,15358.87,15587.5,418.8,2026-09-29T12:00:51.630Z,High-Leverage Chop & Squeeze Cascade
1790683311630,15587.5,15651.16,15585.22,15601.66,582.6,2026-09-29T12:01:51.630Z,High-Leverage Chop & Squeeze Cascade
1790683371630,15601.66,15834.65,15317.21,15478.53,413.6,2026-09-29T12:02:51.630Z,High-Leverage Chop & Squeeze Cascade
1790683431630,15478.53,15549.59,15366.15,15413.2,442.1,2026-09-29T12:03:51.630Z,High-Leverage Chop & Squeeze Cascade
1790683491630,15413.2,15586.81,15272.42,15285.97,687.1,2026-09-29T12:04:51.630Z,High-Leverage Chop & Squeeze Cascade
1790683551630,15285.97,15549.99,15213.58,15257.6,542.2,2026-09-29T12:05:51.630Z,High-Leverage Chop & Squeeze Cascade
1790683611630,15257.6,15906.17,15163.27,15822.43,724.9,2026-09-29T12:06:51.630Z,High-Leverage Chop & Squeeze Cascade
1790683671630,15822.43,15913.1,15702.55,15723.39,497.1,2026-09-29T12:07:51.630Z,High-Leverage Chop & Squeeze Cascade
1790683731630,15723.39,15905.53,15574.6,15769.87,548.5,2026-09-29T12:08:51.630Z,High-Leverage Chop & Squeeze Cascade
1790683791630,15769.87,15914.32,15449.51,15717.81,645.5,2026-09-29T12:09:51.630Z,High-Leverage Chop & Squeeze Cascade
1790683851630,15717.81,15799.98,15628.57,15668.65,410.6,2026-09-29T12:10:51.630Z,High-Leverage Chop & Squeeze Cascade
1790683911630,15668.65,15824.11,15530.05,15720.68,471.8,2026-09-29T12:11:51.630Z,High-Leverage Chop & Squeeze Cascade
1790683971630,15720.68,15771.44,15583.09,15683.05,612.1,2026-09-29T12:12:51.630Z,High-Leverage Chop & Squeeze Cascade
1790684031630,15683.05,15917.97,15381.73,15751.41,292.1,2026-09-29T12:13:51.630Z,High-Leverage Chop & Squeeze Cascade
1790684091630,15751.41,15887.75,15564.89,15773.53,316.6,2026-09-29T12:14:51.630Z,High-Leverage Chop & Squeeze Cascade
1790684151630,15773.53,15792.79,15523.87,15714.99,582.8,2026-09-29T12:15:51.630Z,High-Leverage Chop & Squeeze Cascade
1790684211630,15714.99,15819.14,15645.28,15656.74,315,2026-09-29T12:16:51.630Z,High-Leverage Chop & Squeeze Cascade
1790684271630,15656.74,15950.01,15548.9,15675.36,410.6,2026-09-29T12:17:51.630Z,High-Leverage Chop & Squeeze Cascade
1790684331630,15675.36,15933.22,15552.38,15741.87,576.7,2026-09-29T12:18:51.630Z,High-Leverage Chop & Squeeze Cascade
1790684391630,15741.87,15978.6,15403.36,15655.26,269.9,2026-09-29T12:19:51.630Z,High-Leverage Chop & Squeeze Cascade
1790684451630,15655.26,15830.45,14698.6,14775.81,1086.5,2026-09-29T12:20:51.630Z,High-Leverage Chop & Squeeze Cascade
1790684511630,14775.81,14841.32,14543.53,14597.87,319,2026-09-29T12:21:51.630Z,High-Leverage Chop & Squeeze Cascade
1790684571630,14597.87,14700.85,14369.98,14442.3,727.6,2026-09-29T12:22:51.630Z,High-Leverage Chop & Squeeze Cascade
1790684631630,14442.3,14463.41,14191.75,14323.96,681.1,2026-09-29T12:23:51.630Z,High-Leverage Chop & Squeeze Cascade
1790684691630,14323.96,14438.32,14034.84,14177.19,309.8,2026-09-29T12:24:51.630Z,High-Leverage Chop & Squeeze Cascade
1790684751630,14177.19,14295.79,14018.88,14030.67,668.2,2026-09-29T12:25:51.630Z,High-Leverage Chop & Squeeze Cascade
1790684811630,14030.67,14067.14,13657.86,13905.08,394.8,2026-09-29T12:26:51.630Z,High-Leverage Chop & Squeeze Cascade
1790684871630,13905.08,13949.66,13747.83,13863.73,510.9,2026-09-29T12:27:51.630Z,High-Leverage Chop & Squeeze Cascade
1790684931630,13863.73,14012.29,13299.36,13525.65,862.4,2026-09-29T12:28:51.630Z,High-Leverage Chop & Squeeze Cascade
1790684991630,13525.65,13597.08,13481.23,13484.8,260.3,2026-09-29T12:29:51.630Z,High-Leverage Chop & Squeeze Cascade
1790685051630,13484.8,13487.32,13243.59,13369.82,341.4,2026-09-29T12:30:51.630Z,High-Leverage Chop & Squeeze Cascade
1790685111630,13369.82,13396.95,13198.42,13271.6,530,2026-09-29T12:31:51.630Z,High-Leverage Chop & Squeeze Cascade
1790685171630,13271.6,13404.41,13080.84,13317.32,352.3,2026-09-29T12:32:51.630Z,High-Leverage Chop & Squeeze Cascade
1790685231630,13317.32,13397.31,13226.54,13276.62,237.5,2026-09-29T12:33:51.630Z,High-Leverage Chop & Squeeze Cascade
1790685291630,13276.62,13613.24,13104.29,13235.7,332.9,2026-09-29T12:34:51.630Z,High-Leverage Chop & Squeeze Cascade
1790685351630,13235.7,13307.23,13114.68,13250.03,412.6,2026-09-29T12:35:51.630Z,High-Leverage Chop & Squeeze Cascade
1790685411630,13250.03,13520.63,13100.05,13289.09,501.9,2026-09-29T12:36:51.630Z,High-Leverage Chop & Squeeze Cascade
1790685471630,13289.09,13575.51,13265.63,13305.3,480,2026-09-29T12:37:51.630Z,High-Leverage Chop & Squeeze Cascade
1790685531630,13305.3,13458.3,13067.45,13223.13,423.8,2026-09-29T12:38:51.630Z,High-Leverage Chop & Squeeze Cascade
1790685591630,13223.13,13285.17,12862.5,12903.29,607.8,2026-09-29T12:39:51.630Z,High-Leverage Chop & Squeeze Cascade
1790685651630,12903.29,13039.15,12448.07,12655.69,460.3,2026-09-29T12:40:51.630Z,High-Leverage Chop & Squeeze Cascade
1790685711630,12655.69,12744.38,12462.11,12478.68,756.9,2026-09-29T12:41:51.630Z,High-Leverage Chop & Squeeze Cascade
1790685771630,12478.68,12616.49,12212.84,12282.74,826.6,2026-09-29T12:42:51.630Z,High-Leverage Chop & Squeeze Cascade
1790685831630,12282.74,12471.49,12028.62,12118.72,608.3,2026-09-29T12:43:51.630Z,High-Leverage Chop & Squeeze Cascade
1790685891630,12118.72,12262.17,11672.03,11962.17,615.9,2026-09-29T12:44:51.630Z,High-Leverage Chop & Squeeze Cascade
1790685951630,11962.17,11996.48,11656.25,11837.28,426.5,2026-09-29T12:45:51.630Z,High-Leverage Chop & Squeeze Cascade
1790686011630,11837.28,11849.33,11742.75,11817,532.2,2026-09-29T12:46:51.630Z,High-Leverage Chop & Squeeze Cascade
1790686071630,11817,11946.8,11755.65,11783.15,300.2,2026-09-29T12:47:51.630Z,High-Leverage Chop & Squeeze Cascade
1790686131630,11783.15,11906.98,11602.89,11777.79,537.3,2026-09-29T12:48:51.630Z,High-Leverage Chop & Squeeze Cascade
1790686191630,11777.79,11799.86,11613.31,11774.33,557.9,2026-09-29T12:49:51.630Z,High-Leverage Chop & Squeeze Cascade
1790686251630,11774.33,12148.46,11664.09,12090.22,640.6,2026-09-29T12:50:51.630Z,High-Leverage Chop & Squeeze Cascade
1790686311630,12090.22,12532.64,12081.87,12373.82,719.9,2026-09-29T12:51:51.630Z,High-Leverage Chop & Squeeze Cascade
1790686371630,12373.82,13007.84,12245.82,12914.73,936.3,2026-09-29T12:52:51.630Z,High-Leverage Chop & Squeeze Cascade
1790686431630,12914.73,13210.68,12891.03,13093.78,497.8,2026-09-29T12:53:51.630Z,High-Leverage Chop & Squeeze Cascade
1790686491630,13093.78,13370.72,12961.18,13186.85,688.6,2026-09-29T12:54:51.630Z,High-Leverage Chop & Squeeze Cascade
1790686551630,13186.85,13919.19,13157.23,13814.63,1186.9,2026-09-29T12:55:51.630Z,High-Leverage Chop & Squeeze Cascade
1790686611630,13814.63,14049.02,13650.86,13977.82,483.5,2026-09-29T12:56:51.630Z,High-Leverage Chop & Squeeze Cascade
1790686671630,13977.82,14018.08,13730.83,14006.4,157.9,2026-09-29T12:57:51.630Z,High-Leverage Chop & Squeeze Cascade
1790686731630,14006.4,14332.48,13939.15,14144.15,696.8,2026-09-29T12:58:51.630Z,High-Leverage Chop & Squeeze Cascade
1790686791630,14144.15,14188.41,13680.25,13884.53,673.5,2026-09-29T12:59:51.630Z,High-Leverage Chop & Squeeze Cascade
1790686851630,13884.53,13920.28,13535.14,13633.24,529.5,2026-09-29T13:00:51.630Z,High-Leverage Chop & Squeeze Cascade
1790686911630,13633.24,13909.55,13387.13,13449.48,440.6,2026-09-29T13:01:51.630Z,High-Leverage Chop & Squeeze Cascade
1790686971630,13449.48,13466.79,12484.37,12714.81,1094.2,2026-09-29T13:02:51.630Z,High-Leverage Chop & Squeeze Cascade
1790687031630,12714.81,12927.56,12408.67,12570.19,294.9,2026-09-29T13:03:51.630Z,High-Leverage Chop & Squeeze Cascade
1790687091630,12570.19,12635.22,12446.25,12457.73,519.2,2026-09-29T13:04:51.630Z,High-Leverage Chop & Squeeze Cascade
1790687151630,12457.73,12521.86,12150.05,12277.15,504.3,2026-09-29T13:05:51.630Z,High-Leverage Chop & Squeeze Cascade
1790687211630,12277.15,12341.62,12062.26,12140.63,572.8,2026-09-29T13:06:51.630Z,High-Leverage Chop & Squeeze Cascade
1790687271630,12140.63,12561.77,12078.06,12492.56,675.4,2026-09-29T13:07:51.630Z,High-Leverage Chop & Squeeze Cascade
1790687331630,12492.56,12941.19,12450.74,12885.04,914.5,2026-09-29T13:08:51.630Z,High-Leverage Chop & Squeeze Cascade
1790687391630,12885.04,13350.98,12851.32,13191.41,772.3,2026-09-29T13:09:51.630Z,High-Leverage Chop & Squeeze Cascade
1790687451630,13191.41,13502.14,13154.94,13477.81,586.5,2026-09-29T13:10:51.630Z,High-Leverage Chop & Squeeze Cascade
1790687511630,13477.81,13741.39,13218.2,13679.06,342,2026-09-29T13:11:51.630Z,High-Leverage Chop & Squeeze Cascade
1790687571630,13679.06,14051.44,13545.13,13937.21,410.4,2026-09-29T13:12:51.630Z,High-Leverage Chop & Squeeze Cascade
1790687631630,13937.21,14710.17,13933.79,14572.28,1229.4,2026-09-29T13:13:51.630Z,High-Leverage Chop & Squeeze Cascade
1790687691630,14572.28,15370.07,14548.23,15201.29,904.3,2026-09-29T13:14:51.630Z,High-Leverage Chop & Squeeze Cascade
1790687751630,15201.29,15600.87,14937.88,15567.24,947.1,2026-09-29T13:15:51.630Z,High-Leverage Chop & Squeeze Cascade
1790687811630,15567.24,15921.97,15469.95,15900.31,815.9,2026-09-29T13:16:51.630Z,High-Leverage Chop & Squeeze Cascade
1790687871630,15900.31,16205.18,15713.76,16107.09,446.6,2026-09-29T13:17:51.630Z,High-Leverage Chop & Squeeze Cascade
1790687931630,16107.09,16406.87,16015.28,16294.4,351.7,2026-09-29T13:18:51.630Z,High-Leverage Chop & Squeeze Cascade
1790687991630,16294.4,16432.93,16232.73,16384.54,293.5,2026-09-29T13:19:51.630Z,High-Leverage Chop & Squeeze Cascade
1790688051630,16384.54,16693.79,16277.89,16561.45,490.1,2026-09-29T13:20:51.630Z,High-Leverage Chop & Squeeze Cascade
1790688111630,16561.45,17657.58,16531.37,17408.07,1095.1,2026-09-29T13:21:51.630Z,High-Leverage Chop & Squeeze Cascade
1790688171630,17408.07,17677.7,17176.1,17516.37,271.2,2026-09-29T13:22:51.630Z,High-Leverage Chop & Squeeze Cascade
1790688231630,17516.37,17824.23,17502.05,17641.98,522.1,2026-09-29T13:23:51.630Z,High-Leverage Chop & Squeeze Cascade
1790688291630,17641.98,17832.18,17532.56,17774.75,559.3,2026-09-29T13:24:51.630Z,High-Leverage Chop & Squeeze Cascade
1790688351630,17774.75,18431.45,17688.77,18265.71,514.5,2026-09-29T13:25:51.630Z,High-Leverage Chop & Squeeze Cascade
1790688411630,18265.71,18697.6,17844.56,18601.41,743.7,2026-09-29T13:26:51.630Z,High-Leverage Chop & Squeeze Cascade
1790688471630,18601.41,18873.66,18413.02,18839.63,460.2,2026-09-29T13:27:51.630Z,High-Leverage Chop & Squeeze Cascade
1790688531630,18839.63,19514.9,18836.16,19216.39,840.2,2026-09-29T13:28:51.630Z,High-Leverage Chop & Squeeze Cascade
1790688591630,19216.39,19754.14,19053.92,19484.49,634,2026-09-29T13:29:51.630Z,High-Leverage Chop & Squeeze Cascade
1790688651630,19484.49,20112.04,19375.88,19770.97,673.7,2026-09-29T13:30:51.630Z,High-Leverage Chop & Squeeze Cascade
1790688711630,19770.97,20079.61,19593.14,20030.41,585.2,2026-09-29T13:31:51.630Z,High-Leverage Chop & Squeeze Cascade
1790688771630,20030.41,20477.75,19863.01,20149.66,595.1,2026-09-29T13:32:51.630Z,High-Leverage Chop & Squeeze Cascade
1790688831630,20149.66,20316.28,19787.52,20276.18,404.9,2026-09-29T13:33:51.630Z,High-Leverage Chop & Squeeze Cascade
1790688891630,20276.18,21347.7,20263.04,21275.96,1283.1,2026-09-29T13:34:51.630Z,High-Leverage Chop & Squeeze Cascade
1790688951630,21275.96,21349.62,20426.58,20832.46,663,2026-09-29T13:35:51.630Z,High-Leverage Chop & Squeeze Cascade
1790689011630,20832.46,20953.26,20640.75,20893.18,507.2,2026-09-29T13:36:51.630Z,High-Leverage Chop & Squeeze Cascade
1790689071630,20893.18,21875.89,20859.56,21714.15,1069.5,2026-09-29T13:37:51.630Z,High-Leverage Chop & Squeeze Cascade
1790689131630,21714.15,22018.65,21211.52,21916.44,566.5,2026-09-29T13:38:51.630Z,High-Leverage Chop & Squeeze Cascade
1790689191630,21916.44,22020.83,21809.85,21978.71,591.9,2026-09-29T13:39:51.630Z,High-Leverage Chop & Squeeze Cascade
1790689251630,21978.71,22278.1,21352.53,21499.12,855.4,2026-09-29T13:40:51.630Z,High-Leverage Chop & Squeeze Cascade
1790689311630,21499.12,21499.52,21183.24,21231.09,383.4,2026-09-29T13:41:51.630Z,High-Leverage Chop & Squeeze Cascade
1790689371630,21231.09,21590.13,20894.13,20902.39,509.8,2026-09-29T13:42:51.630Z,High-Leverage Chop & Squeeze Cascade
1790689431630,20902.39,20931.93,20514.7,20561.83,766.2,2026-09-29T13:43:51.630Z,High-Leverage Chop & Squeeze Cascade
1790689491630,20561.83,20606.89,20287.4,20395.8,445.3,2026-09-29T13:44:51.630Z,High-Leverage Chop & Squeeze Cascade
1790689551630,20395.8,20440.2,20188.81,20333.54,161.9,2026-09-29T13:45:51.630Z,High-Leverage Chop & Squeeze Cascade
1790689611630,20333.54,20337.18,20245.01,20272.79,372.9,2026-09-29T13:46:51.630Z,High-Leverage Chop & Squeeze Cascade
1790689671630,20272.79,20378.58,19774.13,20168.33,507.8,2026-09-29T13:47:51.630Z,High-Leverage Chop & Squeeze Cascade
1790689731630,20168.33,20232.48,19846.72,20040.09,537.8,2026-09-29T13:48:51.630Z,High-Leverage Chop & Squeeze Cascade
1790689791630,20040.09,20282.7,18857.74,18966.64,944.3,2026-09-29T13:49:51.630Z,High-Leverage Chop & Squeeze Cascade
1790689851630,18966.64,19044.17,18886.28,18926.9,167.2,2026-09-29T13:50:51.630Z,High-Leverage Chop & Squeeze Cascade
1790689911630,18926.9,18959.15,18337.86,18390.25,708.8,2026-09-29T13:51:51.630Z,High-Leverage Chop & Squeeze Cascade
1790689971630,18390.25,18506.54,17294.17,17390.91,1156.6,2026-09-29T13:52:51.630Z,High-Leverage Chop & Squeeze Cascade
1790690031630,17390.91,17443.59,17033.21,17066.32,544.8,2026-09-29T13:53:51.630Z,High-Leverage Chop & Squeeze Cascade
1790690091630,17066.32,17251.89,16046.09,16163.57,1224.9,2026-09-29T13:54:51.630Z,High-Leverage Chop & Squeeze Cascade
1790690151630,16163.57,16177.97,15938.2,16003.53,707.8,2026-09-29T13:55:51.630Z,High-Leverage Chop & Squeeze Cascade
1790690211630,16003.53,16065.55,15382.42,15526.78,872.1,2026-09-29T13:56:51.630Z,High-Leverage Chop & Squeeze Cascade
1790690271630,15526.78,15558.03,14997.39,15073.28,1031.1,2026-09-29T13:57:51.630Z,High-Leverage Chop & Squeeze Cascade
1790690331630,15073.28,15136.87,14213.04,14327.49,1289.6,2026-09-29T13:58:51.630Z,High-Leverage Chop & Squeeze Cascade
1790690391630,14327.49,14759.72,14298.33,14708.77,774.7,2026-09-29T13:59:51.630Z,High-Leverage Chop & Squeeze Cascade
1790690451630,14708.77,14904.07,14370.17,14423.2,747.6,2026-09-29T14:00:51.630Z,High-Leverage Chop & Squeeze Cascade
1790690511630,14423.2,14543.57,14173.91,14281.85,456.1,2026-09-29T14:01:51.630Z,High-Leverage Chop & Squeeze Cascade
1790690571630,14281.85,14295.72,14005.77,14071.64,387.4,2026-09-29T14:02:51.630Z,High-Leverage Chop & Squeeze Cascade
1790690631630,14071.64,14071.73,13754.13,13917.9,469.5,2026-09-29T14:03:51.630Z,High-Leverage Chop & Squeeze Cascade
1790690691630,13917.9,14259.31,13388.98,13523.89,1007.7,2026-09-29T14:04:51.630Z,High-Leverage Chop & Squeeze Cascade
1790690751630,13523.89,13740.63,13330.27,13457.85,546.7,2026-09-29T14:05:51.630Z,High-Leverage Chop & Squeeze Cascade
1790690811630,13457.85,13520.74,13220.67,13320.61,377.3,2026-09-29T14:06:51.630Z,High-Leverage Chop & Squeeze Cascade
1790690871630,13320.61,13386.11,13054.89,13197.75,349.2,2026-09-29T14:07:51.630Z,High-Leverage Chop & Squeeze Cascade
1790690931630,13197.75,13281.07,13070.42,13128.88,233.7,2026-09-29T14:08:51.630Z,High-Leverage Chop & Squeeze Cascade
1790690991630,13128.88,13196.31,12939.29,13054.91,339.9,2026-09-29T14:09:51.630Z,High-Leverage Chop & Squeeze Cascade
1790691051630,13054.91,13198.96,12593.04,12708.43,602,2026-09-29T14:10:51.630Z,High-Leverage Chop & Squeeze Cascade
1790691111630,12708.43,12809.31,12386.91,12404,884.8,2026-09-29T14:11:51.630Z,High-Leverage Chop & Squeeze Cascade
1790691171630,12404,12667.66,12260.47,12559.79,466.9,2026-09-29T14:12:51.630Z,High-Leverage Chop & Squeeze Cascade
1790691231630,12559.79,12653.82,12158.49,12344.04,757.7,2026-09-29T14:13:51.630Z,High-Leverage Chop & Squeeze Cascade
1790691291630,12344.04,12370.03,12129.89,12137.26,653.5,2026-09-29T14:14:51.630Z,High-Leverage Chop & Squeeze Cascade
1790691351630,12137.26,12248.38,11964.16,11975.47,315.1,2026-09-29T14:15:51.630Z,High-Leverage Chop & Squeeze Cascade
1790691411630,11975.47,12002.07,11761.09,11888.48,410.8,2026-09-29T14:16:51.630Z,High-Leverage Chop & Squeeze Cascade
1790691471630,11888.48,12028.17,11841.46,11848.88,257.3,2026-09-29T14:17:51.630Z,High-Leverage Chop & Squeeze Cascade
1790691531630,11848.88,12072.42,11703.08,11712.19,575.8,2026-09-29T14:18:51.630Z,High-Leverage Chop & Squeeze Cascade
1790691591630,11712.19,12113.33,11519.01,12012.25,615.2,2026-09-29T14:19:51.630Z,High-Leverage Chop & Squeeze Cascade
1790691651630,12012.25,12421.11,11893.47,12296.31,874.7,2026-09-29T14:20:51.630Z,High-Leverage Chop & Squeeze Cascade
1790691711630,12296.31,12390.75,11896.17,12012.87,565,2026-09-29T14:21:51.630Z,High-Leverage Chop & Squeeze Cascade
1790691771630,12012.87,12293.91,11897.94,12160.27,575,2026-09-29T14:22:51.630Z,High-Leverage Chop & Squeeze Cascade
1790691831630,12160.27,12546.65,12039.98,12371.19,574,2026-09-29T14:23:51.630Z,High-Leverage Chop & Squeeze Cascade
1790691891630,12371.19,12609.53,12322.52,12479.63,383.4,2026-09-29T14:24:51.630Z,High-Leverage Chop & Squeeze Cascade
1790691951630,12479.63,12613.35,12269.51,12588.82,703.6,2026-09-29T14:25:51.630Z,High-Leverage Chop & Squeeze Cascade
1790692011630,12588.82,13240.84,12485.06,13178.74,1065.4,2026-09-29T14:26:51.630Z,High-Leverage Chop & Squeeze Cascade
1790692071630,13178.74,13320.87,12929.85,13308.71,591.1,2026-09-29T14:27:51.630Z,High-Leverage Chop & Squeeze Cascade
1790692131630,13308.71,13570.03,13051.34,13463.31,659.1,2026-09-29T14:28:51.630Z,High-Leverage Chop & Squeeze Cascade
1790692191630,13463.31,13680.27,13458.58,13595.39,718.1,2026-09-29T14:29:51.630Z,High-Leverage Chop & Squeeze Cascade
1790692251630,13595.39,13895.56,13478.5,13785.78,403.4,2026-09-29T14:30:51.630Z,High-Leverage Chop & Squeeze Cascade
1790692311630,13785.78,14128.94,13734.52,13900.32,301.2,2026-09-29T14:31:51.630Z,High-Leverage Chop & Squeeze Cascade
1790692371630,13900.32,14008.18,13462.63,13586.24,881,2026-09-29T14:32:51.630Z,High-Leverage Chop & Squeeze Cascade
1790692431630,13586.24,14107.85,13577.13,14050.56,970.7,2026-09-29T14:33:51.630Z,High-Leverage Chop & Squeeze Cascade
1790692491630,14050.56,14488.04,13922.02,14198.45,317,2026-09-29T14:34:51.630Z,High-Leverage Chop & Squeeze Cascade
1790692551630,14198.45,14320.99,13966.5,14266.65,480,2026-09-29T14:35:51.630Z,High-Leverage Chop & Squeeze Cascade
1790692611630,14266.65,14445.9,14072.92,14257.1,455.9,2026-09-29T14:36:51.630Z,High-Leverage Chop & Squeeze Cascade
1790692671630,14257.1,14604.77,14256.43,14395.27,551.2,2026-09-29T14:37:51.630Z,High-Leverage Chop & Squeeze Cascade
1790692731630,14395.27,14590.48,14186.49,14392.78,238.5,2026-09-29T14:38:51.630Z,High-Leverage Chop & Squeeze Cascade
1790692791630,14392.78,14685.65,14233.81,14516.73,374.8,2026-09-29T14:39:51.630Z,High-Leverage Chop & Squeeze Cascade
1790692851630,14516.73,14678.59,14383.24,14533.08,390.4,2026-09-29T14:40:51.630Z,High-Leverage Chop & Squeeze Cascade
1790692911630,14533.08,14823.33,14252.38,14607.6,395.9,2026-09-29T14:41:51.630Z,High-Leverage Chop & Squeeze Cascade
1790692971630,14607.6,14732.48,14497.67,14640.19,530,2026-09-29T14:42:51.630Z,High-Leverage Chop & Squeeze Cascade
1790693031630,14640.19,14797.18,14515.21,14683.88,481.4,2026-09-29T14:43:51.630Z,High-Leverage Chop & Squeeze Cascade
1790693091630,14683.88,14854.72,14650.61,14775.43,400.1,2026-09-29T14:44:51.630Z,High-Leverage Chop & Squeeze Cascade
1790693151630,14775.43,14875.11,14607.84,14733.15,149,2026-09-29T14:45:51.630Z,High-Leverage Chop & Squeeze Cascade
1790693211630,14733.15,15155.29,14700.37,15031.88,860.4,2026-09-29T14:46:51.630Z,High-Leverage Chop & Squeeze Cascade
1790693271630,15031.88,15091.79,14490.12,14587.67,741,2026-09-29T14:47:51.630Z,High-Leverage Chop & Squeeze Cascade
1790693331630,14587.67,14926.64,14505.04,14799.04,414.7,2026-09-29T14:48:51.630Z,High-Leverage Chop & Squeeze Cascade
1790693391630,14799.04,15187.65,14706.54,14940.89,276.6,2026-09-29T14:49:51.630Z,High-Leverage Chop & Squeeze Cascade
1790693451630,14940.89,15120.05,14912.19,15020.41,425.9,2026-09-29T14:50:51.630Z,High-Leverage Chop & Squeeze Cascade
1790693511630,15020.41,15261.15,14994.4,15120.6,638.2,2026-09-29T14:51:51.630Z,High-Leverage Chop & Squeeze Cascade
1790693571630,15120.6,15249.65,15011.33,15180.81,516.2,2026-09-29T14:52:51.630Z,High-Leverage Chop & Squeeze Cascade
1790693631630,15180.81,15403.6,15080.59,15353.29,284.1,2026-09-29T14:53:51.630Z,High-Leverage Chop & Squeeze Cascade
1790693691630,15353.29,15830.5,15284.19,15511.82,640.7,2026-09-29T14:54:51.630Z,High-Leverage Chop & Squeeze Cascade
1790693751630,15511.82,15586.55,14877.18,15087.86,723.1,2026-09-29T14:55:51.630Z,High-Leverage Chop & Squeeze Cascade
1790693811630,15087.86,15406.08,14618.92,14741.63,784.4,2026-09-29T14:56:51.630Z,High-Leverage Chop & Squeeze Cascade
1790693871630,14741.63,14840.08,14459.05,14501.67,710.7,2026-09-29T14:57:51.630Z,High-Leverage Chop & Squeeze Cascade
1790693931630,14501.67,14504.46,14218.61,14261.93,411.8,2026-09-29T14:58:51.630Z,High-Leverage Chop & Squeeze Cascade
1790693991630,14261.93,14272.26,13999.65,14029.09,356.8,2026-09-29T14:59:51.630Z,High-Leverage Chop & Squeeze Cascade
1790694051630,14029.09,14318.74,14004.75,14249.71,780.9,2026-09-29T15:00:51.630Z,High-Leverage Chop & Squeeze Cascade
1790694111630,14249.71,14548.93,14081.51,14542.12,479.3,2026-09-29T15:01:51.630Z,High-Leverage Chop & Squeeze Cascade
1790694171630,14542.12,15288.07,14489.35,15251.93,1134.9,2026-09-29T15:02:51.630Z,High-Leverage Chop & Squeeze Cascade
1790694231630,15251.93,15612.49,15183.65,15456.43,413.3,2026-09-29T15:03:51.630Z,High-Leverage Chop & Squeeze Cascade
1790694291630,15456.43,15682.18,15377.69,15641.14,447.7,2026-09-29T15:04:51.630Z,High-Leverage Chop & Squeeze Cascade
1790694351630,15641.14,15802.76,15432.86,15782.95,327.3,2026-09-29T15:05:51.630Z,High-Leverage Chop & Squeeze Cascade
1790694411630,15782.95,15871.52,15623.33,15817.56,187.5,2026-09-29T15:06:51.630Z,High-Leverage Chop & Squeeze Cascade
1790694471630,15817.56,16173.09,15714.38,15888.51,646.8,2026-09-29T15:07:51.630Z,High-Leverage Chop & Squeeze Cascade
1790694531630,15888.51,15907.22,15348.81,15401.83,917.6,2026-09-29T15:08:51.630Z,High-Leverage Chop & Squeeze Cascade
1790694591630,15401.83,15495.23,14329.56,14365.18,1454.4,2026-09-29T15:09:51.630Z,High-Leverage Chop & Squeeze Cascade
1790694651630,14365.18,14573.09,14112.26,14281.78,668.9,2026-09-29T15:10:51.630Z,High-Leverage Chop & Squeeze Cascade
1790694711630,14281.78,14291.26,13969.44,14131.29,718.6,2026-09-29T15:11:51.630Z,High-Leverage Chop & Squeeze Cascade
1790694771630,14131.29,14322.89,13391.47,13535.77,846.4,2026-09-29T15:12:51.630Z,High-Leverage Chop & Squeeze Cascade
1790694831630,13535.77,13621.95,13158.34,13391.86,674.4,2026-09-29T15:13:51.630Z,High-Leverage Chop & Squeeze Cascade
1790694891630,13391.86,13589.45,13077.26,13158.25,525.8,2026-09-29T15:14:51.630Z,High-Leverage Chop & Squeeze Cascade
1790694951630,13158.25,13202.04,12839.6,13018.71,735.3,2026-09-29T15:15:51.630Z,High-Leverage Chop & Squeeze Cascade
1790695011630,13018.71,13136.41,12757.56,12893.1,685.2,2026-09-29T15:16:51.630Z,High-Leverage Chop & Squeeze Cascade
1790695071630,12893.1,13026.13,12737.16,12848.69,285.9,2026-09-29T15:17:51.630Z,High-Leverage Chop & Squeeze Cascade
1790695131630,12848.69,13000.44,12716.34,12759.33,340.7,2026-09-29T15:18:51.630Z,High-Leverage Chop & Squeeze Cascade
1790695191630,12759.33,12839.31,12606.05,12736.86,157.5,2026-09-29T15:19:51.630Z,High-Leverage Chop & Squeeze Cascade
1790695251630,12736.86,12784.92,12234.89,12414.47,908.8,2026-09-29T15:20:51.630Z,High-Leverage Chop & Squeeze Cascade
1790695311630,12414.47,12526.71,11786.37,12053.54,994.7,2026-09-29T15:21:51.630Z,High-Leverage Chop & Squeeze Cascade
1790695371630,12053.54,12150.13,11735.92,11910.02,371,2026-09-29T15:22:51.630Z,High-Leverage Chop & Squeeze Cascade
1790695431630,11910.02,12044.13,11702.28,11732.7,503.4,2026-09-29T15:23:51.630Z,High-Leverage Chop & Squeeze Cascade
1790695491630,11732.7,11941.46,11397.92,11486.47,638.2,2026-09-29T15:24:51.630Z,High-Leverage Chop & Squeeze Cascade
1790695551630,11486.47,11599.78,11203.85,11270.77,400.2,2026-09-29T15:25:51.630Z,High-Leverage Chop & Squeeze Cascade
1790695611630,11270.77,11322.1,11023.08,11055.57,873.5,2026-09-29T15:26:51.630Z,High-Leverage Chop & Squeeze Cascade
1790695671630,11055.57,11197.4,10849.32,10895.65,666.8,2026-09-29T15:27:51.630Z,High-Leverage Chop & Squeeze Cascade
1790695731630,10895.65,10978.23,10730.78,10735.47,622.1,2026-09-29T15:28:51.630Z,High-Leverage Chop & Squeeze Cascade
1790695791630,10735.47,10831.82,10618,10665.53,558.8,2026-09-29T15:29:51.630Z,High-Leverage Chop & Squeeze Cascade
1790695851630,10665.53,10793.17,10432.89,10605.84,301.8,2026-09-29T15:30:51.630Z,High-Leverage Chop & Squeeze Cascade
1790695911630,10605.84,10858.74,10358.41,10480.49,514.2,2026-09-29T15:31:51.630Z,High-Leverage Chop & Squeeze Cascade
1790695971630,10480.49,10510.26,10383.8,10390.12,487,2026-09-29T15:32:51.630Z,High-Leverage Chop & Squeeze Cascade
1790696031630,10390.12,10892.21,10245.43,10851.14,1230,2026-09-29T15:33:51.630Z,High-Leverage Chop & Squeeze Cascade
1790696091630,10851.14,11475.11,10851.04,11237.24,947.4,2026-09-29T15:34:51.630Z,High-Leverage Chop & Squeeze Cascade
1790696151630,11237.24,11316.23,11102.4,11150.93,349.4,2026-09-29T15:35:51.630Z,High-Leverage Chop & Squeeze Cascade
1790696211630,11150.93,11281.65,10974.89,11067.36,470.8,2026-09-29T15:36:51.630Z,High-Leverage Chop & Squeeze Cascade
1790696271630,11067.36,11195.66,11006.77,11096.06,472.6,2026-09-29T15:37:51.630Z,High-Leverage Chop & Squeeze Cascade
1790696331630,11096.06,11228.47,10929,11122.97,532.1,2026-09-29T15:38:51.630Z,High-Leverage Chop & Squeeze Cascade
1790696391630,11122.97,11294.13,11109.19,11113.35,122.4,2026-09-29T15:39:51.630Z,High-Leverage Chop & Squeeze Cascade
1790696451630,11113.35,11478,11022.06,11443.83,745.7,2026-09-29T15:40:51.630Z,High-Leverage Chop & Squeeze Cascade
1790696511630,11443.83,11829.39,11376.69,11789.98,1038.8,2026-09-29T15:41:51.630Z,High-Leverage Chop & Squeeze Cascade
1790696571630,11789.98,12039.11,11599.17,11996.83,560.8,2026-09-29T15:42:51.630Z,High-Leverage Chop & Squeeze Cascade
1790696631630,11996.83,12264.69,11903.28,12235.41,802.7,2026-09-29T15:43:51.630Z,High-Leverage Chop & Squeeze Cascade
1790696691630,12235.41,12556.65,12018.62,12406.39,588.2,2026-09-29T15:44:51.630Z,High-Leverage Chop & Squeeze Cascade
1790696751630,12406.39,12580.66,12142.48,12526.73,730.5,2026-09-29T15:45:51.630Z,High-Leverage Chop & Squeeze Cascade
1790696811630,12526.73,12789.65,12280.99,12660.91,607.8,2026-09-29T15:46:51.630Z,High-Leverage Chop & Squeeze Cascade
1790696871630,12660.91,12805.01,12496.62,12714.94,623.9,2026-09-29T15:47:51.630Z,High-Leverage Chop & Squeeze Cascade
1790696931630,12714.94,12917.11,12590.16,12872.19,685.1,2026-09-29T15:48:51.630Z,High-Leverage Chop & Squeeze Cascade
1790696991630,12872.19,12904.79,12739.86,12886.89,174.2,2026-09-29T15:49:51.630Z,High-Leverage Chop & Squeeze Cascade
1790697051630,12886.89,13517.15,12767.64,13503.73,884.6,2026-09-29T15:50:51.630Z,High-Leverage Chop & Squeeze Cascade
1790697111630,13503.73,13582.1,13306.68,13574.13,223.6,2026-09-29T15:51:51.630Z,High-Leverage Chop & Squeeze Cascade
1790697171630,13574.13,13721.12,13218.08,13430.67,584.3,2026-09-29T15:52:51.630Z,High-Leverage Chop & Squeeze Cascade
1790697231630,13430.67,13636.65,12739.68,12741.17,1028.2,2026-09-29T15:53:51.630Z,High-Leverage Chop & Squeeze Cascade
1790697291630,12741.17,12874.27,12525.75,12685.59,520.9,2026-09-29T15:54:51.630Z,High-Leverage Chop & Squeeze Cascade
1790697351630,12685.59,12794.75,12474.47,12591.86,541.2,2026-09-29T15:55:51.630Z,High-Leverage Chop & Squeeze Cascade
1790697411630,12591.86,12891.67,12294,12407.17,689.4,2026-09-29T15:56:51.630Z,High-Leverage Chop & Squeeze Cascade
1790697471630,12407.17,12505.36,12048.97,12138.72,572.4,2026-09-29T15:57:51.630Z,High-Leverage Chop & Squeeze Cascade
1790697531630,12138.72,12259.15,11802.58,11907.97,495.7,2026-09-29T15:58:51.630Z,High-Leverage Chop & Squeeze Cascade
1790697591630,11907.97,11997.9,11656.84,11815.45,394.9,2026-09-29T15:59:51.630Z,High-Leverage Chop & Squeeze Cascade
1790697651630,11815.45,11982.31,11662.86,11692.53,278.6,2026-09-29T16:00:51.630Z,High-Leverage Chop & Squeeze Cascade
1790697711630,11692.53,11778.39,11445.88,11650.28,223.9,2026-09-29T16:01:51.630Z,High-Leverage Chop & Squeeze Cascade
1790697771630,11650.28,12077.32,11396.48,11930.45,552.5,2026-09-29T16:02:51.630Z,High-Leverage Chop & Squeeze Cascade
1790697831630,11930.45,11931.74,11461.21,11609.19,804.9,2026-09-29T16:03:51.630Z,High-Leverage Chop & Squeeze Cascade
1790697891630,11609.19,11660,11484.69,11616.89,148.3,2026-09-29T16:04:51.630Z,High-Leverage Chop & Squeeze Cascade
1790697951630,11616.89,11658.05,11559.67,11573.73,424.6,2026-09-29T16:05:51.630Z,High-Leverage Chop & Squeeze Cascade
1790698011630,11573.73,11968.74,11519.25,11900.94,980.9,2026-09-29T16:06:51.630Z,High-Leverage Chop & Squeeze Cascade
1790698071630,11900.94,11905.35,11752.07,11853.45,642.5,2026-09-29T16:07:51.630Z,High-Leverage Chop & Squeeze Cascade
1790698131630,11853.45,11909.75,11703,11798.76,202,2026-09-29T16:08:51.630Z,High-Leverage Chop & Squeeze Cascade
1790698191630,11798.76,11978.29,11522.03,11811.9,118.1,2026-09-29T16:09:51.630Z,High-Leverage Chop & Squeeze Cascade
1790698251630,11811.9,11815.8,11497.83,11553.48,864.8,2026-09-29T16:10:51.630Z,High-Leverage Chop & Squeeze Cascade
1790698311630,11553.48,11751.19,11123.65,11339.34,786.9,2026-09-29T16:11:51.630Z,High-Leverage Chop & Squeeze Cascade
1790698371630,11339.34,11472.67,11140.08,11184.29,445.9,2026-09-29T16:12:51.630Z,High-Leverage Chop & Squeeze Cascade
1790698431630,11184.29,11264.89,11060.47,11095.78,342.5,2026-09-29T16:13:51.630Z,High-Leverage Chop & Squeeze Cascade
1790698491630,11095.78,11452.82,11024.72,11385.8,672,2026-09-29T16:14:51.630Z,High-Leverage Chop & Squeeze Cascade
1790698551630,11385.8,11534.25,11329.48,11357.97,635.8,2026-09-29T16:15:51.630Z,High-Leverage Chop & Squeeze Cascade
1790698611630,11357.97,11450.69,10970.96,11041.53,968,2026-09-29T16:16:51.630Z,High-Leverage Chop & Squeeze Cascade
1790698671630,11041.53,11119.53,10692.01,10815.63,894.5,2026-09-29T16:17:51.630Z,High-Leverage Chop & Squeeze Cascade
1790698731630,10815.63,10889.39,10391.26,10571.16,512.2,2026-09-29T16:18:51.630Z,High-Leverage Chop & Squeeze Cascade
1790698791630,10571.16,10654.85,10277.11,10346.61,648.7,2026-09-29T16:19:51.630Z,High-Leverage Chop & Squeeze Cascade
1790698851630,10346.61,10388.83,10021.73,10161.66,553.9,2026-09-29T16:20:51.630Z,High-Leverage Chop & Squeeze Cascade
1790698911630,10161.66,10232.2,9913.88,9980.22,855.4,2026-09-29T16:21:51.630Z,High-Leverage Chop & Squeeze Cascade
1790698971630,9980.22,10033.02,9684.23,9825.92,690.3,2026-09-29T16:22:51.630Z,High-Leverage Chop & Squeeze Cascade
1790699031630,9825.92,9876.63,9613.07,9711.94,443.7,2026-09-29T16:23:51.630Z,High-Leverage Chop & Squeeze Cascade
1790699091630,9711.94,9756.46,9420.7,9606.06,289.6,2026-09-29T16:24:51.630Z,High-Leverage Chop & Squeeze Cascade
1790699151630,9606.06,9724.99,9505,9553.51,229.4,2026-09-29T16:25:51.630Z,High-Leverage Chop & Squeeze Cascade
1790699211630,9553.51,9564.21,9343.8,9517.46,275.4,2026-09-29T16:26:51.630Z,High-Leverage Chop & Squeeze Cascade
1790699271630,9517.46,9628.57,9467.21,9477.03,473,2026-09-29T16:27:51.630Z,High-Leverage Chop & Squeeze Cascade
1790699331630,9477.03,9726.55,9454.11,9639.23,783.9,2026-09-29T16:28:51.630Z,High-Leverage Chop & Squeeze Cascade
1790699391630,9639.23,9837.87,9614.31,9730.73,349.3,2026-09-29T16:29:51.630Z,High-Leverage Chop & Squeeze Cascade
1790699451630,9730.73,9897.37,9708.86,9822.27,550.5,2026-09-29T16:30:51.630Z,High-Leverage Chop & Squeeze Cascade
1790699511630,9822.27,10031.48,9589.66,9923.43,285.3,2026-09-29T16:31:51.630Z,High-Leverage Chop & Squeeze Cascade
1790699571630,9923.43,9990,9798.74,9958.71,639,2026-09-29T16:32:51.630Z,High-Leverage Chop & Squeeze Cascade
1790699631630,9958.71,10143.07,9927.34,10046.84,257.6,2026-09-29T16:33:51.630Z,High-Leverage Chop & Squeeze Cascade
1790699691630,10046.84,10275.47,9802.48,9804.46,569.1,2026-09-29T16:34:51.630Z,High-Leverage Chop & Squeeze Cascade
1790699751630,9804.46,9979.68,9399.13,9590.98,534.6,2026-09-29T16:35:51.630Z,High-Leverage Chop & Squeeze Cascade
1790699811630,9590.98,9682.39,9358.37,9393.02,766.6,2026-09-29T16:36:51.630Z,High-Leverage Chop & Squeeze Cascade
1790699871630,9393.02,9408.28,9207.19,9224.85,679.4,2026-09-29T16:37:51.630Z,High-Leverage Chop & Squeeze Cascade
1790699931630,9224.85,9271.74,9022.07,9039.25,486.2,2026-09-29T16:38:51.630Z,High-Leverage Chop & Squeeze Cascade
1790699991630,9039.25,9199.48,8952.25,8952.66,338.5,2026-09-29T16:39:51.630Z,High-Leverage Chop & Squeeze Cascade
1790700051630,8952.66,8957.66,8653.27,8690.99,928,2026-09-29T16:40:51.630Z,High-Leverage Chop & Squeeze Cascade
1790700111630,8690.99,8727.26,8395.82,8467.75,672.6,2026-09-29T16:41:51.630Z,High-Leverage Chop & Squeeze Cascade
1790700171630,8467.75,8627.28,8174.14,8328.13,495.4,2026-09-29T16:42:51.630Z,High-Leverage Chop & Squeeze Cascade
1790700231630,8328.13,8617.94,8197.26,8507.17,496.1,2026-09-29T16:43:51.630Z,High-Leverage Chop & Squeeze Cascade
1790700291630,8507.17,8742.39,8394.81,8671.3,609.6,2026-09-29T16:44:51.630Z,High-Leverage Chop & Squeeze Cascade
1790700351630,8671.3,8805.7,8617.6,8778.32,718.5,2026-09-29T16:45:51.630Z,High-Leverage Chop & Squeeze Cascade
1790700411630,8778.32,8927.3,8614.13,8905.24,358.2,2026-09-29T16:46:51.630Z,High-Leverage Chop & Squeeze Cascade
1790700471630,8905.24,9130.68,8890.37,9022.27,648.3,2026-09-29T16:47:51.630Z,High-Leverage Chop & Squeeze Cascade
1790700531630,9022.27,9121.21,8707.46,8722.6,1037.4,2026-09-29T16:48:51.630Z,High-Leverage Chop & Squeeze Cascade
1790700591630,8722.6,8808.07,8684.79,8745.28,554.6,2026-09-29T16:49:51.630Z,High-Leverage Chop & Squeeze Cascade
1790700651630,8745.28,8892.31,8651.28,8801.95,475.8,2026-09-29T16:50:51.630Z,High-Leverage Chop & Squeeze Cascade
1790700711630,8801.95,9022.93,8800.5,8813.96,589,2026-09-29T16:51:51.630Z,High-Leverage Chop & Squeeze Cascade
1790700771630,8813.96,8915.83,8737.26,8849.89,620.3,2026-09-29T16:52:51.630Z,High-Leverage Chop & Squeeze Cascade
1790700831630,8849.89,9246.47,8652.44,9229.98,807.1,2026-09-29T16:53:51.630Z,High-Leverage Chop & Squeeze Cascade
1790700891630,9229.98,9367.89,9201.69,9294.75,431,2026-09-29T16:54:51.630Z,High-Leverage Chop & Squeeze Cascade
1790700951630,9294.75,9337.49,9136.91,9304.31,223,2026-09-29T16:55:51.630Z,High-Leverage Chop & Squeeze Cascade
1790701011630,9304.31,9530.9,9125.87,9327.44,344.9,2026-09-29T16:56:51.630Z,High-Leverage Chop & Squeeze Cascade
1790701071630,9327.44,9469.38,9217.75,9386.48,497.5,2026-09-29T16:57:51.630Z,High-Leverage Chop & Squeeze Cascade
1790701131630,9386.48,9504.25,9301.29,9371.7,303.9,2026-09-29T16:58:51.630Z,High-Leverage Chop & Squeeze Cascade
1790701191630,9371.7,9457.06,9327.26,9340.68,591.8,2026-09-29T16:59:51.630Z,High-Leverage Chop & Squeeze Cascade
1790701251630,51200,53092.53,50875.86,52477.44,891,2026-09-29T17:00:51.630Z,Bi-Directional Crypto Volatility Chaos
1790701311630,52477.44,54135.67,52160.99,53820.04,642.8,2026-09-29T17:01:51.630Z,Bi-Directional Crypto Volatility Chaos
1790701371630,53820.04,55538.57,53555.73,55066.03,906.4,2026-09-29T17:02:51.630Z,Bi-Directional Crypto Volatility Chaos
1790701431630,55066.03,55999.34,54872.24,55791.33,325.4,2026-09-29T17:03:51.630Z,Bi-Directional Crypto Volatility Chaos
1790701491630,55791.33,57421.38,55218.78,56344.58,528.7,2026-09-29T17:04:51.630Z,Bi-Directional Crypto Volatility Chaos
1790701551630,56344.58,57265.14,55889.02,57182.98,663,2026-09-29T17:05:51.630Z,Bi-Directional Crypto Volatility Chaos
1790701611630,57182.98,58700.2,56400.58,57778.59,357.9,2026-09-29T17:06:51.630Z,Bi-Directional Crypto Volatility Chaos
1790701671630,57778.59,59041.76,57124.67,58595.37,354,2026-09-29T17:07:51.630Z,Bi-Directional Crypto Volatility Chaos
1790701731630,58595.37,59701.36,58398.86,58855.4,187.4,2026-09-29T17:08:51.630Z,Bi-Directional Crypto Volatility Chaos
1790701791630,58855.4,59452.81,58466.57,59190.16,503.8,2026-09-29T17:09:51.630Z,Bi-Directional Crypto Volatility Chaos
1790701851630,59190.16,59357.21,58191.43,59356.85,388.5,2026-09-29T17:10:51.630Z,Bi-Directional Crypto Volatility Chaos
1790701911630,59356.85,59711.99,59126.1,59651.46,314.8,2026-09-29T17:11:51.630Z,Bi-Directional Crypto Volatility Chaos
1790701971630,59651.46,61019.18,59373.21,60544.6,754.2,2026-09-29T17:12:51.630Z,Bi-Directional Crypto Volatility Chaos
1790702031630,60544.6,62102.33,60386.06,61789.73,693.5,2026-09-29T17:13:51.630Z,Bi-Directional Crypto Volatility Chaos
1790702091630,61789.73,63381.33,61268.97,62938.86,681,2026-09-29T17:14:51.630Z,Bi-Directional Crypto Volatility Chaos
1790702151630,62938.86,64185.84,61652.09,64005.74,499.6,2026-09-29T17:15:51.630Z,Bi-Directional Crypto Volatility Chaos
1790702211630,64005.74,64469.91,62611.77,62862.68,671.3,2026-09-29T17:16:51.630Z,Bi-Directional Crypto Volatility Chaos
1790702271630,62862.68,63656.15,62405.86,63029.32,245.5,2026-09-29T17:17:51.630Z,Bi-Directional Crypto Volatility Chaos
1790702331630,63029.32,63957.71,62221.98,63369.79,532.8,2026-09-29T17:18:51.630Z,Bi-Directional Crypto Volatility Chaos
1790702391630,63369.79,64298.48,63216.82,63707.81,583.6,2026-09-29T17:19:51.630Z,Bi-Directional Crypto Volatility Chaos
1790702451630,63707.81,65652.53,63112.29,64228.56,317.2,2026-09-29T17:20:51.630Z,Bi-Directional Crypto Volatility Chaos
1790702511630,64228.56,64594.83,64059.36,64538.2,288.4,2026-09-29T17:21:51.630Z,Bi-Directional Crypto Volatility Chaos
1790702571630,64538.2,65871.06,63628.11,64476.22,338.7,2026-09-29T17:22:51.630Z,Bi-Directional Crypto Volatility Chaos
1790702631630,64476.22,65352.04,63630.28,64778.56,307.2,2026-09-29T17:23:51.630Z,Bi-Directional Crypto Volatility Chaos
1790702691630,64778.56,64856.56,63240.57,63525.91,682.5,2026-09-29T17:24:51.630Z,Bi-Directional Crypto Volatility Chaos
1790702751630,63525.91,63845.06,60870.84,62204.86,598.5,2026-09-29T17:25:51.630Z,Bi-Directional Crypto Volatility Chaos
1790702811630,62204.86,62302.13,60763.29,61286.53,593.3,2026-09-29T17:26:51.630Z,Bi-Directional Crypto Volatility Chaos
1790702871630,61286.53,61738.27,59310.23,59624.33,797.7,2026-09-29T17:27:51.630Z,Bi-Directional Crypto Volatility Chaos
1790702931630,59624.33,59898.73,57619.73,58501.85,512.8,2026-09-29T17:28:51.630Z,Bi-Directional Crypto Volatility Chaos
1790702991630,58501.85,58903.97,56297.09,57157.42,708.7,2026-09-29T17:29:51.630Z,Bi-Directional Crypto Volatility Chaos
1790703051630,57157.42,58853.24,57074.28,58196.04,707.7,2026-09-29T17:30:51.630Z,Bi-Directional Crypto Volatility Chaos
1790703111630,58196.04,59235.74,58121.74,59139.46,368.5,2026-09-29T17:31:51.630Z,Bi-Directional Crypto Volatility Chaos
1790703171630,59139.46,59149.75,57647.94,58521.79,745.8,2026-09-29T17:32:51.630Z,Bi-Directional Crypto Volatility Chaos
1790703231630,58521.79,59260.69,57064.49,57895.52,486.2,2026-09-29T17:33:51.630Z,Bi-Directional Crypto Volatility Chaos
1790703291630,57895.52,58473.03,57315.7,57627.47,345.2,2026-09-29T17:34:51.630Z,Bi-Directional Crypto Volatility Chaos
1790703351630,57627.47,58280.94,57306.9,57344.72,606.1,2026-09-29T17:35:51.630Z,Bi-Directional Crypto Volatility Chaos
1790703411630,57344.72,57564.88,56487.82,56945.7,517.3,2026-09-29T17:36:51.630Z,Bi-Directional Crypto Volatility Chaos
1790703471630,56945.7,57115.27,56751.87,56753.25,522.5,2026-09-29T17:37:51.630Z,Bi-Directional Crypto Volatility Chaos
1790703531630,56753.25,56977.66,55733.24,56381.48,609.2,2026-09-29T17:38:51.630Z,Bi-Directional Crypto Volatility Chaos
1790703591630,56381.48,58981.53,56265.02,57635.71,905.4,2026-09-29T17:39:51.630Z,Bi-Directional Crypto Volatility Chaos
1790703651630,57635.71,58982.79,56889.25,58516.09,571.5,2026-09-29T17:40:51.630Z,Bi-Directional Crypto Volatility Chaos
1790703711630,58516.09,60030.26,57818.12,59609,652,2026-09-29T17:41:51.630Z,Bi-Directional Crypto Volatility Chaos
1790703771630,59609,60736.27,58949.44,60677.29,616.8,2026-09-29T17:42:51.630Z,Bi-Directional Crypto Volatility Chaos
1790703831630,60677.29,64672.38,60494.42,64153.14,1269.8,2026-09-29T17:43:51.630Z,Bi-Directional Crypto Volatility Chaos
1790703891630,64153.14,66033.19,63633.4,64892.65,560.9,2026-09-29T17:44:51.630Z,Bi-Directional Crypto Volatility Chaos
1790703951630,64892.65,65635.42,63425.95,63490.01,582.5,2026-09-29T17:45:51.630Z,Bi-Directional Crypto Volatility Chaos
1790704011630,63490.01,64392.08,62341.6,64216.12,535.5,2026-09-29T17:46:51.630Z,Bi-Directional Crypto Volatility Chaos
1790704071630,64216.12,65858.27,63385.02,65256.2,652.4,2026-09-29T17:47:51.630Z,Bi-Directional Crypto Volatility Chaos
1790704131630,65256.2,65731.45,64509.3,65438.96,438.1,2026-09-29T17:48:51.630Z,Bi-Directional Crypto Volatility Chaos
1790704191630,65438.96,66351.34,65126.47,66307.55,321.7,2026-09-29T17:49:51.630Z,Bi-Directional Crypto Volatility Chaos
1790704251630,66307.55,66484.03,66067.64,66356.94,590.5,2026-09-29T17:50:51.630Z,Bi-Directional Crypto Volatility Chaos
1790704311630,66356.94,67521.8,65027.14,66725.97,375.3,2026-09-29T17:51:51.630Z,Bi-Directional Crypto Volatility Chaos
1790704371630,66725.97,69438.18,66663.21,68425.73,894.8,2026-09-29T17:52:51.630Z,Bi-Directional Crypto Volatility Chaos
1790704431630,68425.73,69631.64,64744.68,65926.79,661.6,2026-09-29T17:53:51.630Z,Bi-Directional Crypto Volatility Chaos
1790704491630,65926.79,66934.51,65763.68,66017.01,283.1,2026-09-29T17:54:51.630Z,Bi-Directional Crypto Volatility Chaos
1790704551630,66017.01,67535.8,65914.11,66027.31,444.1,2026-09-29T17:55:51.630Z,Bi-Directional Crypto Volatility Chaos
1790704611630,66027.31,67528.79,65391.37,66086.68,426.7,2026-09-29T17:56:51.630Z,Bi-Directional Crypto Volatility Chaos
1790704671630,66086.68,66398.81,64767.77,66268.15,409.2,2026-09-29T17:57:51.630Z,Bi-Directional Crypto Volatility Chaos
1790704731630,66268.15,66864.43,65625.64,66438.91,211.2,2026-09-29T17:58:51.630Z,Bi-Directional Crypto Volatility Chaos
1790704791630,66438.91,67628.1,65867.88,66354.57,234.9,2026-09-29T17:59:51.630Z,Bi-Directional Crypto Volatility Chaos
1790704851630,66354.57,66567.62,66224.29,66271.67,600.1,2026-09-29T18:00:51.630Z,Bi-Directional Crypto Volatility Chaos
1790704911630,66271.67,66719.38,66165.23,66382.83,421,2026-09-29T18:01:51.630Z,Bi-Directional Crypto Volatility Chaos
1790704971630,66382.83,67167.57,66093.96,66242.6,558.3,2026-09-29T18:02:51.630Z,Bi-Directional Crypto Volatility Chaos
1790705031630,66242.6,66810.76,66085.44,66195.26,508.7,2026-09-29T18:03:51.630Z,Bi-Directional Crypto Volatility Chaos
1790705091630,66195.26,68240.23,65069.78,66585.12,362.8,2026-09-29T18:04:51.630Z,Bi-Directional Crypto Volatility Chaos
1790705151630,66585.12,66750.38,66036.29,66666.21,169.1,2026-09-29T18:05:51.630Z,Bi-Directional Crypto Volatility Chaos
1790705211630,66666.21,66942.34,65950.81,66749.52,508.7,2026-09-29T18:06:51.630Z,Bi-Directional Crypto Volatility Chaos
1790705271630,66749.52,66906.87,66507.91,66753.49,526.8,2026-09-29T18:07:51.630Z,Bi-Directional Crypto Volatility Chaos
1790705331630,66753.49,67915.38,66000.36,66785.26,280.6,2026-09-29T18:08:51.630Z,Bi-Directional Crypto Volatility Chaos
1790705391630,66785.26,68409.9,65358.16,67131.05,363.2,2026-09-29T18:09:51.630Z,Bi-Directional Crypto Volatility Chaos
1790705451630,67131.05,67420.74,65825.61,66950.37,169,2026-09-29T18:10:51.630Z,Bi-Directional Crypto Volatility Chaos
1790705511630,66950.37,67247.44,65550.84,65665.31,791.8,2026-09-29T18:11:51.630Z,Bi-Directional Crypto Volatility Chaos
1790705571630,65665.31,66124.7,65645.01,65802.39,460.3,2026-09-29T18:12:51.630Z,Bi-Directional Crypto Volatility Chaos
1790705631630,65802.39,66404.9,64454.74,65658.73,608.1,2026-09-29T18:13:51.630Z,Bi-Directional Crypto Volatility Chaos
1790705691630,65658.73,66991.9,65008.31,65648.11,578,2026-09-29T18:14:51.630Z,Bi-Directional Crypto Volatility Chaos
1790705751630,65648.11,65708.42,65083.32,65422.75,379.2,2026-09-29T18:15:51.630Z,Bi-Directional Crypto Volatility Chaos
1790705811630,65422.75,65689.08,64992.88,65275.92,379.2,2026-09-29T18:16:51.630Z,Bi-Directional Crypto Volatility Chaos
1790705871630,65275.92,65738.4,65160.95,65175.54,517.5,2026-09-29T18:17:51.630Z,Bi-Directional Crypto Volatility Chaos
1790705931630,65175.54,65781.07,64579.01,65016.12,166.5,2026-09-29T18:18:51.630Z,Bi-Directional Crypto Volatility Chaos
1790705991630,65016.12,67831.21,64292.61,66762.13,968.7,2026-09-29T18:19:51.630Z,Bi-Directional Crypto Volatility Chaos
1790706051630,66762.13,68189.37,65559.85,66436.29,580.6,2026-09-29T18:20:51.630Z,Bi-Directional Crypto Volatility Chaos
1790706111630,66436.29,67407.41,66105.76,66718.12,572.6,2026-09-29T18:21:51.630Z,Bi-Directional Crypto Volatility Chaos
1790706171630,66718.12,68217.69,66356.15,67888.71,614.7,2026-09-29T18:22:51.630Z,Bi-Directional Crypto Volatility Chaos
1790706231630,67888.71,68285.91,66822.02,67679.77,443.2,2026-09-29T18:23:51.630Z,Bi-Directional Crypto Volatility Chaos
1790706291630,67679.77,68145.54,67058.93,67915.45,557.5,2026-09-29T18:24:51.630Z,Bi-Directional Crypto Volatility Chaos
1790706351630,67915.45,68445.19,67287.43,67699.14,352.4,2026-09-29T18:25:51.630Z,Bi-Directional Crypto Volatility Chaos
1790706411630,67699.14,68764.28,67090.86,68104.3,374.3,2026-09-29T18:26:51.630Z,Bi-Directional Crypto Volatility Chaos
1790706471630,68104.3,68326.74,66730.42,67738.96,454.5,2026-09-29T18:27:51.630Z,Bi-Directional Crypto Volatility Chaos
1790706531630,67738.96,71432.7,67719.09,70222.09,1018.1,2026-09-29T18:28:51.630Z,Bi-Directional Crypto Volatility Chaos
1790706591630,70222.09,70732.39,69079.36,70096.79,437,2026-09-29T18:29:51.630Z,Bi-Directional Crypto Volatility Chaos
1790706651630,70096.79,72820.07,69416.89,72461.12,1097,2026-09-29T18:30:51.630Z,Bi-Directional Crypto Volatility Chaos
1790706711630,72461.12,73647.52,71233.45,72759.2,333.5,2026-09-29T18:31:51.630Z,Bi-Directional Crypto Volatility Chaos
1790706771630,72759.2,73278.2,71780.81,72651.96,227.9,2026-09-29T18:32:51.630Z,Bi-Directional Crypto Volatility Chaos
1790706831630,72651.96,73308.32,71809.8,72341.5,452.4,2026-09-29T18:33:51.630Z,Bi-Directional Crypto Volatility Chaos
1790706891630,72341.5,73197.45,72166.71,72567.85,376.7,2026-09-29T18:34:51.630Z,Bi-Directional Crypto Volatility Chaos
1790706951630,72567.85,73237.22,71944.66,72745.64,233.5,2026-09-29T18:35:51.630Z,Bi-Directional Crypto Volatility Chaos
1790707011630,72745.64,74332.87,72205.86,72700.1,138.9,2026-09-29T18:36:51.630Z,Bi-Directional Crypto Volatility Chaos
1790707071630,72700.1,73410.72,71815.11,72903.23,293.4,2026-09-29T18:37:51.630Z,Bi-Directional Crypto Volatility Chaos
1790707131630,72903.23,72942.16,72181.52,72739.69,162.4,2026-09-29T18:38:51.630Z,Bi-Directional Crypto Volatility Chaos
1790707191630,72739.69,73902.96,71961.66,72808.41,275.2,2026-09-29T18:39:51.630Z,Bi-Directional Crypto Volatility Chaos
1790707251630,72808.41,74263.75,72577.27,73227.12,356.8,2026-09-29T18:40:51.630Z,Bi-Directional Crypto Volatility Chaos
1790707311630,73227.12,73423.66,71563.28,72892.28,202.3,2026-09-29T18:41:51.630Z,Bi-Directional Crypto Volatility Chaos
1790707371630,72892.28,73328.78,72811.75,72975.11,583.5,2026-09-29T18:42:51.630Z,Bi-Directional Crypto Volatility Chaos
1790707431630,72975.11,73737.67,72234.49,73415.72,582.2,2026-09-29T18:43:51.630Z,Bi-Directional Crypto Volatility Chaos
1790707491630,73415.72,74699.81,73149.98,73281.51,269.2,2026-09-29T18:44:51.630Z,Bi-Directional Crypto Volatility Chaos
1790707551630,73281.51,77003.95,72220.33,76687.01,1210,2026-09-29T18:45:51.630Z,Bi-Directional Crypto Volatility Chaos
1790707611630,76687.01,77461.06,75136.83,76380.84,228.5,2026-09-29T18:46:51.630Z,Bi-Directional Crypto Volatility Chaos
1790707671630,76380.84,76957.16,75630.76,76288.78,191,2026-09-29T18:47:51.630Z,Bi-Directional Crypto Volatility Chaos
1790707731630,76288.78,77297.4,75785.23,76264.96,553.6,2026-09-29T18:48:51.630Z,Bi-Directional Crypto Volatility Chaos
1790707791630,76264.96,77316.65,75761.66,76687.48,255.8,2026-09-29T18:49:51.630Z,Bi-Directional Crypto Volatility Chaos
1790707851630,76687.48,76991.18,76053.17,76334.96,478.1,2026-09-29T18:50:51.630Z,Bi-Directional Crypto Volatility Chaos
1790707911630,76334.96,76763.92,75058.09,75969.97,545.2,2026-09-29T18:51:51.630Z,Bi-Directional Crypto Volatility Chaos
1790707971630,75969.97,76133.72,75693.18,75720.26,588,2026-09-29T18:52:51.630Z,Bi-Directional Crypto Volatility Chaos
1790708031630,75720.26,76609.19,75570.21,76069.48,597.8,2026-09-29T18:53:51.630Z,Bi-Directional Crypto Volatility Chaos
1790708091630,76069.48,76398.01,75275.09,76384.87,368.1,2026-09-29T18:54:51.630Z,Bi-Directional Crypto Volatility Chaos
1790708151630,76384.87,77544.42,76027.54,76507.4,590.6,2026-09-29T18:55:51.630Z,Bi-Directional Crypto Volatility Chaos
1790708211630,76507.4,76894.7,75948.9,76480.03,176.2,2026-09-29T18:56:51.630Z,Bi-Directional Crypto Volatility Chaos
1790708271630,76480.03,77366.23,75450.57,76047.33,472.3,2026-09-29T18:57:51.630Z,Bi-Directional Crypto Volatility Chaos
1790708331630,76047.33,77610.12,76026.01,76089.08,481,2026-09-29T18:58:51.630Z,Bi-Directional Crypto Volatility Chaos
1790708391630,76089.08,77127.4,75822.39,76287.13,623.8,2026-09-29T18:59:51.630Z,Bi-Directional Crypto Volatility Chaos
1790708451630,76287.13,78549.21,75602.68,77896.97,432.2,2026-09-29T19:00:51.630Z,Bi-Directional Crypto Volatility Chaos
1790708511630,77896.97,80450.74,76877.65,79602.33,756.6,2026-09-29T19:01:51.630Z,Bi-Directional Crypto Volatility Chaos
1790708571630,79602.33,82987.1,79126.61,81163.62,784.4,2026-09-29T19:02:51.630Z,Bi-Directional Crypto Volatility Chaos
1790708631630,81163.62,86900.39,79936.76,85457.17,940.9,2026-09-29T19:03:51.630Z,Bi-Directional Crypto Volatility Chaos
1790708691630,85457.17,87117.44,83554.57,86558.58,367.7,2026-09-29T19:04:51.630Z,Bi-Directional Crypto Volatility Chaos
1790708751630,86558.58,87883.82,84811.36,86998.19,560.4,2026-09-29T19:05:51.630Z,Bi-Directional Crypto Volatility Chaos
1790708811630,86998.19,88272.19,86246.23,87130.84,236.8,2026-09-29T19:06:51.630Z,Bi-Directional Crypto Volatility Chaos
1790708871630,87130.84,88387.96,86299.04,87522.65,196.2,2026-09-29T19:07:51.630Z,Bi-Directional Crypto Volatility Chaos
1790708931630,87522.65,88973.57,86431.64,88357.55,261.2,2026-09-29T19:08:51.630Z,Bi-Directional Crypto Volatility Chaos
1790708991630,88357.55,89163.94,87131.16,89112.23,307.5,2026-09-29T19:09:51.630Z,Bi-Directional Crypto Volatility Chaos
1790709051630,89112.23,90399.8,87633.49,89045.51,159.5,2026-09-29T19:10:51.630Z,Bi-Directional Crypto Volatility Chaos
1790709111630,89045.51,89691.24,88065.64,89556.68,497.3,2026-09-29T19:11:51.630Z,Bi-Directional Crypto Volatility Chaos
1790709171630,89556.68,90519.25,88536.6,90227.94,370.1,2026-09-29T19:12:51.630Z,Bi-Directional Crypto Volatility Chaos
1790709231630,90227.94,91072.5,89509.93,90488.28,442.9,2026-09-29T19:13:51.630Z,Bi-Directional Crypto Volatility Chaos
1790709291630,90488.28,91874.36,87013.95,87263.38,815.5,2026-09-29T19:14:51.630Z,Bi-Directional Crypto Volatility Chaos
1790709351630,87263.38,88088.04,86058.47,87310.69,444.2,2026-09-29T19:15:51.630Z,Bi-Directional Crypto Volatility Chaos
1790709411630,87310.69,89491.37,87077.8,87419.21,254,2026-09-29T19:16:51.630Z,Bi-Directional Crypto Volatility Chaos
1790709471630,87419.21,89190.42,86419.78,87146.83,307.5,2026-09-29T19:17:51.630Z,Bi-Directional Crypto Volatility Chaos
1790709531630,87146.83,87515.26,86563.31,87279.45,272.8,2026-09-29T19:18:51.630Z,Bi-Directional Crypto Volatility Chaos
1790709591630,87279.45,87328.28,86803.32,86903.57,484.2,2026-09-29T19:19:51.630Z,Bi-Directional Crypto Volatility Chaos
1790709651630,86903.57,87103.45,84811.79,84862.39,813.6,2026-09-29T19:20:51.630Z,Bi-Directional Crypto Volatility Chaos
1790709711630,84862.39,85843.49,82426.35,83128.57,640.1,2026-09-29T19:21:51.630Z,Bi-Directional Crypto Volatility Chaos
1790709771630,83128.57,84293.88,81340.77,81447.6,825.4,2026-09-29T19:22:51.630Z,Bi-Directional Crypto Volatility Chaos
1790709831630,81447.6,83303.84,79778.32,83199.3,455.1,2026-09-29T19:23:51.630Z,Bi-Directional Crypto Volatility Chaos
1790709891630,83199.3,85133.74,82626.48,84016.31,734.7,2026-09-29T19:24:51.630Z,Bi-Directional Crypto Volatility Chaos
1790709951630,84016.31,84578.98,82753.18,83001.27,380.2,2026-09-29T19:25:51.630Z,Bi-Directional Crypto Volatility Chaos
1790710011630,83001.27,83548.02,80836.9,82105.98,645.4,2026-09-29T19:26:51.630Z,Bi-Directional Crypto Volatility Chaos
1790710071630,82105.98,84635.65,81404.76,84289.95,545.3,2026-09-29T19:27:51.630Z,Bi-Directional Crypto Volatility Chaos
1790710131630,84289.95,84886.75,81910.53,83713.72,609.1,2026-09-29T19:28:51.630Z,Bi-Directional Crypto Volatility Chaos
1790710191630,83713.72,85262.08,82215.76,82685.93,610.9,2026-09-29T19:29:51.630Z,Bi-Directional Crypto Volatility Chaos
1790710251630,82685.93,82751.9,79585.59,80658.03,807.2,2026-09-29T19:30:51.630Z,Bi-Directional Crypto Volatility Chaos
1790710311630,80658.03,80993.19,78674.53,78945.81,640.7,2026-09-29T19:31:51.630Z,Bi-Directional Crypto Volatility Chaos
1790710371630,78945.81,81143.98,77570.08,80841.15,665.1,2026-09-29T19:32:51.630Z,Bi-Directional Crypto Volatility Chaos
1790710431630,80841.15,82565.17,80018.77,82421.34,511.7,2026-09-29T19:33:51.630Z,Bi-Directional Crypto Volatility Chaos
1790710491630,82421.34,85219.98,81117.02,84411.63,622.2,2026-09-29T19:34:51.630Z,Bi-Directional Crypto Volatility Chaos
1790710551630,84411.63,87750.48,84401.45,86671.32,598.4,2026-09-29T19:35:51.630Z,Bi-Directional Crypto Volatility Chaos
1790710611630,86671.32,88205.5,85374.3,87951,465.9,2026-09-29T19:36:51.630Z,Bi-Directional Crypto Volatility Chaos
1790710671630,87951,90775.5,87578.48,89619.16,541.9,2026-09-29T19:37:51.630Z,Bi-Directional Crypto Volatility Chaos
1790710731630,89619.16,92197.85,88644.09,90797.92,315.2,2026-09-29T19:38:51.630Z,Bi-Directional Crypto Volatility Chaos
1790710791630,90797.92,92653.51,89497.91,91628.59,586.3,2026-09-29T19:39:51.630Z,Bi-Directional Crypto Volatility Chaos
1790710851630,91628.59,93476.74,91376.15,93035.43,465.2,2026-09-29T19:40:51.630Z,Bi-Directional Crypto Volatility Chaos
1790710911630,93035.43,93057.87,87512.99,87991.76,1065.7,2026-09-29T19:41:51.630Z,Bi-Directional Crypto Volatility Chaos
1790710971630,87991.76,88623.61,86107.95,87244.34,533.6,2026-09-29T19:42:51.630Z,Bi-Directional Crypto Volatility Chaos
1790711031630,87244.34,89236.17,86058.05,86448.09,584,2026-09-29T19:43:51.630Z,Bi-Directional Crypto Volatility Chaos
1790711091630,86448.09,87282.19,84261.02,85205.46,729,2026-09-29T19:44:51.630Z,Bi-Directional Crypto Volatility Chaos
1790711151630,85205.46,85245.44,83460.72,84226.52,405.4,2026-09-29T19:45:51.630Z,Bi-Directional Crypto Volatility Chaos
1790711211630,84226.52,85589.55,83059.18,83823.22,374.9,2026-09-29T19:46:51.630Z,Bi-Directional Crypto Volatility Chaos
1790711271630,83823.22,84853.42,82758.34,83384.54,441.4,2026-09-29T19:47:51.630Z,Bi-Directional Crypto Volatility Chaos
1790711331630,83384.54,88177.75,83315.97,87222.84,1026.5,2026-09-29T19:48:51.630Z,Bi-Directional Crypto Volatility Chaos
1790711391630,87222.84,88371.6,86563.09,88237.37,388.1,2026-09-29T19:49:51.630Z,Bi-Directional Crypto Volatility Chaos
1790711451630,88237.37,89871.65,88145.53,89394.05,325.9,2026-09-29T19:50:51.630Z,Bi-Directional Crypto Volatility Chaos
1790711511630,89394.05,91211.76,88823.1,89804.98,243.6,2026-09-29T19:51:51.630Z,Bi-Directional Crypto Volatility Chaos
1790711571630,89804.98,91359.45,88773.64,90070.5,253.5,2026-09-29T19:52:51.630Z,Bi-Directional Crypto Volatility Chaos
1790711631630,90070.5,91192.45,88715.55,90301.84,290.3,2026-09-29T19:53:51.630Z,Bi-Directional Crypto Volatility Chaos
1790711691630,90301.84,91764.71,89901.56,91050.98,591.6,2026-09-29T19:54:51.630Z,Bi-Directional Crypto Volatility Chaos
1790711751630,91050.98,92478.08,90421.47,91267.2,509.1,2026-09-29T19:55:51.630Z,Bi-Directional Crypto Volatility Chaos
1790711811630,91267.2,91427.31,90560.25,91084.85,456.6,2026-09-29T19:56:51.630Z,Bi-Directional Crypto Volatility Chaos
1790711871630,91084.85,91930.49,90465.33,91176.44,558.3,2026-09-29T19:57:51.630Z,Bi-Directional Crypto Volatility Chaos
1790711931630,91176.44,92786.44,89986.09,91272.85,408.6,2026-09-29T19:58:51.630Z,Bi-Directional Crypto Volatility Chaos
1790711991630,91272.85,91596.75,89817.27,91463.71,250.6,2026-09-29T19:59:51.630Z,Bi-Directional Crypto Volatility Chaos
1790712051630,91463.71,92607.75,90190.53,92084.15,585.8,2026-09-29T20:00:51.630Z,Bi-Directional Crypto Volatility Chaos
1790712111630,92084.15,92218.72,91385.43,91972.53,481.2,2026-09-29T20:01:51.630Z,Bi-Directional Crypto Volatility Chaos
1790712171630,91972.53,92969.8,91008.66,92384.78,659.5,2026-09-29T20:02:51.630Z,Bi-Directional Crypto Volatility Chaos
1790712231630,92384.78,93483.31,91807.65,92934.53,688.9,2026-09-29T20:03:51.630Z,Bi-Directional Crypto Volatility Chaos
1790712291630,92934.53,93237.51,92536.26,93080.97,376.7,2026-09-29T20:04:51.630Z,Bi-Directional Crypto Volatility Chaos
1790712351630,93080.97,94299.18,91830.63,92752.14,236.2,2026-09-29T20:05:51.630Z,Bi-Directional Crypto Volatility Chaos
1790712411630,92752.14,94414.27,91016.32,92304.52,432.1,2026-09-29T20:06:51.630Z,Bi-Directional Crypto Volatility Chaos
1790712471630,92304.52,93590.67,89987.16,91525.06,512.1,2026-09-29T20:07:51.630Z,Bi-Directional Crypto Volatility Chaos
1790712531630,91525.06,91653.42,89678.24,90410.39,537.1,2026-09-29T20:08:51.630Z,Bi-Directional Crypto Volatility Chaos
1790712591630,90410.39,90789.2,88446.25,89557.14,599.2,2026-09-29T20:09:51.630Z,Bi-Directional Crypto Volatility Chaos
1790712651630,89557.14,90102.09,88731.03,89307.23,552,2026-09-29T20:10:51.630Z,Bi-Directional Crypto Volatility Chaos
1790712711630,89307.23,90046.98,88494.68,89283.86,344.8,2026-09-29T20:11:51.630Z,Bi-Directional Crypto Volatility Chaos
1790712771630,89283.86,90088.12,87541.91,88662.97,642,2026-09-29T20:12:51.630Z,Bi-Directional Crypto Volatility Chaos
1790712831630,88662.97,90071.39,83604.51,84332.37,991.5,2026-09-29T20:13:51.630Z,Bi-Directional Crypto Volatility Chaos
1790712891630,84332.37,84482,83728.38,84090.21,402.2,2026-09-29T20:14:51.630Z,Bi-Directional Crypto Volatility Chaos
1790712951630,84090.21,85568.31,82007.46,82864.47,795.2,2026-09-29T20:15:51.630Z,Bi-Directional Crypto Volatility Chaos
1790713011630,82864.47,84333,79756.73,81377.44,682.1,2026-09-29T20:16:51.630Z,Bi-Directional Crypto Volatility Chaos
1790713071630,81377.44,82347.43,79350.03,80098.9,688.2,2026-09-29T20:17:51.630Z,Bi-Directional Crypto Volatility Chaos
1790713131630,80098.9,81238.02,79432.03,80797.1,702.6,2026-09-29T20:18:51.630Z,Bi-Directional Crypto Volatility Chaos
1790713191630,80797.1,82412.07,80093.81,82077.68,789.6,2026-09-29T20:19:51.630Z,Bi-Directional Crypto Volatility Chaos
1790713251630,82077.68,82100.61,80508.86,81582.85,270.1,2026-09-29T20:20:51.630Z,Bi-Directional Crypto Volatility Chaos
1790713311630,81582.85,82353.61,81229.67,82307.87,242.7,2026-09-29T20:21:51.630Z,Bi-Directional Crypto Volatility Chaos
1790713371630,82307.87,83223.27,81848.02,82784.26,360.5,2026-09-29T20:22:51.630Z,Bi-Directional Crypto Volatility Chaos
1790713431630,82784.26,84423.14,82014.3,83495.23,556.7,2026-09-29T20:23:51.630Z,Bi-Directional Crypto Volatility Chaos
1790713491630,83495.23,84427.41,82042.64,84339.24,603.1,2026-09-29T20:24:51.630Z,Bi-Directional Crypto Volatility Chaos
1790713551630,84339.24,85407.7,84185.24,84575.22,245.3,2026-09-29T20:25:51.630Z,Bi-Directional Crypto Volatility Chaos
1790713611630,84575.22,85977.63,82752.24,85132,304.2,2026-09-29T20:26:51.630Z,Bi-Directional Crypto Volatility Chaos
1790713671630,85132,86150.85,84667.97,85188.2,580.6,2026-09-29T20:27:51.630Z,Bi-Directional Crypto Volatility Chaos
1790713731630,85188.2,86654.36,84790.76,86487.96,647.4,2026-09-29T20:28:51.630Z,Bi-Directional Crypto Volatility Chaos
1790713791630,86487.96,88201.39,86312.66,87503.39,755.8,2026-09-29T20:29:51.630Z,Bi-Directional Crypto Volatility Chaos
1790713851630,87503.39,90028.82,86798.02,89260.09,775.1,2026-09-29T20:30:51.630Z,Bi-Directional Crypto Volatility Chaos
1790713911630,89260.09,90760.9,86843.29,88345.77,288,2026-09-29T20:31:51.630Z,Bi-Directional Crypto Volatility Chaos
1790713971630,88345.77,91447.9,87931.67,89985.61,825,2026-09-29T20:32:51.630Z,Bi-Directional Crypto Volatility Chaos
1790714031630,89985.61,92134.51,89242.66,91741.39,735.9,2026-09-29T20:33:51.630Z,Bi-Directional Crypto Volatility Chaos
1790714091630,91741.39,93054.19,90157.96,93026.62,594,2026-09-29T20:34:51.630Z,Bi-Directional Crypto Volatility Chaos
1790714151630,93026.62,94055.2,91638.58,91839.82,633.8,2026-09-29T20:35:51.630Z,Bi-Directional Crypto Volatility Chaos
1790714211630,91839.82,97747.83,91183.61,96655.25,1378.7,2026-09-29T20:36:51.630Z,Bi-Directional Crypto Volatility Chaos
1790714271630,96655.25,100267.34,94549.7,99782.15,608.3,2026-09-29T20:37:51.630Z,Bi-Directional Crypto Volatility Chaos
1790714331630,99782.15,102537.1,99534.25,102191.65,675.8,2026-09-29T20:38:51.630Z,Bi-Directional Crypto Volatility Chaos
1790714391630,102191.65,104580.69,101384.66,103636.94,497.2,2026-09-29T20:39:51.630Z,Bi-Directional Crypto Volatility Chaos
1790714451630,103636.94,106591.14,102602.66,104986.9,305.6,2026-09-29T20:40:51.630Z,Bi-Directional Crypto Volatility Chaos
1790714511630,104986.9,111775.83,103651.27,110997.51,1284.3,2026-09-29T20:41:51.630Z,Bi-Directional Crypto Volatility Chaos
1790714571630,110997.51,112207.83,110895.75,112134.47,607.6,2026-09-29T20:42:51.630Z,Bi-Directional Crypto Volatility Chaos
1790714631630,112134.47,116760.46,111988.5,115594.55,902,2026-09-29T20:43:51.630Z,Bi-Directional Crypto Volatility Chaos
1790714691630,115594.55,121545.28,114049.86,121270.94,1161.2,2026-09-29T20:44:51.630Z,Bi-Directional Crypto Volatility Chaos
1790714751630,121270.94,124164.86,120487.49,122234.66,376.9,2026-09-29T20:45:51.630Z,Bi-Directional Crypto Volatility Chaos
1790714811630,122234.66,123904.61,121115.66,122660.12,212.6,2026-09-29T20:46:51.630Z,Bi-Directional Crypto Volatility Chaos
1790714871630,122660.12,123189.59,122409.85,123093.9,565.7,2026-09-29T20:47:51.630Z,Bi-Directional Crypto Volatility Chaos
1790714931630,123093.9,124244.5,122132.96,124121.45,585.6,2026-09-29T20:48:51.630Z,Bi-Directional Crypto Volatility Chaos
1790714991630,124121.45,126012.21,123182.33,124825.88,616.1,2026-09-29T20:49:51.630Z,Bi-Directional Crypto Volatility Chaos
1790715051630,124825.88,126351.46,121845.83,124578.77,558,2026-09-29T20:50:51.630Z,Bi-Directional Crypto Volatility Chaos
1790715111630,124578.77,126152.97,123411.07,125021.88,568.1,2026-09-29T20:51:51.630Z,Bi-Directional Crypto Volatility Chaos
1790715171630,125021.88,126484.14,124537.16,125686.7,285.4,2026-09-29T20:52:51.630Z,Bi-Directional Crypto Volatility Chaos
1790715231630,125686.7,126179.66,125210.89,125989.08,291.1,2026-09-29T20:53:51.630Z,Bi-Directional Crypto Volatility Chaos
1790715291630,125989.08,131192.14,125545.14,131075.84,1002.6,2026-09-29T20:54:51.630Z,Bi-Directional Crypto Volatility Chaos
1790715351630,131075.84,136542.44,130660.65,135943.48,970.2,2026-09-29T20:55:51.630Z,Bi-Directional Crypto Volatility Chaos
1790715411630,135943.48,138093.11,132451.97,132630.21,734.5,2026-09-29T20:56:51.630Z,Bi-Directional Crypto Volatility Chaos
1790715471630,132630.21,133526.19,131073.63,132440.15,567.9,2026-09-29T20:57:51.630Z,Bi-Directional Crypto Volatility Chaos
1790715531630,132440.15,134176.51,130947.18,132063.77,546.1,2026-09-29T20:58:51.630Z,Bi-Directional Crypto Volatility Chaos
1790715591630,132063.77,132891.13,131632.94,132737.37,592.9,2026-09-29T20:59:51.630Z,Bi-Directional Crypto Volatility Chaos
1790715651630,132737.37,134976.49,131780.99,132261.51,608.8,2026-09-29T21:00:51.630Z,Bi-Directional Crypto Volatility Chaos
1790715711630,132261.51,134265.29,130577.77,132617.64,443.1,2026-09-29T21:01:51.630Z,Bi-Directional Crypto Volatility Chaos
1790715771630,132617.64,137769.66,132228.16,137213.29,1037.6,2026-09-29T21:02:51.630Z,Bi-Directional Crypto Volatility Chaos
1790715831630,137213.29,139417.67,136897.26,137591.97,488.1,2026-09-29T21:03:51.630Z,Bi-Directional Crypto Volatility Chaos
1790715891630,137591.97,138619.36,131039.69,131081.71,853.3,2026-09-29T21:04:51.630Z,Bi-Directional Crypto Volatility Chaos
1790715951630,131081.71,131932.53,129442,131839.46,267.8,2026-09-29T21:05:51.630Z,Bi-Directional Crypto Volatility Chaos
1790716011630,131839.46,132915.26,131138.88,131212.49,606.8,2026-09-29T21:06:51.630Z,Bi-Directional Crypto Volatility Chaos
1790716071630,131212.49,132684.74,130548.77,131388.63,219.6,2026-09-29T21:07:51.630Z,Bi-Directional Crypto Volatility Chaos
1790716131630,131388.63,132758.91,131045.67,131755.08,142.1,2026-09-29T21:08:51.630Z,Bi-Directional Crypto Volatility Chaos
1790716191630,131755.08,132814.41,131074.13,132055.32,400.9,2026-09-29T21:09:51.630Z,Bi-Directional Crypto Volatility Chaos
1790716251630,132055.32,132659.42,130049.9,132646.69,665.5,2026-09-29T21:10:51.630Z,Bi-Directional Crypto Volatility Chaos
1790716311630,132646.69,133720.41,132202.13,132400.44,315.7,2026-09-29T21:11:51.630Z,Bi-Directional Crypto Volatility Chaos
1790716371630,132400.44,133900.56,131918.48,132657.05,139.8,2026-09-29T21:12:51.630Z,Bi-Directional Crypto Volatility Chaos
1790716431630,132657.05,133381.3,131870.92,132010.7,329.5,2026-09-29T21:13:51.630Z,Bi-Directional Crypto Volatility Chaos
1790716491630,132010.7,132774.99,131238.54,131886.06,542.1,2026-09-29T21:14:51.630Z,Bi-Directional Crypto Volatility Chaos
1790716551630,131886.06,132898.38,131086.56,131166.64,625.2,2026-09-29T21:15:51.630Z,Bi-Directional Crypto Volatility Chaos
1790716611630,131166.64,131955.73,124173.39,125399.36,836.3,2026-09-29T21:16:51.630Z,Bi-Directional Crypto Volatility Chaos
1790716671630,125399.36,127510.37,124392.61,124819.13,173.5,2026-09-29T21:17:51.630Z,Bi-Directional Crypto Volatility Chaos
1790716731630,124819.13,127242.31,124233.97,125366.73,172.6,2026-09-29T21:18:51.630Z,Bi-Directional Crypto Volatility Chaos
1790716791630,125366.73,125598.47,124570.22,125523.76,406.3,2026-09-29T21:19:51.630Z,Bi-Directional Crypto Volatility Chaos
1790716851630,125523.76,125991.32,123628.04,125571.52,575,2026-09-29T21:20:51.630Z,Bi-Directional Crypto Volatility Chaos
1790716911630,125571.52,127912.53,125055.14,127677.91,636.7,2026-09-29T21:21:51.630Z,Bi-Directional Crypto Volatility Chaos
1790716971630,127677.91,129893.02,126582.81,127474.12,569,2026-09-29T21:22:51.630Z,Bi-Directional Crypto Volatility Chaos
1790717031630,127474.12,129674.43,126555.76,127697.35,490.6,2026-09-29T21:23:51.630Z,Bi-Directional Crypto Volatility Chaos
1790717091630,127697.35,127954.52,126883.7,127869.27,383.2,2026-09-29T21:24:51.630Z,Bi-Directional Crypto Volatility Chaos
1790717151630,127869.27,129273.49,127153.6,128112.17,274.6,2026-09-29T21:25:51.630Z,Bi-Directional Crypto Volatility Chaos
1790717211630,128112.17,128525.89,127102.29,128135.65,487.4,2026-09-29T21:26:51.630Z,Bi-Directional Crypto Volatility Chaos
1790717271630,128135.65,128771.17,127505.04,127676.79,205.9,2026-09-29T21:27:51.630Z,Bi-Directional Crypto Volatility Chaos
1790717331630,127676.79,128472.56,127454.92,127640.18,190.1,2026-09-29T21:28:51.630Z,Bi-Directional Crypto Volatility Chaos
1790717391630,127640.18,128498.6,126307.84,127479.92,483.3,2026-09-29T21:29:51.630Z,Bi-Directional Crypto Volatility Chaos
1790717451630,127479.92,129972.41,126169.91,127604.63,124.4,2026-09-29T21:30:51.630Z,Bi-Directional Crypto Volatility Chaos
1790717511630,127604.63,128687.07,127045.04,128119,304.3,2026-09-29T21:31:51.630Z,Bi-Directional Crypto Volatility Chaos
1790717571630,128119,128748.15,126118.42,127543.37,217.6,2026-09-29T21:32:51.630Z,Bi-Directional Crypto Volatility Chaos
1790717631630,127543.37,130583.46,125617.49,127988.24,409.2,2026-09-29T21:33:51.630Z,Bi-Directional Crypto Volatility Chaos
1790717691630,127988.24,129265.19,127579,128114.85,121.9,2026-09-29T21:34:51.630Z,Bi-Directional Crypto Volatility Chaos
1790717751630,128114.85,130168.78,127049.35,128378.42,403.9,2026-09-29T21:35:51.630Z,Bi-Directional Crypto Volatility Chaos
1790717811630,128378.42,130454.62,126220.37,127888.02,171.5,2026-09-29T21:36:51.630Z,Bi-Directional Crypto Volatility Chaos
1790717871630,127888.02,130856.98,126458.38,127139.49,516.2,2026-09-29T21:37:51.630Z,Bi-Directional Crypto Volatility Chaos
1790717931630,127139.49,127527.65,125277.19,127434.32,467.1,2026-09-29T21:38:51.630Z,Bi-Directional Crypto Volatility Chaos
1790717991630,127434.32,129112.7,121861.71,123821.43,784.6,2026-09-29T21:39:51.630Z,Bi-Directional Crypto Volatility Chaos
1790718051630,123821.43,124565.4,122909.16,123205.1,412.3,2026-09-29T21:40:51.630Z,Bi-Directional Crypto Volatility Chaos
1790718111630,123205.1,127730.55,122118.36,126507.87,826,2026-09-29T21:41:51.630Z,Bi-Directional Crypto Volatility Chaos
1790718171630,126507.87,130898.62,125872.8,129458.82,775.4,2026-09-29T21:42:51.630Z,Bi-Directional Crypto Volatility Chaos
1790718231630,129458.82,131135.87,124068.42,126432.29,712.7,2026-09-29T21:43:51.630Z,Bi-Directional Crypto Volatility Chaos
1790718291630,126432.29,127081.63,121933.15,122511.93,1018,2026-09-29T21:44:51.630Z,Bi-Directional Crypto Volatility Chaos
1790718351630,122511.93,123495.48,121462.69,123376.58,630.6,2026-09-29T21:45:51.630Z,Bi-Directional Crypto Volatility Chaos
1790718411630,123376.58,124366.81,118522.09,119583.43,653.6,2026-09-29T21:46:51.630Z,Bi-Directional Crypto Volatility Chaos
1790718471630,119583.43,120894.4,115731.03,117045.43,915.5,2026-09-29T21:47:51.630Z,Bi-Directional Crypto Volatility Chaos
1790718531630,117045.43,117592.53,113084.63,115332.62,691.2,2026-09-29T21:48:51.630Z,Bi-Directional Crypto Volatility Chaos
1790718591630,115332.62,116036.59,111331.41,113594.49,434.7,2026-09-29T21:49:51.630Z,Bi-Directional Crypto Volatility Chaos
1790718651630,113594.49,114972.53,112372.26,112960.96,265.4,2026-09-29T21:50:51.630Z,Bi-Directional Crypto Volatility Chaos
1790718711630,112960.96,113823.11,109900.9,110008.88,978.2,2026-09-29T21:51:51.630Z,Bi-Directional Crypto Volatility Chaos
1790718771630,110008.88,110382.26,108343.07,108704.58,452.6,2026-09-29T21:52:51.630Z,Bi-Directional Crypto Volatility Chaos
1790718831630,108704.58,108757.62,107921.87,108094.76,519.8,2026-09-29T21:53:51.630Z,Bi-Directional Crypto Volatility Chaos
1790718891630,108094.76,108215.7,107138.77,107770.25,245.6,2026-09-29T21:54:51.630Z,Bi-Directional Crypto Volatility Chaos
1790718951630,107770.25,108015.46,107160.72,107515.27,574.9,2026-09-29T21:55:51.630Z,Bi-Directional Crypto Volatility Chaos
1790719011630,107515.27,109354.69,105952.42,106676.18,274.3,2026-09-29T21:56:51.630Z,Bi-Directional Crypto Volatility Chaos
1790719071630,106676.18,109274.01,105421.49,109157.93,928,2026-09-29T21:57:51.630Z,Bi-Directional Crypto Volatility Chaos
1790719131630,109157.93,110142.87,107081.81,108880.02,619.6,2026-09-29T21:58:51.630Z,Bi-Directional Crypto Volatility Chaos
1790719191630,108880.02,111014.27,108091.27,108908.33,141.5,2026-09-29T21:59:51.630Z,Bi-Directional Crypto Volatility Chaos
1790719251630,108908.33,109981.73,105151.42,106396.23,798.2,2026-09-29T22:00:51.630Z,Bi-Directional Crypto Volatility Chaos
1790719311630,106396.23,107217.41,104018.02,104111.49,849.9,2026-09-29T22:01:51.630Z,Bi-Directional Crypto Volatility Chaos
1790719371630,104111.49,105701.15,101975.93,102225.14,830.8,2026-09-29T22:02:51.630Z,Bi-Directional Crypto Volatility Chaos
1790719431630,102225.14,102560.36,100230.57,100884.65,641.7,2026-09-29T22:03:51.630Z,Bi-Directional Crypto Volatility Chaos
1790719491630,100884.65,102630.28,95741.18,97190.82,714.7,2026-09-29T22:04:51.630Z,Bi-Directional Crypto Volatility Chaos
1790719551630,97190.82,98325.36,91657.17,93491.51,986.6,2026-09-29T22:05:51.630Z,Bi-Directional Crypto Volatility Chaos
1790719611630,93491.51,95738.23,93467.57,94690.79,450.1,2026-09-29T22:06:51.630Z,Bi-Directional Crypto Volatility Chaos
1790719671630,94690.79,95264.94,93794.33,93975.07,518,2026-09-29T22:07:51.630Z,Bi-Directional Crypto Volatility Chaos
1790719731630,93975.07,95990.49,93020.4,95806.98,610.6,2026-09-29T22:08:51.630Z,Bi-Directional Crypto Volatility Chaos
1790719791630,95806.98,98560.29,95425.55,98360.14,617.9,2026-09-29T22:09:51.630Z,Bi-Directional Crypto Volatility Chaos
1790719851630,98360.14,100166.6,98073.81,99807.18,738.5,2026-09-29T22:10:51.630Z,Bi-Directional Crypto Volatility Chaos
1790719911630,99807.18,102567.83,99118.97,100911.02,354.5,2026-09-29T22:11:51.630Z,Bi-Directional Crypto Volatility Chaos
1790719971630,100911.02,101933.65,93193.23,95149.05,1347.8,2026-09-29T22:12:51.630Z,Bi-Directional Crypto Volatility Chaos
1790720031630,95149.05,95413.87,92468.17,94013.66,687,2026-09-29T22:13:51.630Z,Bi-Directional Crypto Volatility Chaos
1790720091630,94013.66,94221.12,92358.8,92965.42,748.2,2026-09-29T22:14:51.630Z,Bi-Directional Crypto Volatility Chaos
1790720151630,92965.42,95894.27,92538.33,95556.17,930.1,2026-09-29T22:15:51.630Z,Bi-Directional Crypto Volatility Chaos
1790720211630,95556.17,95834.53,93815.18,94420.83,749.8,2026-09-29T22:16:51.630Z,Bi-Directional Crypto Volatility Chaos
1790720271630,94420.83,96308.03,94335.24,96013.8,363.1,2026-09-29T22:17:51.630Z,Bi-Directional Crypto Volatility Chaos
1790720331630,96013.8,97435.84,95110.5,97311.42,319.2,2026-09-29T22:18:51.630Z,Bi-Directional Crypto Volatility Chaos
1790720391630,97311.42,99523.66,96183.71,98547.26,545.9,2026-09-29T22:19:51.630Z,Bi-Directional Crypto Volatility Chaos
1790720451630,98547.26,102194.3,98268.11,100172.67,503.6,2026-09-29T22:20:51.630Z,Bi-Directional Crypto Volatility Chaos
1790720511630,100172.67,101332.57,99698.66,101164.05,561.5,2026-09-29T22:21:51.630Z,Bi-Directional Crypto Volatility Chaos
1790720571630,101164.05,101657.3,98617.42,98806.43,727,2026-09-29T22:22:51.630Z,Bi-Directional Crypto Volatility Chaos
1790720631630,98806.43,99974.92,98139.4,99237.83,420,2026-09-29T22:23:51.630Z,Bi-Directional Crypto Volatility Chaos
1790720691630,99237.83,100458.26,96650.37,98093.56,653,2026-09-29T22:24:51.630Z,Bi-Directional Crypto Volatility Chaos
1790720751630,98093.56,98424.76,96338.29,97590.68,300,2026-09-29T22:25:51.630Z,Bi-Directional Crypto Volatility Chaos
1790720811630,97590.68,98071.13,95517.28,96375.25,700.6,2026-09-29T22:26:51.630Z,Bi-Directional Crypto Volatility Chaos
1790720871630,96375.25,96863.84,94986.52,95296.03,567.2,2026-09-29T22:27:51.630Z,Bi-Directional Crypto Volatility Chaos
1790720931630,95296.03,95783.1,92877.41,94261.68,275.1,2026-09-29T22:28:51.630Z,Bi-Directional Crypto Volatility Chaos
1790720991630,94261.68,97910.76,93705.88,97481.51,1009.2,2026-09-29T22:29:51.630Z,Bi-Directional Crypto Volatility Chaos
1790721051630,97481.51,98171.65,95921.54,96069.22,771.7,2026-09-29T22:30:51.630Z,Bi-Directional Crypto Volatility Chaos
1790721111630,96069.22,97582.87,95128.06,96990.22,495.3,2026-09-29T22:31:51.630Z,Bi-Directional Crypto Volatility Chaos
1790721171630,96990.22,98023.81,96065.39,96667.55,311.6,2026-09-29T22:32:51.630Z,Bi-Directional Crypto Volatility Chaos
1790721231630,96667.55,98360.86,94865.12,95436.82,581.2,2026-09-29T22:33:51.630Z,Bi-Directional Crypto Volatility Chaos
1790721291630,95436.82,95573.62,92374.95,92828.9,792.8,2026-09-29T22:34:51.630Z,Bi-Directional Crypto Volatility Chaos
1790721351630,92828.9,94255.87,90461.3,92398.06,359.2,2026-09-29T22:35:51.630Z,Bi-Directional Crypto Volatility Chaos
1790721411630,92398.06,94659.04,91124.76,94415.64,800.6,2026-09-29T22:36:51.630Z,Bi-Directional Crypto Volatility Chaos
1790721471630,94415.64,94538.02,92169.22,93696.6,487.9,2026-09-29T22:37:51.630Z,Bi-Directional Crypto Volatility Chaos
1790721531630,93696.6,96466.86,92825.42,96091.73,854.4,2026-09-29T22:38:51.630Z,Bi-Directional Crypto Volatility Chaos
1790721591630,96091.73,97064.88,95062.4,95733.55,356.5,2026-09-29T22:39:51.630Z,Bi-Directional Crypto Volatility Chaos
1790721651630,95733.55,96295.32,94148.15,95532.27,517.9,2026-09-29T22:40:51.630Z,Bi-Directional Crypto Volatility Chaos
1790721711630,95532.27,95659.1,94972.43,95141.77,621.1,2026-09-29T22:41:51.630Z,Bi-Directional Crypto Volatility Chaos
1790721771630,95141.77,96103.57,90433.23,92435.03,892.7,2026-09-29T22:42:51.630Z,Bi-Directional Crypto Volatility Chaos
1790721831630,92435.03,93195.76,91079.86,92284.27,147.1,2026-09-29T22:43:51.630Z,Bi-Directional Crypto Volatility Chaos
1790721891630,92284.27,94111.84,91358.29,92492.71,236.2,2026-09-29T22:44:51.630Z,Bi-Directional Crypto Volatility Chaos
1790721951630,92492.71,92681.65,89115.8,90143.02,559.5,2026-09-29T22:45:51.630Z,Bi-Directional Crypto Volatility Chaos
1790722011630,90143.02,90703.68,88322.95,88364.73,598.1,2026-09-29T22:46:51.630Z,Bi-Directional Crypto Volatility Chaos
1790722071630,88364.73,90528.31,86217.06,87435.14,594,2026-09-29T22:47:51.630Z,Bi-Directional Crypto Volatility Chaos
1790722131630,87435.14,89660.58,85161.42,86385.75,778.5,2026-09-29T22:48:51.630Z,Bi-Directional Crypto Volatility Chaos
1790722191630,86385.75,86801.65,85501.48,85926.66,315.8,2026-09-29T22:49:51.630Z,Bi-Directional Crypto Volatility Chaos
1790722251630,85926.66,86108.51,83852.81,84844.7,294.5,2026-09-29T22:50:51.630Z,Bi-Directional Crypto Volatility Chaos
1790722311630,84844.7,85775.45,80655.67,81635.59,936.5,2026-09-29T22:51:51.630Z,Bi-Directional Crypto Volatility Chaos
1790722371630,81635.59,81942.21,79758.21,79897.59,683.2,2026-09-29T22:52:51.630Z,Bi-Directional Crypto Volatility Chaos
1790722431630,79897.59,81217.7,78429.44,78784.55,716.4,2026-09-29T22:53:51.630Z,Bi-Directional Crypto Volatility Chaos
1790722491630,78784.55,79605.34,78048.1,78191.17,708.1,2026-09-29T22:54:51.630Z,Bi-Directional Crypto Volatility Chaos
1790722551630,78191.17,79423.36,77058.08,77084.59,322.7,2026-09-29T22:55:51.630Z,Bi-Directional Crypto Volatility Chaos
1790722611630,77084.59,78843.65,76332.53,76733.34,219.4,2026-09-29T22:56:51.630Z,Bi-Directional Crypto Volatility Chaos
1790722671630,76733.34,77459.72,74884.35,76101.35,283.9,2026-09-29T22:57:51.630Z,Bi-Directional Crypto Volatility Chaos
1790722731630,76101.35,76604.23,75082.58,75870.78,599.6,2026-09-29T22:58:51.630Z,Bi-Directional Crypto Volatility Chaos
1790722791630,75870.78,77405.24,74505.36,75556.53,326,2026-09-29T22:59:51.630Z,Bi-Directional Crypto Volatility Chaos
1790722851630,75556.53,76429.66,72874.19,73676.61,902.9,2026-09-29T23:00:51.630Z,Bi-Directional Crypto Volatility Chaos
1790722911630,73676.61,74154.75,70410.73,71567.66,672.3,2026-09-29T23:01:51.630Z,Bi-Directional Crypto Volatility Chaos
1790722971630,71567.66,71887.47,68519.33,69683.2,745,2026-09-29T23:02:51.630Z,Bi-Directional Crypto Volatility Chaos
1790723031630,69683.2,69928.37,68325.55,68591.73,361.1,2026-09-29T23:03:51.630Z,Bi-Directional Crypto Volatility Chaos
1790723091630,68591.73,69487.89,66842.41,67823.43,702.7,2026-09-29T23:04:51.630Z,Bi-Directional Crypto Volatility Chaos
1790723151630,67823.43,67880.08,66992.59,67118.32,391.5,2026-09-29T23:05:51.630Z,Bi-Directional Crypto Volatility Chaos
1790723211630,67118.32,68411.11,66417.19,66629.55,352.5,2026-09-29T23:06:51.630Z,Bi-Directional Crypto Volatility Chaos
1790723271630,66629.55,69309.91,66396.19,68200.63,945.4,2026-09-29T23:07:51.630Z,Bi-Directional Crypto Volatility Chaos
1790723331630,68200.63,71669.14,67193.12,70616.2,683.7,2026-09-29T23:08:51.630Z,Bi-Directional Crypto Volatility Chaos
1790723391630,70616.2,72090.11,70206.12,71412.99,439.5,2026-09-29T23:09:51.630Z,Bi-Directional Crypto Volatility Chaos
1790723451630,71412.99,72985,70316.1,71693.47,263.5,2026-09-29T23:10:51.630Z,Bi-Directional Crypto Volatility Chaos
1790723511630,71693.47,72734.28,70398.68,72252.65,237.8,2026-09-29T23:11:51.630Z,Bi-Directional Crypto Volatility Chaos
1790723571630,72252.65,72777.61,72141.41,72414.36,327.1,2026-09-29T23:12:51.630Z,Bi-Directional Crypto Volatility Chaos
1790723631630,72414.36,73411.96,72385.09,72522.64,198.2,2026-09-29T23:13:51.630Z,Bi-Directional Crypto Volatility Chaos
1790723691630,72522.64,73105.26,71499.56,72867.89,186.1,2026-09-29T23:14:51.630Z,Bi-Directional Crypto Volatility Chaos
1790723751630,72867.89,74272.23,72577.5,73251.45,615.1,2026-09-29T23:15:51.630Z,Bi-Directional Crypto Volatility Chaos
1790723811630,73251.45,73714.88,72374.4,73412.96,232.4,2026-09-29T23:16:51.630Z,Bi-Directional Crypto Volatility Chaos
1790723871630,73412.96,74321.17,72788.02,74041.94,634.5,2026-09-29T23:17:51.630Z,Bi-Directional Crypto Volatility Chaos
1790723931630,74041.94,74555.98,73068.64,74495.69,343.7,2026-09-29T23:18:51.630Z,Bi-Directional Crypto Volatility Chaos
1790723991630,74495.69,75120.68,74237.81,74769.05,537.1,2026-09-29T23:19:51.630Z,Bi-Directional Crypto Volatility Chaos
1790724051630,74769.05,75369.11,73949.55,75227,610.5,2026-09-29T23:20:51.630Z,Bi-Directional Crypto Volatility Chaos
1790724111630,75227,75725.37,74660.25,75528,389.9,2026-09-29T23:21:51.630Z,Bi-Directional Crypto Volatility Chaos
1790724171630,75528,76344.1,75234.07,75781.57,434.6,2026-09-29T23:22:51.630Z,Bi-Directional Crypto Volatility Chaos
1790724231630,75781.57,76647.55,74453.37,76002.63,244.8,2026-09-29T23:23:51.630Z,Bi-Directional Crypto Volatility Chaos
1790724291630,76002.63,76523.69,75255.23,75849.23,595,2026-09-29T23:24:51.630Z,Bi-Directional Crypto Volatility Chaos
1790724351630,75849.23,78263,74441.27,78194.34,761.8,2026-09-29T23:25:51.630Z,Bi-Directional Crypto Volatility Chaos
1790724411630,78194.34,80351.51,77794.62,80079.32,520.7,2026-09-29T23:26:51.630Z,Bi-Directional Crypto Volatility Chaos
1790724471630,80079.32,81811.07,79421.13,81317.26,726.4,2026-09-29T23:27:51.630Z,Bi-Directional Crypto Volatility Chaos
1790724531630,81317.26,84450.64,81039.64,83094.79,852.3,2026-09-29T23:28:51.630Z,Bi-Directional Crypto Volatility Chaos
1790724591630,83094.79,84626.57,82553.48,84301.9,706.4,2026-09-29T23:29:51.630Z,Bi-Directional Crypto Volatility Chaos
1790724651630,84301.9,85750.11,83579.96,85381.06,671.4,2026-09-29T23:30:51.630Z,Bi-Directional Crypto Volatility Chaos
1790724711630,85381.06,87161.53,83767.09,86627.48,394.6,2026-09-29T23:31:51.630Z,Bi-Directional Crypto Volatility Chaos
1790724771630,86627.48,88102.45,85990.73,87444.42,301,2026-09-29T23:32:51.630Z,Bi-Directional Crypto Volatility Chaos
1790724831630,87444.42,88863.09,86921.24,88515.44,722.2,2026-09-29T23:33:51.630Z,Bi-Directional Crypto Volatility Chaos
1790724891630,88515.44,89904.04,87936.79,89405.62,745.9,2026-09-29T23:34:51.630Z,Bi-Directional Crypto Volatility Chaos
1790724951630,89405.62,91062.14,88949.92,90444.04,759.1,2026-09-29T23:35:51.630Z,Bi-Directional Crypto Volatility Chaos
1790725011630,90444.04,90741.57,87372.81,88974.15,835.8,2026-09-29T23:36:51.630Z,Bi-Directional Crypto Volatility Chaos
1790725071630,88974.15,90757.17,87196.26,89882.67,497.9,2026-09-29T23:37:51.630Z,Bi-Directional Crypto Volatility Chaos
1790725131630,89882.67,90711.83,89532.22,90629.3,387.9,2026-09-29T23:38:51.630Z,Bi-Directional Crypto Volatility Chaos
1790725191630,90629.3,90961.37,89345.27,90824.83,442.8,2026-09-29T23:39:51.630Z,Bi-Directional Crypto Volatility Chaos
1790725251630,90824.83,91451.88,88809.28,89646.94,696.9,2026-09-29T23:40:51.630Z,Bi-Directional Crypto Volatility Chaos
1790725311630,89646.94,90628.83,88495.44,89012.92,596.6,2026-09-29T23:41:51.630Z,Bi-Directional Crypto Volatility Chaos
1790725371630,89012.92,89397.25,88268.61,88317.39,270.5,2026-09-29T23:42:51.630Z,Bi-Directional Crypto Volatility Chaos
1790725431630,88317.39,89052.57,87055.47,87396.18,565.7,2026-09-29T23:43:51.630Z,Bi-Directional Crypto Volatility Chaos
1790725491630,87396.18,88796,85346.42,86433.79,314.4,2026-09-29T23:44:51.630Z,Bi-Directional Crypto Volatility Chaos
1790725551630,86433.79,88584.75,85095.59,86104.06,594.8,2026-09-29T23:45:51.630Z,Bi-Directional Crypto Volatility Chaos
1790725611630,86104.06,87001.01,84635.58,85936.55,613.6,2026-09-29T23:46:51.630Z,Bi-Directional Crypto Volatility Chaos
1790725671630,85936.55,87542.26,84897.82,85199.76,341.7,2026-09-29T23:47:51.630Z,Bi-Directional Crypto Volatility Chaos
1790725731630,85199.76,87106.98,83646.19,85466.81,555.4,2026-09-29T23:48:51.630Z,Bi-Directional Crypto Volatility Chaos
1790725791630,85466.81,87246.94,84543.83,84893.63,263.6,2026-09-29T23:49:51.630Z,Bi-Directional Crypto Volatility Chaos
1790725851630,84893.63,85552.65,84336.17,85124.03,206.2,2026-09-29T23:50:51.630Z,Bi-Directional Crypto Volatility Chaos
1790725911630,85124.03,86068.35,84870.13,85354.78,470.7,2026-09-29T23:51:51.630Z,Bi-Directional Crypto Volatility Chaos
1790725971630,85354.78,87238.98,83261.19,85535.17,454.4,2026-09-29T23:52:51.630Z,Bi-Directional Crypto Volatility Chaos
1790726031630,85535.17,87257.16,84892.93,85895.19,322.3,2026-09-29T23:53:51.630Z,Bi-Directional Crypto Volatility Chaos
1790726091630,85895.19,86223.51,85363.75,85727.47,229.2,2026-09-29T23:54:51.630Z,Bi-Directional Crypto Volatility Chaos
1790726151630,85727.47,85940.18,84346.24,85147.57,221.1,2026-09-29T23:55:51.630Z,Bi-Directional Crypto Volatility Chaos
1790726211630,85147.57,85699.54,85080.84,85394.85,388.6,2026-09-29T23:56:51.630Z,Bi-Directional Crypto Volatility Chaos
1790726271630,85394.85,85866.4,84918.14,85591.94,370.7,2026-09-29T23:57:51.630Z,Bi-Directional Crypto Volatility Chaos
1790726331630,85591.94,86910.59,84528.26,85489.95,331.9,2026-09-29T23:58:51.630Z,Bi-Directional Crypto Volatility Chaos
1790726391630,85489.95,87599.58,85373.93,87360.59,645.2,2026-09-29T23:59:51.630Z,Bi-Directional Crypto Volatility Chaos
1790726451630,87360.59,88387.52,87073.07,87820.17,264.4,2026-09-30T00:00:51.630Z,Bi-Directional Crypto Volatility Chaos
1790726511630,87820.17,89212.04,87209.93,87712.68,151.2,2026-09-30T00:01:51.630Z,Bi-Directional Crypto Volatility Chaos
1790726571630,87712.68,88272.48,86806.55,88177.55,355.1,2026-09-30T00:02:51.630Z,Bi-Directional Crypto Volatility Chaos
1790726631630,88177.55,89306.07,87646.6,87659.71,649.6,2026-09-30T00:03:51.630Z,Bi-Directional Crypto Volatility Chaos
1790726691630,87659.71,89049.71,86302.21,87544.98,128.6,2026-09-30T00:04:51.630Z,Bi-Directional Crypto Volatility Chaos
1790726751630,87544.98,88578.4,86544.39,87702.19,572.9,2026-09-30T00:05:51.630Z,Bi-Directional Crypto Volatility Chaos
1790726811630,87702.19,88427.22,87021.46,87222.99,617.1,2026-09-30T00:06:51.630Z,Bi-Directional Crypto Volatility Chaos
1790726871630,87222.99,88843,83353.31,83737.04,1000.9,2026-09-30T00:07:51.630Z,Bi-Directional Crypto Volatility Chaos
1790726931630,83737.04,83767.63,82462.32,83642.75,497.3,2026-09-30T00:08:51.630Z,Bi-Directional Crypto Volatility Chaos
1790726991630,83642.75,84131.6,81173.92,81666.49,823.9,2026-09-30T00:09:51.630Z,Bi-Directional Crypto Volatility Chaos
1790727051630,81666.49,82486.37,80492.58,81789.88,390.1,2026-09-30T00:10:51.630Z,Bi-Directional Crypto Volatility Chaos
1790727111630,81789.88,82682.64,80169.56,81786.85,314.6,2026-09-30T00:11:51.630Z,Bi-Directional Crypto Volatility Chaos
1790727171630,81786.85,82803.69,81495.33,81876.82,381.5,2026-09-30T00:12:51.630Z,Bi-Directional Crypto Volatility Chaos
1790727231630,81876.82,82781.82,81615.94,81820.08,398.5,2026-09-30T00:13:51.630Z,Bi-Directional Crypto Volatility Chaos
1790727291630,81820.08,82387.6,79811.46,81958.62,592.5,2026-09-30T00:14:51.630Z,Bi-Directional Crypto Volatility Chaos
1790727351630,81958.62,83084.76,77961.41,78020.62,866.1,2026-09-30T00:15:51.630Z,Bi-Directional Crypto Volatility Chaos
1790727411630,78020.62,78115.53,77703.57,78011.95,518.5,2026-09-30T00:16:51.630Z,Bi-Directional Crypto Volatility Chaos
1790727471630,78011.95,78552.78,77026.6,78106.75,465.4,2026-09-30T00:17:51.630Z,Bi-Directional Crypto Volatility Chaos
1790727531630,78106.75,78355.1,77790.74,77891.87,637.2,2026-09-30T00:18:51.630Z,Bi-Directional Crypto Volatility Chaos
1790727591630,77891.87,79205.54,76712.24,78295.29,559.5,2026-09-30T00:19:51.630Z,Bi-Directional Crypto Volatility Chaos
1790727651630,78295.29,78450.34,72893.51,73695.29,1313.8,2026-09-30T00:20:51.630Z,Bi-Directional Crypto Volatility Chaos
1790727711630,73695.29,73989.22,72627.85,72636.78,413.1,2026-09-30T00:21:51.630Z,Bi-Directional Crypto Volatility Chaos
1790727771630,72636.78,72784.92,71430.46,71619.14,808.3,2026-09-30T00:22:51.630Z,Bi-Directional Crypto Volatility Chaos
1790727831630,71619.14,71916.17,69904.63,70230.62,431,2026-09-30T00:23:51.630Z,Bi-Directional Crypto Volatility Chaos
1790727891630,70230.62,70355.83,68916.69,69614,594.9,2026-09-30T00:24:51.630Z,Bi-Directional Crypto Volatility Chaos
1790727951630,69614,69736.07,68709,69353.34,270.2,2026-09-30T00:25:51.630Z,Bi-Directional Crypto Volatility Chaos
1790728011630,69353.34,69539.59,68203.21,68417.26,451.3,2026-09-30T00:26:51.630Z,Bi-Directional Crypto Volatility Chaos
1790728071630,68417.26,68573.86,65071.34,66332.32,815.7,2026-09-30T00:27:51.630Z,Bi-Directional Crypto Volatility Chaos
1790728131630,66332.32,66690.4,65034.11,65645.01,345.6,2026-09-30T00:28:51.630Z,Bi-Directional Crypto Volatility Chaos
1790728191630,65645.01,65884.75,61689.55,62475.03,1298.4,2026-09-30T00:29:51.630Z,Bi-Directional Crypto Volatility Chaos
1790728251630,62475.03,63875.61,61788.16,63578.25,378,2026-09-30T00:30:51.630Z,Bi-Directional Crypto Volatility Chaos
1790728311630,63578.25,65001.78,63209.22,64371.62,418,2026-09-30T00:31:51.630Z,Bi-Directional Crypto Volatility Chaos
1790728371630,64371.62,65319.77,63749.21,64763.61,483.4,2026-09-30T00:32:51.630Z,Bi-Directional Crypto Volatility Chaos
1790728431630,64763.61,65187.23,64696.23,65057.07,525.1,2026-09-30T00:33:51.630Z,Bi-Directional Crypto Volatility Chaos
1790728491630,65057.07,66910.73,64207.68,65660.34,403,2026-09-30T00:34:51.630Z,Bi-Directional Crypto Volatility Chaos
1790728551630,65660.34,66499.61,65453.79,65982.55,224.3,2026-09-30T00:35:51.630Z,Bi-Directional Crypto Volatility Chaos
1790728611630,65982.55,66801.58,64725.92,66482.4,370.1,2026-09-30T00:36:51.630Z,Bi-Directional Crypto Volatility Chaos
1790728671630,66482.4,66978.63,66230.7,66603.31,307,2026-09-30T00:37:51.630Z,Bi-Directional Crypto Volatility Chaos
1790728731630,66603.31,67783.98,66338.85,67223.39,722.3,2026-09-30T00:38:51.630Z,Bi-Directional Crypto Volatility Chaos
1790728791630,67223.39,67760.85,67133.75,67565.87,631.9,2026-09-30T00:39:51.630Z,Bi-Directional Crypto Volatility Chaos
1790728851630,67565.87,68255.33,67247.04,67727.66,192.2,2026-09-30T00:40:51.630Z,Bi-Directional Crypto Volatility Chaos
1790728911630,67727.66,68039.01,66867.04,67706.09,379.4,2026-09-30T00:41:51.630Z,Bi-Directional Crypto Volatility Chaos
1790728971630,67706.09,68600.82,66294.34,66699.05,467.3,2026-09-30T00:42:51.630Z,Bi-Directional Crypto Volatility Chaos
1790729031630,66699.05,66818.13,65868.32,66199.68,559,2026-09-30T00:43:51.630Z,Bi-Directional Crypto Volatility Chaos
1790729091630,66199.68,67110.95,64965.53,65124.77,672.1,2026-09-30T00:44:51.630Z,Bi-Directional Crypto Volatility Chaos
1790729151630,65124.77,65935.48,64024.69,64912.05,374.1,2026-09-30T00:45:51.630Z,Bi-Directional Crypto Volatility Chaos
1790729211630,64912.05,65249.41,64252.4,64406.05,373.3,2026-09-30T00:46:51.630Z,Bi-Directional Crypto Volatility Chaos
1790729271630,64406.05,64552.49,63187.64,63928.94,612.7,2026-09-30T00:47:51.630Z,Bi-Directional Crypto Volatility Chaos
1790729331630,63928.94,65529.84,63340.88,65123.32,574.4,2026-09-30T00:48:51.630Z,Bi-Directional Crypto Volatility Chaos
1790729391630,65123.32,65834.77,64165.9,64565.7,448.8,2026-09-30T00:49:51.630Z,Bi-Directional Crypto Volatility Chaos
1790729451630,64565.7,65126.93,63854.61,64442.91,614.7,2026-09-30T00:50:51.630Z,Bi-Directional Crypto Volatility Chaos
1790729511630,64442.91,64694.55,63836.36,64037.88,333.8,2026-09-30T00:51:51.630Z,Bi-Directional Crypto Volatility Chaos
1790729571630,64037.88,64268.18,63682.19,63910.91,519.9,2026-09-30T00:52:51.630Z,Bi-Directional Crypto Volatility Chaos
1790729631630,63910.91,64240.57,62990.47,63818.95,448.4,2026-09-30T00:53:51.630Z,Bi-Directional Crypto Volatility Chaos
1790729691630,63818.95,65705.64,63351.15,65632.42,1008.9,2026-09-30T00:54:51.630Z,Bi-Directional Crypto Volatility Chaos
1790729751630,65632.42,66401.24,65460.96,65793.87,510.1,2026-09-30T00:55:51.630Z,Bi-Directional Crypto Volatility Chaos
1790729811630,65793.87,66359.07,64055.24,64069.22,919.3,2026-09-30T00:56:51.630Z,Bi-Directional Crypto Volatility Chaos
1790729871630,64069.22,64661.44,59982.45,60101.36,1217.3,2026-09-30T00:57:51.630Z,Bi-Directional Crypto Volatility Chaos
1790729931630,60101.36,60801.52,57976.08,58079.19,1101.8,2026-09-30T00:58:51.630Z,Bi-Directional Crypto Volatility Chaos
1790729991630,58079.19,59148.51,56149.09,56988.5,837.9,2026-09-30T00:59:51.630Z,Bi-Directional Crypto Volatility Chaos
1790730051630,56988.5,57714.33,54827.94,55604.53,690.4,2026-09-30T01:00:51.630Z,Bi-Directional Crypto Volatility Chaos
1790730111630,55604.53,55861.53,54652.79,54911.24,545,2026-09-30T01:01:51.630Z,Bi-Directional Crypto Volatility Chaos
1790730171630,54911.24,55549.37,53645.14,53991.74,730.2,2026-09-30T01:02:51.630Z,Bi-Directional Crypto Volatility Chaos
1790730231630,53991.74,54414.26,52608.82,53226.23,332.7,2026-09-30T01:03:51.630Z,Bi-Directional Crypto Volatility Chaos
1790730291630,53226.23,53407.36,52834.47,52966.35,262.3,2026-09-30T01:04:51.630Z,Bi-Directional Crypto Volatility Chaos
1790730351630,52966.35,53153.72,52637.3,52705.5,209.2,2026-09-30T01:05:51.630Z,Bi-Directional Crypto Volatility Chaos
1790730411630,52705.5,52937.35,52456.87,52598.91,407.4,2026-09-30T01:06:51.630Z,Bi-Directional Crypto Volatility Chaos
1790730471630,52598.91,53673.25,51986.97,52271.65,537,2026-09-30T01:07:51.630Z,Bi-Directional Crypto Volatility Chaos
1790730531630,52271.65,53965.85,51732.2,53914.3,1035.2,2026-09-30T01:08:51.630Z,Bi-Directional Crypto Volatility Chaos
1790730591630,53914.3,53998.16,53648.27,53649.84,502.2,2026-09-30T01:09:51.630Z,Bi-Directional Crypto Volatility Chaos
1790730651630,53649.84,53947.22,53470.68,53681.12,393.2,2026-09-30T01:10:51.630Z,Bi-Directional Crypto Volatility Chaos
1790730711630,53681.12,54024.75,53147.28,53494.03,412.4,2026-09-30T01:11:51.630Z,Bi-Directional Crypto Volatility Chaos
1790730771630,53494.03,53711.9,53360.28,53515.03,147.7,2026-09-30T01:12:51.630Z,Bi-Directional Crypto Volatility Chaos
1790730831630,53515.03,53526.79,52329.99,53285.63,241.3,2026-09-30T01:13:51.630Z,Bi-Directional Crypto Volatility Chaos
1790730891630,53285.63,53472.61,52419.53,53318.23,233,2026-09-30T01:14:51.630Z,Bi-Directional Crypto Volatility Chaos
1790730951630,53318.23,54913.58,52913.06,54358.81,799.2,2026-09-30T01:15:51.630Z,Bi-Directional Crypto Volatility Chaos
1790731011630,54358.81,57399.99,54245.55,57276.55,1065.8,2026-09-30T01:16:51.630Z,Bi-Directional Crypto Volatility Chaos
1790731071630,57276.55,58051.91,56951.94,57675.71,689.5,2026-09-30T01:17:51.630Z,Bi-Directional Crypto Volatility Chaos
1790731131630,57675.71,57899.2,56068.39,56180.27,896.7,2026-09-30T01:18:51.630Z,Bi-Directional Crypto Volatility Chaos
1790731191630,56180.27,56953.7,55765.58,56460.85,510.4,2026-09-30T01:19:51.630Z,Bi-Directional Crypto Volatility Chaos
1790731251630,56460.85,57055.36,55408.62,56646.45,273.1,2026-09-30T01:20:51.630Z,Bi-Directional Crypto Volatility Chaos
1790731311630,56646.45,58299.36,56383.89,57095.28,321.8,2026-09-30T01:21:51.630Z,Bi-Directional Crypto Volatility Chaos
1790731371630,57095.28,57990.09,56522.23,57034.82,354,2026-09-30T01:22:51.630Z,Bi-Directional Crypto Volatility Chaos
1790731431630,57034.82,57785,56816.89,57075.47,418,2026-09-30T01:23:51.630Z,Bi-Directional Crypto Volatility Chaos
1790731491630,57075.47,57851,56248.41,56471.38,397.2,2026-09-30T01:24:51.630Z,Bi-Directional Crypto Volatility Chaos
1790731551630,56471.38,57294.28,55512.51,56139.27,242.5,2026-09-30T01:25:51.630Z,Bi-Directional Crypto Volatility Chaos
1790731611630,56139.27,57281.06,55724.45,56974.73,342.5,2026-09-30T01:26:51.630Z,Bi-Directional Crypto Volatility Chaos
1790731671630,56974.73,57501.41,56842.99,56863.26,277.5,2026-09-30T01:27:51.630Z,Bi-Directional Crypto Volatility Chaos
1790731731630,56863.26,57118.62,55723.85,56529.57,322.8,2026-09-30T01:28:51.630Z,Bi-Directional Crypto Volatility Chaos
1790731791630,56529.57,56955.85,55230.82,56238.83,397.4,2026-09-30T01:29:51.630Z,Bi-Directional Crypto Volatility Chaos
1790731851630,56238.83,56398.27,55675.74,56275.89,198.9,2026-09-30T01:30:51.630Z,Bi-Directional Crypto Volatility Chaos
1790731911630,56275.89,57074.1,54725.33,55866.55,274.5,2026-09-30T01:31:51.630Z,Bi-Directional Crypto Volatility Chaos
1790731971630,55866.55,58681.98,54977.33,57826.81,660.6,2026-09-30T01:32:51.630Z,Bi-Directional Crypto Volatility Chaos
1790732031630,57826.81,58408.9,57770.98,57887.29,532.9,2026-09-30T01:33:51.630Z,Bi-Directional Crypto Volatility Chaos
1790732091630,57887.29,58960.37,57234.15,57501.45,661,2026-09-30T01:34:51.630Z,Bi-Directional Crypto Volatility Chaos
1790732151630,57501.45,57608.44,56534.72,57533.69,526.6,2026-09-30T01:35:51.630Z,Bi-Directional Crypto Volatility Chaos
1790732211630,57533.69,57943.83,56675.22,57403.83,257.8,2026-09-30T01:36:51.630Z,Bi-Directional Crypto Volatility Chaos
1790732271630,57403.83,58097.43,56887.98,57180.12,645.5,2026-09-30T01:37:51.630Z,Bi-Directional Crypto Volatility Chaos
1790732331630,57180.12,57316.21,56815.84,57265.19,497.8,2026-09-30T01:38:51.630Z,Bi-Directional Crypto Volatility Chaos
1790732391630,57265.19,57327.44,56292.05,57090.1,159.1,2026-09-30T01:39:51.630Z,Bi-Directional Crypto Volatility Chaos
1790732451630,57090.1,57404.19,55955.39,57175.86,479.7,2026-09-30T01:40:51.630Z,Bi-Directional Crypto Volatility Chaos
1790732511630,57175.86,59416.1,56031.44,58871.54,887.4,2026-09-30T01:41:51.630Z,Bi-Directional Crypto Volatility Chaos
1790732571630,58871.54,59821.16,56640.01,56982.41,732,2026-09-30T01:42:51.630Z,Bi-Directional Crypto Volatility Chaos
1790732631630,56982.41,57460.46,56825.89,56871.76,263.8,2026-09-30T01:43:51.630Z,Bi-Directional Crypto Volatility Chaos
1790732691630,56871.76,56983.92,56166.73,56682.73,610,2026-09-30T01:44:51.630Z,Bi-Directional Crypto Volatility Chaos
1790732751630,56682.73,57552.32,54147.23,54576.81,765.7,2026-09-30T01:45:51.630Z,Bi-Directional Crypto Volatility Chaos
1790732811630,54576.81,54850.24,54266.98,54800.81,533.4,2026-09-30T01:46:51.630Z,Bi-Directional Crypto Volatility Chaos
1790732871630,54800.81,56669.82,54786.3,56244.41,574.8,2026-09-30T01:47:51.630Z,Bi-Directional Crypto Volatility Chaos
1790732931630,56244.41,56692.92,56121.71,56279.45,579.4,2026-09-30T01:48:51.630Z,Bi-Directional Crypto Volatility Chaos
1790732991630,56279.45,56814.67,55289.8,56018.56,586.9,2026-09-30T01:49:51.630Z,Bi-Directional Crypto Volatility Chaos
1790733051630,56018.56,56377.93,55698.79,56051.33,190.7,2026-09-30T01:50:51.630Z,Bi-Directional Crypto Volatility Chaos
1790733111630,56051.33,56072.89,55407.7,55968.81,596,2026-09-30T01:51:51.630Z,Bi-Directional Crypto Volatility Chaos
1790733171630,55968.81,59084.62,55602.1,58703.71,1054.7,2026-09-30T01:52:51.630Z,Bi-Directional Crypto Volatility Chaos
1790733231630,58703.71,59708.52,58078.89,58797.63,265,2026-09-30T01:53:51.630Z,Bi-Directional Crypto Volatility Chaos
1790733291630,58797.63,60207.44,58389.04,59028.6,449,2026-09-30T01:54:51.630Z,Bi-Directional Crypto Volatility Chaos
1790733351630,59028.6,59940.6,58436.22,59207.44,459.2,2026-09-30T01:55:51.630Z,Bi-Directional Crypto Volatility Chaos
1790733411630,59207.44,59209.34,58703.07,58959.77,333.5,2026-09-30T01:56:51.630Z,Bi-Directional Crypto Volatility Chaos
1790733471630,58959.77,59309.54,57554.18,58675.48,521,2026-09-30T01:57:51.630Z,Bi-Directional Crypto Volatility Chaos
1790733531630,58675.48,59020.32,58188.26,58875.5,611.2,2026-09-30T01:58:51.630Z,Bi-Directional Crypto Volatility Chaos
1790733591630,58875.5,59554.57,58458.75,58957.84,278.8,2026-09-30T01:59:51.630Z,Bi-Directional Crypto Volatility Chaos
1790733651630,58957.84,59185.51,57220.3,58327.1,512.2,2026-09-30T02:00:51.630Z,Bi-Directional Crypto Volatility Chaos
1790733711630,58327.1,60062.56,58064.38,58763.54,412.3,2026-09-30T02:01:51.630Z,Bi-Directional Crypto Volatility Chaos
1790733771630,58763.54,61052.66,58352.68,60333.99,592.8,2026-09-30T02:02:51.630Z,Bi-Directional Crypto Volatility Chaos
1790733831630,60333.99,60557.23,59474.26,59767.5,390.7,2026-09-30T02:03:51.630Z,Bi-Directional Crypto Volatility Chaos
1790733891630,59767.5,59861.74,58734.2,59206.49,663.5,2026-09-30T02:04:51.630Z,Bi-Directional Crypto Volatility Chaos
1790733951630,59206.49,59913.25,57658.74,58060.35,627.6,2026-09-30T02:05:51.630Z,Bi-Directional Crypto Volatility Chaos
1790734011630,58060.35,58657.26,57624,57744.88,241.3,2026-09-30T02:06:51.630Z,Bi-Directional Crypto Volatility Chaos
1790734071630,57744.88,59115.42,57405.53,57481.25,335.2,2026-09-30T02:07:51.630Z,Bi-Directional Crypto Volatility Chaos
1790734131630,57481.25,58830.7,56936.77,58535.96,646.4,2026-09-30T02:08:51.630Z,Bi-Directional Crypto Volatility Chaos
1790734191630,58535.96,59925.17,58302.31,59874.32,788.5,2026-09-30T02:09:51.630Z,Bi-Directional Crypto Volatility Chaos
1790734251630,59874.32,60786.78,58925.26,59028.18,599.6,2026-09-30T02:10:51.630Z,Bi-Directional Crypto Volatility Chaos
1790734311630,59028.18,59864.65,57246.21,58178.91,562.9,2026-09-30T02:11:51.630Z,Bi-Directional Crypto Volatility Chaos
1790734371630,58178.91,58293.14,56594.22,57390.6,613,2026-09-30T02:12:51.630Z,Bi-Directional Crypto Volatility Chaos
1790734431630,57390.6,57488.17,56572.64,56581.79,624.9,2026-09-30T02:13:51.630Z,Bi-Directional Crypto Volatility Chaos
1790734491630,56581.79,56691.73,56456.42,56473.24,444.3,2026-09-30T02:14:51.630Z,Bi-Directional Crypto Volatility Chaos
1790734551630,56473.24,57101.97,55855.43,55914.24,540.9,2026-09-30T02:15:51.630Z,Bi-Directional Crypto Volatility Chaos
1790734611630,55914.24,56131.84,55731.43,55943.32,130.4,2026-09-30T02:16:51.630Z,Bi-Directional Crypto Volatility Chaos
1790734671630,55943.32,56930.09,54399.49,55394.54,606.8,2026-09-30T02:17:51.630Z,Bi-Directional Crypto Volatility Chaos
1790734731630,55394.54,56567.88,55389.75,56082.59,570.5,2026-09-30T02:18:51.630Z,Bi-Directional Crypto Volatility Chaos
1790734791630,56082.59,56540.97,54974.55,55157.26,382.6,2026-09-30T02:19:51.630Z,Bi-Directional Crypto Volatility Chaos
1790734851630,55157.26,55172.95,54374.21,54500.78,450.1,2026-09-30T02:20:51.630Z,Bi-Directional Crypto Volatility Chaos
1790734911630,54500.78,55692.08,53372.02,53802.17,406.4,2026-09-30T02:21:51.630Z,Bi-Directional Crypto Volatility Chaos
1790734971630,53802.17,54478.08,52795.44,53213.18,656.4,2026-09-30T02:22:51.630Z,Bi-Directional Crypto Volatility Chaos
1790735031630,53213.18,54245.19,52698.72,52872.75,500.6,2026-09-30T02:23:51.630Z,Bi-Directional Crypto Volatility Chaos
1790735091630,52872.75,53278.59,52136.95,52639.91,191.1,2026-09-30T02:24:51.630Z,Bi-Directional Crypto Volatility Chaos
1790735151630,52639.91,53584.52,51419.01,52238.43,578.2,2026-09-30T02:25:51.630Z,Bi-Directional Crypto Volatility Chaos
1790735211630,52238.43,52379.26,51662.86,51913.24,378,2026-09-30T02:26:51.630Z,Bi-Directional Crypto Volatility Chaos
1790735271630,51913.24,51947.47,50792.18,51891.39,326,2026-09-30T02:27:51.630Z,Bi-Directional Crypto Volatility Chaos
1790735331630,51891.39,52413.14,51136.19,51639.65,647.4,2026-09-30T02:28:51.630Z,Bi-Directional Crypto Volatility Chaos
1790735391630,51639.65,52276.55,50554.09,51756.52,455.2,2026-09-30T02:29:51.630Z,Bi-Directional Crypto Volatility Chaos
1790735451630,51756.52,51849.76,51724.33,51828.52,259.6,2026-09-30T02:30:51.630Z,Bi-Directional Crypto Volatility Chaos
1790735511630,51828.52,52308.1,51131.68,51603.66,226.8,2026-09-30T02:31:51.630Z,Bi-Directional Crypto Volatility Chaos
1790735571630,51603.66,52021.58,50861.82,51782.85,640.7,2026-09-30T02:32:51.630Z,Bi-Directional Crypto Volatility Chaos
1790735631630,51782.85,54239.25,51160.11,54089.3,1227.9,2026-09-30T02:33:51.630Z,Bi-Directional Crypto Volatility Chaos
1790735691630,54089.3,54532.02,53030.33,53070.86,476.6,2026-09-30T02:34:51.630Z,Bi-Directional Crypto Volatility Chaos
1790735751630,53070.86,53393.69,52145.31,52389.4,424.3,2026-09-30T02:35:51.630Z,Bi-Directional Crypto Volatility Chaos
1790735811630,52389.4,52658.89,51000.77,51042.5,835.8,2026-09-30T02:36:51.630Z,Bi-Directional Crypto Volatility Chaos
1790735871630,51042.5,51123.15,49348.39,49775.57,896.5,2026-09-30T02:37:51.630Z,Bi-Directional Crypto Volatility Chaos
1790735931630,49775.57,50715.2,48141.4,48801.84,559.1,2026-09-30T02:38:51.630Z,Bi-Directional Crypto Volatility Chaos
1790735991630,48801.84,48833.4,47756.55,48041.54,456.6,2026-09-30T02:39:51.630Z,Bi-Directional Crypto Volatility Chaos
1790736051630,48041.54,48575.15,47227.55,47436.55,526.3,2026-09-30T02:40:51.630Z,Bi-Directional Crypto Volatility Chaos
1790736111630,47436.55,47698.43,46931.35,47175.84,189.5,2026-09-30T02:41:51.630Z,Bi-Directional Crypto Volatility Chaos
1790736171630,47175.84,47415.04,46479.87,46792.2,438.5,2026-09-30T02:42:51.630Z,Bi-Directional Crypto Volatility Chaos
1790736231630,46792.2,47392,46206.73,47071.21,676.9,2026-09-30T02:43:51.630Z,Bi-Directional Crypto Volatility Chaos
1790736291630,47071.21,47247.52,45574.72,45828.01,727.2,2026-09-30T02:44:51.630Z,Bi-Directional Crypto Volatility Chaos
1790736351630,45828.01,46381.71,44263.45,44674.19,550.5,2026-09-30T02:45:51.630Z,Bi-Directional Crypto Volatility Chaos
1790736411630,44674.19,44774.92,43059.57,43811.96,516.1,2026-09-30T02:46:51.630Z,Bi-Directional Crypto Volatility Chaos
1790736471630,43811.96,44068.31,42428.09,43262.56,330.8,2026-09-30T02:47:51.630Z,Bi-Directional Crypto Volatility Chaos
1790736531630,43262.56,43428.96,42824.82,42959.84,227.4,2026-09-30T02:48:51.630Z,Bi-Directional Crypto Volatility Chaos
1790736591630,42959.84,43371.97,41508.08,42534.48,447.3,2026-09-30T02:49:51.630Z,Bi-Directional Crypto Volatility Chaos
1790736651630,42534.48,43253.57,41391.39,42159.07,545.3,2026-09-30T02:50:51.630Z,Bi-Directional Crypto Volatility Chaos
1790736711630,42159.07,42179.12,41477.16,41760.62,568.6,2026-09-30T02:51:51.630Z,Bi-Directional Crypto Volatility Chaos
1790736771630,41760.62,42060.68,40557.01,40658.53,582.7,2026-09-30T02:52:51.630Z,Bi-Directional Crypto Volatility Chaos
1790736831630,40658.53,41223.14,39555.38,39709.85,776.6,2026-09-30T02:53:51.630Z,Bi-Directional Crypto Volatility Chaos
1790736891630,39709.85,39737.9,38800.59,39118.14,482.2,2026-09-30T02:54:51.630Z,Bi-Directional Crypto Volatility Chaos
1790736951630,39118.14,39297.53,38523.06,38814.21,251.3,2026-09-30T02:55:51.630Z,Bi-Directional Crypto Volatility Chaos
1790737011630,38814.21,38920.32,38507.67,38555.87,559.9,2026-09-30T02:56:51.630Z,Bi-Directional Crypto Volatility Chaos
1790737071630,38555.87,38628.12,38259.22,38392.52,247.8,2026-09-30T02:57:51.630Z,Bi-Directional Crypto Volatility Chaos
1790737131630,38392.52,38434.07,37688.89,37860.15,799.7,2026-09-30T02:58:51.630Z,Bi-Directional Crypto Volatility Chaos
1790737191630,37860.15,37969.13,37090.69,37447.41,299.7,2026-09-30T02:59:51.630Z,Bi-Directional Crypto Volatility Chaos
1790737251630,37447.41,37945.17,37136.78,37760.41,361.3,2026-09-30T03:00:51.630Z,Bi-Directional Crypto Volatility Chaos
1790737311630,37760.41,38417.67,37466,38225.52,591.2,2026-09-30T03:01:51.630Z,Bi-Directional Crypto Volatility Chaos
1790737371630,38225.52,38462.03,37200.72,37297.9,704,2026-09-30T03:02:51.630Z,Bi-Directional Crypto Volatility Chaos
1790737431630,37297.9,38298.07,36742.49,37587.14,422,2026-09-30T03:03:51.630Z,Bi-Directional Crypto Volatility Chaos
1790737491630,37587.14,37943.96,37502.54,37874.57,470.6,2026-09-30T03:04:51.630Z,Bi-Directional Crypto Volatility Chaos
1790737551630,37874.57,38719.24,37833.42,38078.18,615.5,2026-09-30T03:05:51.630Z,Bi-Directional Crypto Volatility Chaos
1790737611630,38078.18,39999.01,37910.64,39526.95,821.7,2026-09-30T03:06:51.630Z,Bi-Directional Crypto Volatility Chaos
1790737671630,39526.95,40018.38,38692.99,38933.54,557.4,2026-09-30T03:07:51.630Z,Bi-Directional Crypto Volatility Chaos
1790737731630,38933.54,39429.43,38540.62,39155.65,389.7,2026-09-30T03:08:51.630Z,Bi-Directional Crypto Volatility Chaos
1790737791630,39155.65,39597.92,38922.24,39465.18,682.8,2026-09-30T03:09:51.630Z,Bi-Directional Crypto Volatility Chaos
1790737851630,39465.18,39757.11,39017.59,39685.45,569,2026-09-30T03:10:51.630Z,Bi-Directional Crypto Volatility Chaos
1790737911630,39685.45,39696.58,38740.34,38915.34,770.6,2026-09-30T03:11:51.630Z,Bi-Directional Crypto Volatility Chaos
1790737971630,38915.34,40083.38,38745.46,39653.66,387.5,2026-09-30T03:12:51.630Z,Bi-Directional Crypto Volatility Chaos
1790738031630,39653.66,41344.61,39213.47,40505.22,517.7,2026-09-30T03:13:51.630Z,Bi-Directional Crypto Volatility Chaos
1790738091630,40505.22,41193.55,40450.66,40989.11,484.6,2026-09-30T03:14:51.630Z,Bi-Directional Crypto Volatility Chaos
1790738151630,40989.11,41505.56,40705.12,41241.8,279.2,2026-09-30T03:15:51.630Z,Bi-Directional Crypto Volatility Chaos
1790738211630,41241.8,41799.28,41167.56,41454.97,531.1,2026-09-30T03:16:51.630Z,Bi-Directional Crypto Volatility Chaos
1790738271630,41454.97,42254.76,41332.7,41906.3,688.9,2026-09-30T03:17:51.630Z,Bi-Directional Crypto Volatility Chaos
1790738331630,41906.3,43066.81,41685.48,42079.59,645.7,2026-09-30T03:18:51.630Z,Bi-Directional Crypto Volatility Chaos
1790738391630,42079.59,42165.18,40865.1,41125.3,671.8,2026-09-30T03:19:51.630Z,Bi-Directional Crypto Volatility Chaos
1790738451630,41125.3,41703.7,40694.42,41294.23,573.4,2026-09-30T03:20:51.630Z,Bi-Directional Crypto Volatility Chaos
1790738511630,41294.23,42311.81,40719.89,41673.89,347.6,2026-09-30T03:21:51.630Z,Bi-Directional Crypto Volatility Chaos
1790738571630,41673.89,42035.27,40780.19,41706.49,591.6,2026-09-30T03:22:51.630Z,Bi-Directional Crypto Volatility Chaos
1790738631630,41706.49,42615.75,41533.73,41994.9,317.6,2026-09-30T03:23:51.630Z,Bi-Directional Crypto Volatility Chaos
1790738691630,41994.9,42568.58,41784.74,42000.62,193.9,2026-09-30T03:24:51.630Z,Bi-Directional Crypto Volatility Chaos
1790738751630,42000.62,42004.81,41432.96,41866.25,357.5,2026-09-30T03:25:51.630Z,Bi-Directional Crypto Volatility Chaos
1790738811630,41866.25,42423.55,41407.4,42036.12,268.3,2026-09-30T03:26:51.630Z,Bi-Directional Crypto Volatility Chaos
1790738871630,42036.12,42675.81,41402.14,41976.88,167.4,2026-09-30T03:27:51.630Z,Bi-Directional Crypto Volatility Chaos
1790738931630,41976.88,42615.59,40687.65,40736.94,908.8,2026-09-30T03:28:51.630Z,Bi-Directional Crypto Volatility Chaos
1790738991630,40736.94,41188.37,40337.9,40768.98,581.2,2026-09-30T03:29:51.630Z,Bi-Directional Crypto Volatility Chaos
1790739051630,40768.98,41329.52,40642.72,41036.65,524.8,2026-09-30T03:30:51.630Z,Bi-Directional Crypto Volatility Chaos
1790739111630,41036.65,42407.1,40579.52,41592.71,441.7,2026-09-30T03:31:51.630Z,Bi-Directional Crypto Volatility Chaos
1790739171630,41592.71,42127.48,41250.67,41990.51,546,2026-09-30T03:32:51.630Z,Bi-Directional Crypto Volatility Chaos
1790739231630,41990.51,42742.28,41677.5,42064.73,592.9,2026-09-30T03:33:51.630Z,Bi-Directional Crypto Volatility Chaos
1790739291630,42064.73,42931.68,41753.07,42530.21,707.7,2026-09-30T03:34:51.630Z,Bi-Directional Crypto Volatility Chaos
1790739351630,42530.21,42965.61,42041.78,42757.95,378.9,2026-09-30T03:35:51.630Z,Bi-Directional Crypto Volatility Chaos
1790739411630,42757.95,43155.25,42275.05,43021.68,400.6,2026-09-30T03:36:51.630Z,Bi-Directional Crypto Volatility Chaos
1790739471630,43021.68,43329.47,43006.24,43200.67,173.6,2026-09-30T03:37:51.630Z,Bi-Directional Crypto Volatility Chaos
1790739531630,43200.67,43755.86,42357.64,43524.31,434.9,2026-09-30T03:38:51.630Z,Bi-Directional Crypto Volatility Chaos
1790739591630,43524.31,44073.19,42915.74,42947.26,517.7,2026-09-30T03:39:51.630Z,Bi-Directional Crypto Volatility Chaos
1790739651630,42947.26,43516.78,42177.09,42394.72,547.2,2026-09-30T03:40:51.630Z,Bi-Directional Crypto Volatility Chaos
1790739711630,42394.72,42983.81,39820.98,39975.44,1168,2026-09-30T03:41:51.630Z,Bi-Directional Crypto Volatility Chaos
1790739771630,39975.44,40377.95,39375.46,39660.88,698.5,2026-09-30T03:42:51.630Z,Bi-Directional Crypto Volatility Chaos
1790739831630,39660.88,39727.2,39251.91,39488.61,304.8,2026-09-30T03:43:51.630Z,Bi-Directional Crypto Volatility Chaos
1790739891630,39488.61,39892.48,38652.76,39138.23,379.8,2026-09-30T03:44:51.630Z,Bi-Directional Crypto Volatility Chaos
1790739951630,39138.23,39576.88,38517.89,38724.17,464.2,2026-09-30T03:45:51.630Z,Bi-Directional Crypto Volatility Chaos
1790740011630,38724.17,38890.8,38211.94,38528.46,454,2026-09-30T03:46:51.630Z,Bi-Directional Crypto Volatility Chaos
1790740071630,38528.46,38597.43,38103.97,38538.65,321.4,2026-09-30T03:47:51.630Z,Bi-Directional Crypto Volatility Chaos
1790740131630,38538.65,38833.08,37650.66,38404.91,534.9,2026-09-30T03:48:51.630Z,Bi-Directional Crypto Volatility Chaos
1790740191630,38404.91,38917.27,38020.68,38305.33,528.7,2026-09-30T03:49:51.630Z,Bi-Directional Crypto Volatility Chaos
1790740251630,38305.33,38338.07,38049.59,38270.26,209.1,2026-09-30T03:50:51.630Z,Bi-Directional Crypto Volatility Chaos
1790740311630,38270.26,38752.39,37515.18,37984.7,279.7,2026-09-30T03:51:51.630Z,Bi-Directional Crypto Volatility Chaos
1790740371630,37984.7,38350.38,37963.06,37996.51,561.8,2026-09-30T03:52:51.630Z,Bi-Directional Crypto Volatility Chaos
1790740431630,37996.51,38457,37715.02,37811.54,600.6,2026-09-30T03:53:51.630Z,Bi-Directional Crypto Volatility Chaos
1790740491630,37811.54,38450.15,37398.99,37686.3,354,2026-09-30T03:54:51.630Z,Bi-Directional Crypto Volatility Chaos
1790740551630,37686.3,38692.92,37347.03,38304.44,779.2,2026-09-30T03:55:51.630Z,Bi-Directional Crypto Volatility Chaos
1790740611630,38304.44,38712.98,38011.81,38407.85,530.7,2026-09-30T03:56:51.630Z,Bi-Directional Crypto Volatility Chaos
1790740671630,38407.85,38426.39,37708.13,38325.96,318.5,2026-09-30T03:57:51.630Z,Bi-Directional Crypto Volatility Chaos
1790740731630,38325.96,38642.2,38156.5,38215.94,510.7,2026-09-30T03:58:51.630Z,Bi-Directional Crypto Volatility Chaos
1790740791630,38215.94,38333.9,37965.83,38293.6,305.3,2026-09-30T03:59:51.630Z,Bi-Directional Crypto Volatility Chaos
1790740851630,38293.6,38457.18,38066.07,38134.8,501.5,2026-09-30T04:00:51.630Z,Bi-Directional Crypto Volatility Chaos
1790740911630,38134.8,38631.34,37973.42,38069.79,505.6,2026-09-30T04:01:51.630Z,Bi-Directional Crypto Volatility Chaos
1790740971630,38069.79,38793.7,37699.41,38272.22,575.9,2026-09-30T04:02:51.630Z,Bi-Directional Crypto Volatility Chaos
1790741031630,38272.22,38327.62,38172.8,38280.26,500.8,2026-09-30T04:03:51.630Z,Bi-Directional Crypto Volatility Chaos
1790741091630,38280.26,38525.24,37772.36,38463.07,535.7,2026-09-30T04:04:51.630Z,Bi-Directional Crypto Volatility Chaos
1790741151630,38463.07,38712.53,38129.01,38554.86,186.1,2026-09-30T04:05:51.630Z,Bi-Directional Crypto Volatility Chaos
1790741211630,38554.86,38712.95,37968.14,38380.92,395,2026-09-30T04:06:51.630Z,Bi-Directional Crypto Volatility Chaos
1790741271630,38380.92,38506.14,36675.65,36711.96,1023,2026-09-30T04:07:51.630Z,Bi-Directional Crypto Volatility Chaos
1790741331630,36711.96,36793.09,36264.88,36778.16,208.5,2026-09-30T04:08:51.630Z,Bi-Directional Crypto Volatility Chaos
1790741391630,36778.16,37151.44,36031.36,36584.6,503,2026-09-30T04:09:51.630Z,Bi-Directional Crypto Volatility Chaos
1790741451630,36584.6,36678.88,36162.28,36670.74,618.7,2026-09-30T04:10:51.630Z,Bi-Directional Crypto Volatility Chaos
1790741511630,36670.74,36838.24,36169.87,36539.68,190.9,2026-09-30T04:11:51.630Z,Bi-Directional Crypto Volatility Chaos
1790741571630,36539.68,37477.84,35657.63,37343.71,650.1,2026-09-30T04:12:51.630Z,Bi-Directional Crypto Volatility Chaos
1790741631630,37343.71,39909.18,37146.45,39605.41,1270.8,2026-09-30T04:13:51.630Z,Bi-Directional Crypto Volatility Chaos
1790741691630,39605.41,40819.75,39305.42,40579.25,665,2026-09-30T04:14:51.630Z,Bi-Directional Crypto Volatility Chaos
1790741751630,40579.25,41531.82,40190.86,41213.39,570.7,2026-09-30T04:15:51.630Z,Bi-Directional Crypto Volatility Chaos
1790741811630,41213.39,42121.67,41014.9,42012.81,830.4,2026-09-30T04:16:51.630Z,Bi-Directional Crypto Volatility Chaos
1790741871630,42012.81,43101.7,41731.84,42421.13,607.8,2026-09-30T04:17:51.630Z,Bi-Directional Crypto Volatility Chaos
1790741931630,42421.13,44787.99,41897.18,44541.13,875,2026-09-30T04:18:51.630Z,Bi-Directional Crypto Volatility Chaos
1790741991630,44541.13,46508.34,43750.19,46239.28,964,2026-09-30T04:19:51.630Z,Bi-Directional Crypto Volatility Chaos
1790742051630,46239.28,47266.12,46234.87,46852.28,351.9,2026-09-30T04:20:51.630Z,Bi-Directional Crypto Volatility Chaos
1790742111630,46852.28,48414.74,46579.32,47660.23,718.4,2026-09-30T04:21:51.630Z,Bi-Directional Crypto Volatility Chaos
1790742171630,47660.23,48567.08,47357.7,48396.44,685.1,2026-09-30T04:22:51.630Z,Bi-Directional Crypto Volatility Chaos
1790742231630,48396.44,49126.75,47841.89,48789.82,551.8,2026-09-30T04:23:51.630Z,Bi-Directional Crypto Volatility Chaos
1790742291630,48789.82,49423.39,48447.19,48924.5,206.3,2026-09-30T04:24:51.630Z,Bi-Directional Crypto Volatility Chaos
1790742351630,48924.5,50197.94,48223.27,49419.99,654.2,2026-09-30T04:25:51.630Z,Bi-Directional Crypto Volatility Chaos
1790742411630,49419.99,49955.11,47321.97,47892.11,850.8,2026-09-30T04:26:51.630Z,Bi-Directional Crypto Volatility Chaos
1790742471630,47892.11,48273.58,47432.35,48237.41,291.6,2026-09-30T04:27:51.630Z,Bi-Directional Crypto Volatility Chaos
1790742531630,48237.41,48512.59,47988.23,48184.39,270.3,2026-09-30T04:28:51.630Z,Bi-Directional Crypto Volatility Chaos
1790742591630,48184.39,48617.86,46541.23,46962.41,813,2026-09-30T04:29:51.630Z,Bi-Directional Crypto Volatility Chaos
1790742651630,46962.41,47688.28,45303.23,45944.52,844.7,2026-09-30T04:30:51.630Z,Bi-Directional Crypto Volatility Chaos
1790742711630,45944.52,46858.42,43331.19,43745.65,881,2026-09-30T04:31:51.630Z,Bi-Directional Crypto Volatility Chaos
1790742771630,43745.65,43988.26,42771.01,43135.72,493.3,2026-09-30T04:32:51.630Z,Bi-Directional Crypto Volatility Chaos
1790742831630,43135.72,43958.1,42180.29,42889.38,330.5,2026-09-30T04:33:51.630Z,Bi-Directional Crypto Volatility Chaos
1790742891630,42889.38,43414.94,40110.96,40517.63,1309,2026-09-30T04:34:51.630Z,Bi-Directional Crypto Volatility Chaos
1790742951630,40517.63,41731.68,39511.53,41486.55,490.7,2026-09-30T04:35:51.630Z,Bi-Directional Crypto Volatility Chaos
1790743011630,41486.55,41752.19,41221.06,41366.66,604.9,2026-09-30T04:36:51.630Z,Bi-Directional Crypto Volatility Chaos
1790743071630,41366.66,42182.73,40647.64,41183.18,492.3,2026-09-30T04:37:51.630Z,Bi-Directional Crypto Volatility Chaos
1790743131630,41183.18,41679.8,39411.33,39493.41,1183.6,2026-09-30T04:38:51.630Z,Bi-Directional Crypto Volatility Chaos
1790743191630,39493.41,39591.9,38954.01,39436.11,607.8,2026-09-30T04:39:51.630Z,Bi-Directional Crypto Volatility Chaos
1790743251630,39436.11,39598.37,38367.72,39078.99,260.8,2026-09-30T04:40:51.630Z,Bi-Directional Crypto Volatility Chaos
1790743311630,39078.99,39120.97,38581.74,38787.96,592.2,2026-09-30T04:41:51.630Z,Bi-Directional Crypto Volatility Chaos
1790743371630,38787.96,39022.21,38312.65,38705.11,625.3,2026-09-30T04:42:51.630Z,Bi-Directional Crypto Volatility Chaos
1790743431630,38705.11,38984.53,37880.74,38842.7,591.2,2026-09-30T04:43:51.630Z,Bi-Directional Crypto Volatility Chaos
1790743491630,38842.7,39808.88,38598.84,39720,762.8,2026-09-30T04:44:51.630Z,Bi-Directional Crypto Volatility Chaos
1790743551630,39720,40620.99,39569.42,40505.55,649.7,2026-09-30T04:45:51.630Z,Bi-Directional Crypto Volatility Chaos
1790743611630,40505.55,41069.23,39793.31,40898.03,739.5,2026-09-30T04:46:51.630Z,Bi-Directional Crypto Volatility Chaos
1790743671630,40898.03,41937.86,40476.99,41331.76,364.5,2026-09-30T04:47:51.630Z,Bi-Directional Crypto Volatility Chaos
1790743731630,41331.76,41660.7,40119.23,40658.7,605.3,2026-09-30T04:48:51.630Z,Bi-Directional Crypto Volatility Chaos
1790743791630,40658.7,40977.8,38806.66,39742.25,782.8,2026-09-30T04:49:51.630Z,Bi-Directional Crypto Volatility Chaos
1790743851630,39742.25,39776.78,38466.01,39040.55,372.6,2026-09-30T04:50:51.630Z,Bi-Directional Crypto Volatility Chaos
1790743911630,39040.55,39131.13,37766.36,38395.49,431.1,2026-09-30T04:51:51.630Z,Bi-Directional Crypto Volatility Chaos
1790743971630,38395.49,38707.94,37952.29,38067.24,274.9,2026-09-30T04:52:51.630Z,Bi-Directional Crypto Volatility Chaos
1790744031630,38067.24,38322.06,37281.84,37672.89,576.5,2026-09-30T04:53:51.630Z,Bi-Directional Crypto Volatility Chaos
1790744091630,37672.89,37736.52,36738.92,37313.68,638.9,2026-09-30T04:54:51.630Z,Bi-Directional Crypto Volatility Chaos
1790744151630,37313.68,38454.76,37072.64,37998.62,623.5,2026-09-30T04:55:51.630Z,Bi-Directional Crypto Volatility Chaos
1790744211630,37998.62,38485.8,37458.21,37461.79,487.6,2026-09-30T04:56:51.630Z,Bi-Directional Crypto Volatility Chaos
1790744271630,37461.79,38211.71,36853.9,37938.55,712.1,2026-09-30T04:57:51.630Z,Bi-Directional Crypto Volatility Chaos
1790744331630,37938.55,38963.78,37882.11,38505.89,359.2,2026-09-30T04:58:51.630Z,Bi-Directional Crypto Volatility Chaos
1790744391630,38505.89,39047.24,37908.95,38864.05,564.5,2026-09-30T04:59:51.630Z,Bi-Directional Crypto Volatility Chaos
1790744451630,38864.05,39663.76,38312.69,39415.74,440.6,2026-09-30T05:00:51.630Z,Bi-Directional Crypto Volatility Chaos
1790744511630,39415.74,40380.64,38803.5,40108.07,466.1,2026-09-30T05:01:51.630Z,Bi-Directional Crypto Volatility Chaos
1790744571630,40108.07,40929.14,39907.49,40652.47,590,2026-09-30T05:02:51.630Z,Bi-Directional Crypto Volatility Chaos
1790744631630,40652.47,41329.79,39679.95,40988.3,677.8,2026-09-30T05:03:51.630Z,Bi-Directional Crypto Volatility Chaos
1790744691630,40988.3,41299.57,40431.67,41127.06,171,2026-09-30T05:04:51.630Z,Bi-Directional Crypto Volatility Chaos
1790744751630,41127.06,42262.09,40994.47,41653.24,487.2,2026-09-30T05:05:51.630Z,Bi-Directional Crypto Volatility Chaos
1790744811630,41653.24,42233.63,41282.89,41929.99,601.4,2026-09-30T05:06:51.630Z,Bi-Directional Crypto Volatility Chaos
1790744871630,41929.99,42538.12,41922.02,42300.14,300.2,2026-09-30T05:07:51.630Z,Bi-Directional Crypto Volatility Chaos
1790744931630,42300.14,42579.55,42173.74,42350.72,202.8,2026-09-30T05:08:51.630Z,Bi-Directional Crypto Volatility Chaos
1790744991630,42350.72,44069.42,42186.09,43839.42,1068.1,2026-09-30T05:09:51.630Z,Bi-Directional Crypto Volatility Chaos
1790745051630,43839.42,44723.77,43135.4,43806.31,382.2,2026-09-30T05:10:51.630Z,Bi-Directional Crypto Volatility Chaos
1790745111630,43806.31,45465.42,43500.24,45238.73,1062.4,2026-09-30T05:11:51.630Z,Bi-Directional Crypto Volatility Chaos
1790745171630,45238.73,46103.79,44951.78,45578.83,474.8,2026-09-30T05:12:51.630Z,Bi-Directional Crypto Volatility Chaos
1790745231630,45578.83,46186.28,45302.46,45510.89,515.1,2026-09-30T05:13:51.630Z,Bi-Directional Crypto Volatility Chaos
1790745291630,45510.89,46358.78,45079.77,45744.52,333.8,2026-09-30T05:14:51.630Z,Bi-Directional Crypto Volatility Chaos
1790745351630,45744.52,46091.28,44566.97,44805.65,754.2,2026-09-30T05:15:51.630Z,Bi-Directional Crypto Volatility Chaos
1790745411630,44805.65,45432.25,44032.81,45060.74,405.2,2026-09-30T05:16:51.630Z,Bi-Directional Crypto Volatility Chaos
1790745471630,45060.74,45286.21,44436.06,44528.53,569.6,2026-09-30T05:17:51.630Z,Bi-Directional Crypto Volatility Chaos
1790745531630,44528.53,44974.53,43691.16,43953.58,564.3,2026-09-30T05:18:51.630Z,Bi-Directional Crypto Volatility Chaos
1790745591630,43953.58,44012.04,42844.74,43379.63,306,2026-09-30T05:19:51.630Z,Bi-Directional Crypto Volatility Chaos
1790745651630,43379.63,43420.46,42604.27,42921.29,613,2026-09-30T05:20:51.630Z,Bi-Directional Crypto Volatility Chaos
1790745711630,42921.29,44102.56,42421.12,43889.26,466.8,2026-09-30T05:21:51.630Z,Bi-Directional Crypto Volatility Chaos
1790745771630,43889.26,44866.49,43624.06,44665.07,417.4,2026-09-30T05:22:51.630Z,Bi-Directional Crypto Volatility Chaos
1790745831630,44665.07,46520.9,44581.21,46401.21,1094.4,2026-09-30T05:23:51.630Z,Bi-Directional Crypto Volatility Chaos
1790745891630,46401.21,47802.83,46389.42,47024.68,721,2026-09-30T05:24:51.630Z,Bi-Directional Crypto Volatility Chaos
1790745951630,47024.68,47826.1,46447.75,47485.53,261.7,2026-09-30T05:25:51.630Z,Bi-Directional Crypto Volatility Chaos
1790746011630,47485.53,48341.16,46785.08,48043.09,461.4,2026-09-30T05:26:51.630Z,Bi-Directional Crypto Volatility Chaos
1790746071630,48043.09,49693.33,47975.08,49016.64,409.4,2026-09-30T05:27:51.630Z,Bi-Directional Crypto Volatility Chaos
1790746131630,49016.64,49313.54,47142.73,48228.43,518.5,2026-09-30T05:28:51.630Z,Bi-Directional Crypto Volatility Chaos
1790746191630,48228.43,48314.4,45255.5,45743.8,1202.5,2026-09-30T05:29:51.630Z,Bi-Directional Crypto Volatility Chaos
1790746251630,45743.8,45978.46,44805.05,45238.96,293.6,2026-09-30T05:30:51.630Z,Bi-Directional Crypto Volatility Chaos
1790746311630,45238.96,45916.27,44487.47,44777.46,463,2026-09-30T05:31:51.630Z,Bi-Directional Crypto Volatility Chaos
1790746371630,44777.46,45614.58,43863,44163.9,435.2,2026-09-30T05:32:51.630Z,Bi-Directional Crypto Volatility Chaos
1790746431630,44163.9,44490.68,43143.73,43829.38,288.2,2026-09-30T05:33:51.630Z,Bi-Directional Crypto Volatility Chaos
1790746491630,43829.38,44293.43,43043.03,43478.29,267.3,2026-09-30T05:34:51.630Z,Bi-Directional Crypto Volatility Chaos
1790746551630,43478.29,43528.65,43394.97,43451.75,548.4,2026-09-30T05:35:51.630Z,Bi-Directional Crypto Volatility Chaos
1790746611630,43451.75,43864.09,42936.04,43297.56,523.6,2026-09-30T05:36:51.630Z,Bi-Directional Crypto Volatility Chaos
1790746671630,43297.56,43377.68,42587.62,43294.7,376.1,2026-09-30T05:37:51.630Z,Bi-Directional Crypto Volatility Chaos
1790746731630,43294.7,43549.77,40694.14,41165.68,1080.3,2026-09-30T05:38:51.630Z,Bi-Directional Crypto Volatility Chaos
1790746791630,41165.68,41424.41,39909.1,40135.02,746.7,2026-09-30T05:39:51.630Z,Bi-Directional Crypto Volatility Chaos
1790746851630,40135.02,40139.07,38060.37,38410.44,864.9,2026-09-30T05:40:51.630Z,Bi-Directional Crypto Volatility Chaos
1790746911630,38410.44,39930.42,38398.7,39627.28,1032.3,2026-09-30T05:41:51.630Z,Bi-Directional Crypto Volatility Chaos
1790746971630,39627.28,40212.23,39505.96,39599.58,262.5,2026-09-30T05:42:51.630Z,Bi-Directional Crypto Volatility Chaos
1790747031630,39599.58,39798.3,39332.54,39435.24,422.2,2026-09-30T05:43:51.630Z,Bi-Directional Crypto Volatility Chaos
1790747091630,39435.24,39518.98,38974.17,39477.8,339.2,2026-09-30T05:44:51.630Z,Bi-Directional Crypto Volatility Chaos
1790747151630,39477.8,40565.02,39455.43,39649.16,658.6,2026-09-30T05:45:51.630Z,Bi-Directional Crypto Volatility Chaos
1790747211630,39649.16,39922.84,39329.64,39755.58,459,2026-09-30T05:46:51.630Z,Bi-Directional Crypto Volatility Chaos
1790747271630,39755.58,40568.13,39753.33,39828.48,303,2026-09-30T05:47:51.630Z,Bi-Directional Crypto Volatility Chaos
1790747331630,39828.48,40063.46,39622.27,39783.37,482.7,2026-09-30T05:48:51.630Z,Bi-Directional Crypto Volatility Chaos
1790747391630,39783.37,40065.82,39311.41,40000.4,651.8,2026-09-30T05:49:51.630Z,Bi-Directional Crypto Volatility Chaos
1790747451630,40000.4,40769.48,39551.17,39932.61,330.9,2026-09-30T05:50:51.630Z,Bi-Directional Crypto Volatility Chaos
1790747511630,39932.61,40300.8,39857.22,40144.73,634.6,2026-09-30T05:51:51.630Z,Bi-Directional Crypto Volatility Chaos
1790747571630,40144.73,40222.38,39875.22,40120.83,325.1,2026-09-30T05:52:51.630Z,Bi-Directional Crypto Volatility Chaos
1790747631630,40120.83,40762.38,39098.18,39972.7,560.5,2026-09-30T05:53:51.630Z,Bi-Directional Crypto Volatility Chaos
1790747691630,39972.7,40726.38,39880.82,40111.06,628.9,2026-09-30T05:54:51.630Z,Bi-Directional Crypto Volatility Chaos
1790747751630,40111.06,40437.39,38730.26,39111.4,572.9,2026-09-30T05:55:51.630Z,Bi-Directional Crypto Volatility Chaos
1790747811630,39111.4,39337.56,38474.34,39326.17,372.7,2026-09-30T05:56:51.630Z,Bi-Directional Crypto Volatility Chaos
1790747871630,39326.17,39965.4,38929.04,39175.33,581,2026-09-30T05:57:51.630Z,Bi-Directional Crypto Volatility Chaos
1790747931630,39175.33,39358.97,38855.03,39050.41,530.5,2026-09-30T05:58:51.630Z,Bi-Directional Crypto Volatility Chaos
1790747991630,39050.41,39818.84,38950.22,39266.89,506.8,2026-09-30T05:59:51.630Z,Bi-Directional Crypto Volatility Chaos
1790748051630,39266.89,39894.31,38755.17,39887.18,763.9,2026-09-30T06:00:51.630Z,Bi-Directional Crypto Volatility Chaos
1790748111630,39887.18,41057.93,39633.27,40759.71,701.2,2026-09-30T06:01:51.630Z,Bi-Directional Crypto Volatility Chaos
1790748171630,40759.71,41692.8,40755.58,41398.07,339.7,2026-09-30T06:02:51.630Z,Bi-Directional Crypto Volatility Chaos
1790748231630,41398.07,42630.03,41230.83,41885.85,711.6,2026-09-30T06:03:51.630Z,Bi-Directional Crypto Volatility Chaos
1790748291630,41885.85,43071.87,41674.59,42563.07,675,2026-09-30T06:04:51.630Z,Bi-Directional Crypto Volatility Chaos
1790748351630,42563.07,43315.28,42321.2,43181.06,620.1,2026-09-30T06:05:51.630Z,Bi-Directional Crypto Volatility Chaos
1790748411630,43181.06,44499.47,43162.01,43516.42,433.9,2026-09-30T06:06:51.630Z,Bi-Directional Crypto Volatility Chaos
1790748471630,43516.42,44092.88,43373.97,44011.76,452.7,2026-09-30T06:07:51.630Z,Bi-Directional Crypto Volatility Chaos
1790748531630,44011.76,46891.11,43417.67,46127.87,1164,2026-09-30T06:08:51.630Z,Bi-Directional Crypto Volatility Chaos
1790748591630,46127.87,46638.24,44269.05,44611.89,779.5,2026-09-30T06:09:51.630Z,Bi-Directional Crypto Volatility Chaos
1790748651630,44611.89,45097.5,44160.37,44942.4,583.1,2026-09-30T06:10:51.630Z,Bi-Directional Crypto Volatility Chaos
1790748711630,44942.4,45541.16,44187.23,45370.67,325,2026-09-30T06:11:51.630Z,Bi-Directional Crypto Volatility Chaos
1790748771630,45370.67,47086.61,44549.99,46454.67,531.1,2026-09-30T06:12:51.630Z,Bi-Directional Crypto Volatility Chaos
1790748831630,46454.67,48042.42,46300.49,47520.09,807.3,2026-09-30T06:13:51.630Z,Bi-Directional Crypto Volatility Chaos
1790748891630,47520.09,48962.57,46795.63,48286.44,658.8,2026-09-30T06:14:51.630Z,Bi-Directional Crypto Volatility Chaos
1790748951630,48286.44,49372.4,47355.3,48977.56,536.9,2026-09-30T06:15:51.630Z,Bi-Directional Crypto Volatility Chaos
1790749011630,48977.56,49798.87,48430.67,49747.88,459.5,2026-09-30T06:16:51.630Z,Bi-Directional Crypto Volatility Chaos
1790749071630,49747.88,51068.15,49315.27,50435.91,441.3,2026-09-30T06:17:51.630Z,Bi-Directional Crypto Volatility Chaos
1790749131630,50435.91,51487.43,49897.68,51178.78,644.8,2026-09-30T06:18:51.630Z,Bi-Directional Crypto Volatility Chaos
1790749191630,51178.78,51670.23,50376.28,51600.22,386.8,2026-09-30T06:19:51.630Z,Bi-Directional Crypto Volatility Chaos